{
  "type": "FeatureCollection",
  "name": "Lake Tinaroo reservoir and Tinaroo Falls Dam wall",
  "source": "Queensland Government spatial services, retrieved 2026-07-27",
  "features": [
    {
      "type": "Feature",
      "geometry": {
        "type": "Polygon",
        "coordinates": [
          [
            [
              145.6196671950002,
              -17.131829226468206
            ],
            [
              145.61979219500023,
              -17.131454226468207
            ],
            [
              145.61994219500022,
              -17.13134722646819
            ],
            [
              145.62022069500023,
              -17.13134022646821
            ],
            [
              145.62040269500022,
              -17.13121872646824
            ],
            [
              145.6204136950002,
              -17.13088472646824
            ],
            [
              145.62029169500025,
              -17.130795226468244
            ],
            [
              145.62010269500018,
              -17.130857726468253
            ],
            [
              145.62007769500022,
              -17.131058226468255
            ],
            [
              145.61988519500022,
              -17.131179226468227
            ],
            [
              145.61960319500025,
              -17.131217726468247
            ],
            [
              145.61945469500026,
              -17.131713226468218
            ],
            [
              145.61930319500024,
              -17.131828726468207
            ],
            [
              145.6190791950002,
              -17.13186872646822
            ],
            [
              145.61894869500028,
              -17.132002226468163
            ],
            [
              145.61883719500028,
              -17.13239272646818
            ],
            [
              145.6185041950002,
              -17.132569726468184
            ],
            [
              145.61839569500034,
              -17.132833726468135
            ],
            [
              145.61773069500032,
              -17.13282972646815
            ],
            [
              145.6174236950003,
              -17.132941726468147
            ],
            [
              145.6165501950003,
              -17.133490226468183
            ],
            [
              145.6164551950003,
              -17.133697226468165
            ],
            [
              145.61594569500028,
              -17.13412022646816
            ],
            [
              145.6154681960003,
              -17.134210726468172
            ],
            [
              145.61507769600033,
              -17.134450726468128
            ],
            [
              145.6150046950003,
              -17.134818726468154
            ],
            [
              145.61484569500035,
              -17.135173226468098
            ],
            [
              145.61459719500039,
              -17.135341726468123
            ],
            [
              145.61425769600038,
              -17.135356226468094
            ],
            [
              145.6140046960003,
              -17.135475726468144
            ],
            [
              145.6138601960003,
              -17.135070726468168
            ],
            [
              145.61369519600035,
              -17.134865226468182
            ],
            [
              145.6134431960003,
              -17.134822726468187
            ],
            [
              145.61337719600039,
              -17.134993226468143
            ],
            [
              145.61345469600033,
              -17.135240226468138
            ],
            [
              145.61361419600036,
              -17.13543922646813
            ],
            [
              145.61352019600037,
              -17.13563822646813
            ],
            [
              145.6132851960004,
              -17.135598226468133
            ],
            [
              145.61306469600032,
              -17.135374226468144
            ],
            [
              145.6127866960003,
              -17.135114226468193
            ],
            [
              145.61269269600032,
              -17.1348717264682
            ],
            [
              145.6121391960003,
              -17.13416972646827
            ],
            [
              145.61198019600036,
              -17.134236726468274
            ],
            [
              145.61190169600025,
              -17.134377226468256
            ],
            [
              145.61214669600034,
              -17.13483922646819
            ],
            [
              145.61233269600032,
              -17.1349892264682
            ],
            [
              145.61254469600038,
              -17.13541022646819
            ],
            [
              145.61263269600036,
              -17.135652726468184
            ],
            [
              145.61294819600033,
              -17.135753726468145
            ],
            [
              145.6132096960003,
              -17.13612622646813
            ],
            [
              145.6135021950003,
              -17.13612622646813
            ],
            [
              145.61369369500036,
              -17.136310226468098
            ],
            [
              145.6139056950004,
              -17.137008726468057
            ],
            [
              145.6140876950004,
              -17.137199726468022
            ],
            [
              145.6140876950004,
              -17.137691226468004
            ],
            [
              145.6139466950004,
              -17.137915226468
            ],
            [
              145.61386719500032,
              -17.138085726468017
            ],
            [
              145.61419619500043,
              -17.138435726467954
            ],
            [
              145.61453369500043,
              -17.138614726467935
            ],
            [
              145.6147891950004,
              -17.139350726467914
            ],
            [
              145.61469419500042,
              -17.139364226467887
            ],
            [
              145.61450869500038,
              -17.13922072646791
            ],
            [
              145.61425369500046,
              -17.13920972646796
            ],
            [
              145.61357569500038,
              -17.139272226467924
            ],
            [
              145.61344069500035,
              -17.138695726467994
            ],
            [
              145.61334369500037,
              -17.138391726467983
            ],
            [
              145.61295269500044,
              -17.138211226468005
            ],
            [
              145.61251419500036,
              -17.138245226468047
            ],
            [
              145.61234019500048,
              -17.13813122646806
            ],
            [
              145.61216019500046,
              -17.13816172646805
            ],
            [
              145.61228819500033,
              -17.138338226468054
            ],
            [
              145.6128756950004,
              -17.138454726468012
            ],
            [
              145.6130851950004,
              -17.138652226468007
            ],
            [
              145.61292719500045,
              -17.138942226468
            ],
            [
              145.61298519500048,
              -17.140000726467946
            ],
            [
              145.61280119500046,
              -17.140260726467908
            ],
            [
              145.61261419500048,
              -17.140698226467926
            ],
            [
              145.61253869500035,
              -17.141059726467912
            ],
            [
              145.6125941950004,
              -17.14127122646787
            ],
            [
              145.61278669500047,
              -17.14125472646785
            ],
            [
              145.61314769500044,
              -17.1411012264679
            ],
            [
              145.6133791950005,
              -17.141131726467865
            ],
            [
              145.61341869500043,
              -17.141293226467848
            ],
            [
              145.61337669500045,
              -17.14197272646781
            ],
            [
              145.61330719500046,
              -17.142237726467805
            ],
            [
              145.61318419500043,
              -17.14249772646782
            ],
            [
              145.61279069500048,
              -17.14271872646777
            ],
            [
              145.61249669500052,
              -17.14283522646783
            ],
            [
              145.61226419500048,
              -17.14278772646779
            ],
            [
              145.6120201950004,
              -17.142396726467837
            ],
            [
              145.61185069500044,
              -17.142303226467867
            ],
            [
              145.6117961950004,
              -17.142512226467833
            ],
            [
              145.6116811950005,
              -17.143260726467798
            ],
            [
              145.61150769500057,
              -17.143517226467825
            ],
            [
              145.61121819500053,
              -17.14379522646779
            ],
            [
              145.61101169500054,
              -17.143980726467777
            ],
            [
              145.61097819500046,
              -17.144298226467814
            ],
            [
              145.61091869500044,
              -17.14455472646778
            ],
            [
              145.6108721950005,
              -17.144706226467797
            ],
            [
              145.61079519500052,
              -17.144836726467744
            ],
            [
              145.6106736950005,
              -17.14494872646775
            ],
            [
              145.61056869500055,
              -17.144990726467764
            ],
            [
              145.61046069500046,
              -17.1449517264678
            ],
            [
              145.61033669500057,
              -17.144792726467816
            ],
            [
              145.6102326950005,
              -17.144837226467835
            ],
            [
              145.61016619500046,
              -17.145103226467768
            ],
            [
              145.61022069500046,
              -17.145273726467792
            ],
            [
              145.61016569500055,
              -17.14538922646777
            ],
            [
              145.61007619500043,
              -17.145563726467785
            ],
            [
              145.60998869500054,
              -17.145714226467746
            ],
            [
              145.60982469500047,
              -17.14584822646773
            ],
            [
              145.60965269500042,
              -17.14601572646776
            ],
            [
              145.60943669500054,
              -17.14616322646771
            ],
            [
              145.60920319500053,
              -17.146165726467757
            ],
            [
              145.60895019500043,
              -17.146099225467704
            ],
            [
              145.60863419500046,
              -17.14610572546774
            ],
            [
              145.60838069500048,
              -17.1460947254677
            ],
            [
              145.60816169500043,
              -17.145995225467733
            ],
            [
              145.60806319500054,
              -17.145889725467722
            ],
            [
              145.6079771950005,
              -17.145634725467755
            ],
            [
              145.60786769500052,
              -17.14542772546777
            ],
            [
              145.6077781950005,
              -17.14522172546773
            ],
            [
              145.60767969500057,
              -17.14503422546776
            ],
            [
              145.60761619500056,
              -17.14487272546777
            ],
            [
              145.6077036950005,
              -17.144719225467774
            ],
            [
              145.6079021950005,
              -17.144571225467814
            ],
            [
              145.60811969500045,
              -17.144390225467774
            ],
            [
              145.60836269500055,
              -17.144250725467792
            ],
            [
              145.6085791950005,
              -17.144078725467846
            ],
            [
              145.60857469500044,
              -17.14394522546785
            ],
            [
              145.60848669500044,
              -17.14351672546787
            ],
            [
              145.60885069500054,
              -17.142776725467904
            ],
            [
              145.6092106950005,
              -17.142239725467928
            ],
            [
              145.60958169500051,
              -17.142007726467945
            ],
            [
              145.60994219500043,
              -17.141857226467945
            ],
            [
              145.61025419500044,
              -17.14164272646797
            ],
            [
              145.61036819500046,
              -17.141476226467947
            ],
            [
              145.61013769500045,
              -17.141482226467947
            ],
            [
              145.6099041950004,
              -17.141448726467974
            ],
            [
              145.60964269500045,
              -17.141369726467936
            ],
            [
              145.60950169500046,
              -17.141089725468
            ],
            [
              145.60948419500045,
              -17.14081072546797
            ],
            [
              145.6095326950005,
              -17.14052222546804
            ],
            [
              145.60992669500035,
              -17.13995222646808
            ],
            [
              145.6099426950004,
              -17.13978822646805
            ],
            [
              145.60978819500045,
              -17.139772225468032
            ],
            [
              145.6093561950004,
              -17.140048725468063
            ],
            [
              145.60909169500044,
              -17.14025472546803
            ],
            [
              145.6087946950004,
              -17.140263725468007
            ],
            [
              145.60858919600037,
              -17.140154725468005
            ],
            [
              145.6084031960004,
              -17.139896725468038
            ],
            [
              145.60842719600043,
              -17.139688725468055
            ],
            [
              145.60871569600047,
              -17.139230725468042
            ],
            [
              145.60891219600046,
              -17.138820225468084
            ],
            [
              145.60891819600042,
              -17.13867922546811
            ],
            [
              145.6086801960004,
              -17.1389437254681
            ],
            [
              145.6084246960004,
              -17.139261225468076
            ],
            [
              145.60813569600046,
              -17.13951922546804
            ],
            [
              145.6079186960004,
              -17.13977822546805
            ],
            [
              145.60788919600046,
              -17.140031225468014
            ],
            [
              145.60813369600046,
              -17.14053972546796
            ],
            [
              145.60842169500046,
              -17.140939725467963
            ],
            [
              145.60844169500038,
              -17.14114822546794
            ],
            [
              145.6084151950004,
              -17.141447725467962
            ],
            [
              145.6081981950005,
              -17.141795225467916
            ],
            [
              145.60791019500044,
              -17.141985725467933
            ],
            [
              145.60763719500045,
              -17.142185225467927
            ],
            [
              145.6075276950004,
              -17.142323725467914
            ],
            [
              145.60745719500045,
              -17.14260622546787
            ],
            [
              145.60718669500054,
              -17.143305725467822
            ],
            [
              145.60691619500048,
              -17.143661225467813
            ],
            [
              145.60681069500046,
              -17.143785225467838
            ],
            [
              145.60635169500048,
              -17.143766725467824
            ],
            [
              145.60592419500043,
              -17.1435532254678
            ],
            [
              145.60525569500052,
              -17.143014725467822
            ],
            [
              145.6049061960005,
              -17.14263472546784
            ],
            [
              145.60478619600048,
              -17.14249722546785
            ],
            [
              145.60475419600044,
              -17.14230372546789
            ],
            [
              145.60478569600042,
              -17.14206572546788
            ],
            [
              145.6049816960005,
              -17.141842225467883
            ],
            [
              145.60516869600045,
              -17.1417507254679
            ],
            [
              145.60541869600038,
              -17.141729725467897
            ],
            [
              145.60539169600048,
              -17.141454225467918
            ],
            [
              145.6054706960005,
              -17.14122472546794
            ],
            [
              145.6057461960004,
              -17.140911725467948
            ],
            [
              145.60599869600037,
              -17.14065922546797
            ],
            [
              145.60570019600044,
              -17.140374725467975
            ],
            [
              145.6054941960005,
              -17.14021922546798
            ],
            [
              145.6054381960004,
              -17.140140225468006
            ],
            [
              145.6054381960004,
              -17.139937225468017
            ],
            [
              145.60557019600037,
              -17.139825725468025
            ],
            [
              145.6056611960004,
              -17.139663725468044
            ],
            [
              145.60529369600047,
              -17.139651725468017
            ],
            [
              145.60522919600044,
              -17.13954072546802
            ],
            [
              145.60532919600044,
              -17.139246725468038
            ],
            [
              145.60514519600045,
              -17.139130225468055
            ],
            [
              145.60500619600043,
              -17.13906972546804
            ],
            [
              145.6048471960004,
              -17.139261225468058
            ],
            [
              145.60477969600038,
              -17.13937322546804
            ],
            [
              145.60486769600038,
              -17.139716725468016
            ],
            [
              145.60481219600038,
              -17.139963725468004
            ],
            [
              145.6046206960005,
              -17.140181225468012
            ],
            [
              145.6043651960005,
              -17.140196225467975
            ],
            [
              145.60412169600045,
              -17.139963225468016
            ],
            [
              145.60403269600042,
              -17.13973122546804
            ],
            [
              145.6038036960005,
              -17.139725225467995
            ],
            [
              145.60360419600048,
              -17.13974022546801
            ],
            [
              145.60384219600044,
              -17.13985922546799
            ],
            [
              145.60394919600043,
              -17.139995725467983
            ],
            [
              145.60395269600048,
              -17.140198225467973
            ],
            [
              145.60410969600042,
              -17.140263225467972
            ],
            [
              145.6043241960005,
              -17.140504725467974
            ],
            [
              145.6044621960005,
              -17.141022225467953
            ],
            [
              145.6043591960004,
              -17.141360225467935
            ],
            [
              145.60406269600045,
              -17.14180072546788
            ],
            [
              145.6038036960005,
              -17.142089225467863
            ],
            [
              145.6036746960005,
              -17.142356725467874
            ],
            [
              145.6036716960005,
              -17.14255072546788
            ],
            [
              145.60372419600046,
              -17.142823725467863
            ],
            [
              145.6039156960005,
              -17.143047225467843
            ],
            [
              145.6040211960005,
              -17.143211725467825
            ],
            [
              145.6039361960005,
              -17.14337072546781
            ],
            [
              145.60348069600047,
              -17.143438225467815
            ],
            [
              145.6027836960005,
              -17.143611725467828
            ],
            [
              145.60251919600054,
              -17.143767225467826
            ],
            [
              145.60183819600044,
              -17.14412922546781
            ],
            [
              145.60129569600053,
              -17.144195725467817
            ],
            [
              145.60078019600053,
              -17.144124725467847
            ],
            [
              145.60037669600047,
              -17.144037725467843
            ],
            [
              145.60005619600057,
              -17.14400322546783
            ],
            [
              145.5997581960005,
              -17.14404472546784
            ],
            [
              145.59946969600048,
              -17.14414972546785
            ],
            [
              145.5990801960005,
              -17.144223225467844
            ],
            [
              145.59897319600054,
              -17.143955725467855
            ],
            [
              145.59895719600047,
              -17.143177225467934
            ],
            [
              145.5990361960005,
              -17.142703225467958
            ],
            [
              145.5989631960006,
              -17.142363225467918
            ],
            [
              145.5988051960005,
              -17.141940225467994
            ],
            [
              145.59873669600046,
              -17.140804225468013
            ],
            [
              145.5988821960005,
              -17.14043122546807
            ],
            [
              145.59889569600054,
              -17.139987725468067
            ],
            [
              145.5991841960004,
              -17.139401725468094
            ],
            [
              145.59968569600045,
              -17.138954225468105
            ],
            [
              145.60003169600046,
              -17.138795225468098
            ],
            [
              145.60002819600038,
              -17.138564225468127
            ],
            [
              145.59986369600043,
              -17.138255225468132
            ],
            [
              145.5995616960004,
              -17.13802522546817
            ],
            [
              145.59929869600046,
              -17.137703225468144
            ],
            [
              145.5989831960004,
              -17.137387725468173
            ],
            [
              145.59848419600044,
              -17.137285225468222
            ],
            [
              145.59843519600042,
              -17.13695322546822
            ],
            [
              145.5981866960004,
              -17.1370952254682
            ],
            [
              145.59820519600046,
              -17.137328725468237
            ],
            [
              145.5982691960004,
              -17.137615225468224
            ],
            [
              145.59835419600043,
              -17.137917725468185
            ],
            [
              145.59850269600045,
              -17.138078225468167
            ],
            [
              145.59854269600046,
              -17.138281725468154
            ],
            [
              145.59892519600047,
              -17.138845725468112
            ],
            [
              145.59882119600036,
              -17.13894722546814
            ],
            [
              145.59864269600047,
              -17.1390272254681
            ],
            [
              145.59846069600044,
              -17.138969725468147
            ],
            [
              145.59821419600044,
              -17.138884725468145
            ],
            [
              145.59793669600043,
              -17.138992725468157
            ],
            [
              145.59748969600045,
              -17.139269225468148
            ],
            [
              145.5974536960005,
              -17.13922072546815
            ],
            [
              145.59750019600042,
              -17.139057225468182
            ],
            [
              145.59733219600045,
              -17.13878072546816
            ],
            [
              145.59710969600047,
              -17.13859722546818
            ],
            [
              145.59693519600052,
              -17.1386792254682
            ],
            [
              145.5968101960005,
              -17.138587225468218
            ],
            [
              145.59671119600057,
              -17.138466225468186
            ],
            [
              145.59672219600048,
              -17.13861022546821
            ],
            [
              145.5969256960005,
              -17.1388797254682
            ],
            [
              145.5969586960005,
              -17.139116225468157
            ],
            [
              145.59674219600043,
              -17.13932472546814
            ],
            [
              145.59641169600044,
              -17.139517725468153
            ],
            [
              145.59630469600046,
              -17.139476225468158
            ],
            [
              145.59597919600043,
              -17.139221725468204
            ],
            [
              145.59586769600043,
              -17.13922622546819
            ],
            [
              145.59588719600043,
              -17.139353225468213
            ],
            [
              145.59611419600043,
              -17.139622225468187
            ],
            [
              145.59619769600053,
              -17.14000272546817
            ],
            [
              145.5961371960005,
              -17.14029972546815
            ],
            [
              145.5959926960005,
              -17.14070022546815
            ],
            [
              145.59595219600052,
              -17.140985725468095
            ],
            [
              145.59621969600045,
              -17.14141422546806
            ],
            [
              145.59673169600055,
              -17.141773725468028
            ],
            [
              145.59706369600053,
              -17.142120225468034
            ],
            [
              145.59713619600055,
              -17.14234372546802
            ],
            [
              145.59695219600056,
              -17.14252122546797
            ],
            [
              145.5964261960005,
              -17.14256722546798
            ],
            [
              145.5961766960005,
              -17.142613225468043
            ],
            [
              145.59596619600055,
              -17.142744725467995
            ],
            [
              145.59573519600053,
              -17.142764225468014
            ],
            [
              145.59564269600048,
              -17.14257972546804
            ],
            [
              145.59567869600053,
              -17.14237172546806
            ],
            [
              145.59541419600055,
              -17.142001725468056
            ],
            [
              145.59503969600053,
              -17.141614224468107
            ],
            [
              145.59500019600054,
              -17.1413312244681
            ],
            [
              145.59470419600055,
              -17.141134224468146
            ],
            [
              145.59447419600048,
              -17.14079222446811
            ],
            [
              145.59465269600045,
              -17.140584224468142
            ],
            [
              145.5944546960005,
              -17.140135224468146
            ],
            [
              145.59420119600054,
              -17.140092724468143
            ],
            [
              145.59414369600046,
              -17.140196724468154
            ],
            [
              145.59401419600053,
              -17.14031272446815
            ],
            [
              145.5941256960005,
              -17.14048372446815
            ],
            [
              145.59380369600044,
              -17.141015724468094
            ],
            [
              145.59376419600048,
              -17.141239224468084
            ],
            [
              145.59415869600045,
              -17.14131172446812
            ],
            [
              145.59432319600052,
              -17.14144972446812
            ],
            [
              145.59438219600048,
              -17.14158122446812
            ],
            [
              145.59423119600044,
              -17.14187022446806
            ],
            [
              145.59436269600053,
              -17.142363224468035
            ],
            [
              145.5946671960005,
              -17.142645224468062
            ],
            [
              145.59459269600055,
              -17.14288922446806
            ],
            [
              145.59428669600047,
              -17.143168724468016
            ],
            [
              145.59334669600045,
              -17.143472224468002
            ],
            [
              145.59281119600047,
              -17.14351372446794
            ],
            [
              145.59234469600045,
              -17.143303224467964
            ],
            [
              145.59212769600043,
              -17.14346072446796
            ],
            [
              145.5918121960005,
              -17.14395122446793
            ],
            [
              145.59165469600046,
              -17.144006724467896
            ],
            [
              145.5912731960005,
              -17.143888224467922
            ],
            [
              145.59092519600046,
              -17.1436057244679
            ],
            [
              145.59068819600046,
              -17.1436057244679
            ],
            [
              145.59050419600047,
              -17.14384222446791
            ],
            [
              145.59021869600045,
              -17.14496622446786
            ],
            [
              145.58981619600036,
              -17.144982224467874
            ],
            [
              145.58931369600046,
              -17.14488222446784
            ],
            [
              145.58895419600037,
              -17.14470022446785
            ],
            [
              145.58859669600042,
              -17.14443572446785
            ],
            [
              145.58836219700035,
              -17.143912224467897
            ],
            [
              145.58823919700043,
              -17.143853224467865
            ],
            [
              145.5881556970004,
              -17.14389472446788
            ],
            [
              145.58814019700034,
              -17.14398972446786
            ],
            [
              145.58818569700043,
              -17.14418222446788
            ],
            [
              145.58798769700036,
              -17.144278224467858
            ],
            [
              145.5881026960004,
              -17.14443072446786
            ],
            [
              145.5881161960004,
              -17.144748724467842
            ],
            [
              145.5882521960004,
              -17.144845224467826
            ],
            [
              145.5881721960004,
              -17.14504572446782
            ],
            [
              145.58805519600034,
              -17.145173724467828
            ],
            [
              145.5880911960004,
              -17.145441224467817
            ],
            [
              145.5882306960004,
              -17.145664224467808
            ],
            [
              145.5882756960004,
              -17.145860724467827
            ],
            [
              145.58841219600035,
              -17.146059724467765
            ],
            [
              145.5884626960004,
              -17.14631872446778
            ],
            [
              145.58876619600036,
              -17.14660722446777
            ],
            [
              145.58899219600036,
              -17.14703972446773
            ],
            [
              145.5892521960004,
              -17.147274724467707
            ],
            [
              145.58937919600044,
              -17.147576724467726
            ],
            [
              145.5895571960004,
              -17.147710724467718
            ],
            [
              145.58963169600042,
              -17.147856224467688
            ],
            [
              145.58953469600038,
              -17.1482482244677
            ],
            [
              145.58939619600037,
              -17.148419724467658
            ],
            [
              145.5891946960004,
              -17.14844722446764
            ],
            [
              145.5889141960003,
              -17.14836522446768
            ],
            [
              145.5887216960004,
              -17.1481357244677
            ],
            [
              145.58850169600038,
              -17.14807672446768
            ],
            [
              145.58827469600038,
              -17.148188724467673
            ],
            [
              145.5880571960003,
              -17.148517724467684
            ],
            [
              145.5878176960004,
              -17.148675724467676
            ],
            [
              145.58763219600033,
              -17.14859422446765
            ],
            [
              145.58751269600037,
              -17.14831922446768
            ],
            [
              145.58749619600033,
              -17.14809422446769
            ],
            [
              145.58733019600032,
              -17.147883724467665
            ],
            [
              145.58717269600032,
              -17.1479107244677
            ],
            [
              145.58696019600032,
              -17.147900224467687
            ],
            [
              145.58673169600027,
              -17.1480032244677
            ],
            [
              145.5864921960004,
              -17.14798172446771
            ],
            [
              145.58631269600025,
              -17.147949224467673
            ],
            [
              145.58609769600025,
              -17.148093224467704
            ],
            [
              145.58590169600032,
              -17.148379224467647
            ],
            [
              145.5856591960003,
              -17.148577724467646
            ],
            [
              145.58525369600036,
              -17.148686724467662
            ],
            [
              145.5849291960003,
              -17.14863472446768
            ],
            [
              145.58473719600036,
              -17.148503724467684
            ],
            [
              145.58458369600027,
              -17.14822172446768
            ],
            [
              145.58446669600028,
              -17.14792772446769
            ],
            [
              145.58435319600028,
              -17.147690724467733
            ],
            [
              145.5843096970003,
              -17.147407224467727
            ],
            [
              145.58416869700034,
              -17.147172724467758
            ],
            [
              145.58399719700023,
              -17.14704772446775
            ],
            [
              145.58393869700035,
              -17.146934224467756
            ],
            [
              145.58400719700035,
              -17.14678422446781
            ],
            [
              145.58419169700028,
              -17.146628224467797
            ],
            [
              145.58401019700034,
              -17.14656122446782
            ],
            [
              145.58368019700026,
              -17.146547724467794
            ],
            [
              145.58333219700032,
              -17.146467224467845
            ],
            [
              145.58313519700025,
              -17.146482224467807
            ],
            [
              145.58311819700026,
              -17.146613224467814
            ],
            [
              145.58322519700025,
              -17.146830224467816
            ],
            [
              145.58301969700028,
              -17.14698572446781
            ],
            [
              145.58292769700026,
              -17.1472347244678
            ],
            [
              145.58301069700028,
              -17.14737172446779
            ],
            [
              145.58291869700028,
              -17.147646724467755
            ],
            [
              145.58289969700022,
              -17.147910724467753
            ],
            [
              145.58276069700023,
              -17.148052224467744
            ],
            [
              145.5825321970003,
              -17.148139724467743
            ],
            [
              145.58221119700028,
              -17.148438724467724
            ],
            [
              145.58196869700026,
              -17.148526224467737
            ],
            [
              145.58163619700028,
              -17.148463724467735
            ],
            [
              145.58138319700024,
              -17.148356724467735
            ],
            [
              145.58108869700018,
              -17.148413224467763
            ],
            [
              145.58049719700026,
              -17.148303224467792
            ],
            [
              145.58017869700026,
              -17.148487724467767
            ],
            [
              145.5798336970002,
              -17.14852022346782
            ],
            [
              145.5796041970002,
              -17.14838422346775
            ],
            [
              145.57951419700026,
              -17.14858572346774
            ],
            [
              145.57971819700018,
              -17.148694723467763
            ],
            [
              145.58000219700025,
              -17.148799723467775
            ],
            [
              145.58020369700031,
              -17.14878322446775
            ],
            [
              145.58040769700025,
              -17.148728224467767
            ],
            [
              145.58053269700025,
              -17.148826724467742
            ],
            [
              145.58059269700024,
              -17.14899922446774
            ],
            [
              145.58053819700018,
              -17.14915422446775
            ],
            [
              145.58045569700022,
              -17.14923622446776
            ],
            [
              145.5801671970002,
              -17.149342224467734
            ],
            [
              145.57992519700022,
              -17.149413223467736
            ],
            [
              145.5802026970003,
              -17.14956022446773
            ],
            [
              145.57992519700025,
              -17.149679723467727
            ],
            [
              145.58005569700023,
              -17.14984072446769
            ],
            [
              145.58020269700026,
              -17.149919224467723
            ],
            [
              145.58044469700027,
              -17.149965724467705
            ],
            [
              145.58073319700028,
              -17.1498322244677
            ],
            [
              145.58093769700028,
              -17.14962572446771
            ],
            [
              145.58126669700022,
              -17.14966622446772
            ],
            [
              145.58163969600025,
              -17.149824224467693
            ],
            [
              145.5818491960003,
              -17.15002822446767
            ],
            [
              145.58160169600032,
              -17.15053172446763
            ],
            [
              145.58144369600026,
              -17.15078472446761
            ],
            [
              145.58110919600023,
              -17.15096422446761
            ],
            [
              145.58099169600027,
              -17.151111224467638
            ],
            [
              145.58082319600027,
              -17.151438224467597
            ],
            [
              145.58054019600021,
              -17.151780724467628
            ],
            [
              145.58031169600028,
              -17.152148224467602
            ],
            [
              145.58010469600026,
              -17.152434224467623
            ],
            [
              145.57986519600018,
              -17.15286672446757
            ],
            [
              145.5798731960003,
              -17.15312822446752
            ],
            [
              145.5797371960003,
              -17.153272224467543
            ],
            [
              145.57942169600025,
              -17.153405723467543
            ],
            [
              145.57914419600024,
              -17.15385572346751
            ],
            [
              145.57927619600017,
              -17.154151723467493
            ],
            [
              145.57931169600027,
              -17.154319723467463
            ],
            [
              145.5790481960002,
              -17.15459422346742
            ],
            [
              145.5787431960003,
              -17.154742223467426
            ],
            [
              145.57864819600022,
              -17.15493722346744
            ],
            [
              145.57843019600034,
              -17.155019223467395
            ],
            [
              145.57823069600033,
              -17.1549022234674
            ],
            [
              145.57800219600028,
              -17.155094723467414
            ],
            [
              145.57812069600027,
              -17.155327223467378
            ],
            [
              145.57817319600028,
              -17.15555822346736
            ],
            [
              145.5779986960002,
              -17.155619723467364
            ],
            [
              145.5776911960003,
              -17.155611723467377
            ],
            [
              145.57747019600023,
              -17.155441223467363
            ],
            [
              145.57729069600032,
              -17.155065723467352
            ],
            [
              145.57725819600037,
              -17.154725723467372
            ],
            [
              145.5773806960003,
              -17.154537723467406
            ],
            [
              145.57755219600025,
              -17.154423223467422
            ],
            [
              145.5773316960003,
              -17.154336223467418
            ],
            [
              145.5772986960003,
              -17.15417322346744
            ],
            [
              145.57737519600025,
              -17.153963723467406
            ],
            [
              145.57735219600033,
              -17.15375572346744
            ],
            [
              145.57712719600033,
              -17.153854723467393
            ],
            [
              145.57693469600028,
              -17.1538092234674
            ],
            [
              145.57683069600034,
              -17.154020723467426
            ],
            [
              145.57664569600024,
              -17.154183723467394
            ],
            [
              145.5763626960003,
              -17.154301223467364
            ],
            [
              145.5760631970003,
              -17.15443172346737
            ],
            [
              145.57609619600032,
              -17.154676723467357
            ],
            [
              145.57633569600034,
              -17.154876723467357
            ],
            [
              145.57631119600032,
              -17.155029223467366
            ],
            [
              145.57619369600025,
              -17.15509022346732
            ],
            [
              145.57595719600033,
              -17.15499022346735
            ],
            [
              145.57587569600028,
              -17.15490272346734
            ],
            [
              145.57553319600032,
              -17.15505972346733
            ],
            [
              145.57532719600036,
              -17.15545122346728
            ],
            [
              145.57527169600033,
              -17.15571222346729
            ],
            [
              145.57509319600027,
              -17.155988223467265
            ],
            [
              145.57494319600028,
              -17.15597922346728
            ],
            [
              145.57488769600027,
              -17.155833223467265
            ],
            [
              145.57490369600035,
              -17.155457723467315
            ],
            [
              145.57485619700032,
              -17.154995723467312
            ],
            [
              145.5746251970003,
              -17.155184723467336
            ],
            [
              145.57434119700034,
              -17.1553077234673
            ],
            [
              145.5741696970004,
              -17.15522322346729
            ],
            [
              145.5741881970003,
              -17.154986723467328
            ],
            [
              145.57405219700027,
              -17.154927223467304
            ],
            [
              145.57379619700035,
              -17.155120223467325
            ],
            [
              145.5736296970004,
              -17.15511172346729
            ],
            [
              145.57337269700037,
              -17.154990723467314
            ],
            [
              145.5733251970003,
              -17.154769223467316
            ],
            [
              145.57315669700031,
              -17.154820723467292
            ],
            [
              145.57301569700036,
              -17.155037223467293
            ],
            [
              145.57306269700035,
              -17.15531272346727
            ],
            [
              145.57302269700034,
              -17.155461723467283
            ],
            [
              145.57278119700032,
              -17.15549872346725
            ],
            [
              145.5726016970004,
              -17.15543022346725
            ],
            [
              145.57254969700034,
              -17.155610223467242
            ],
            [
              145.57250619700034,
              -17.15587122346725
            ],
            [
              145.57242469700037,
              -17.156075223467234
            ],
            [
              145.57226669700032,
              -17.156241723467208
            ],
            [
              145.57187019700038,
              -17.156243223467254
            ],
            [
              145.57167019700043,
              -17.156125723467223
            ],
            [
              145.57167719700035,
              -17.155793723467273
            ],
            [
              145.57164069700033,
              -17.155452223467247
            ],
            [
              145.57178769700045,
              -17.15522922346732
            ],
            [
              145.57192019700037,
              -17.155001223467274
            ],
            [
              145.57189669700037,
              -17.15468472346729
            ],
            [
              145.5718991970004,
              -17.15445622346732
            ],
            [
              145.57173069700033,
              -17.15440972346732
            ],
            [
              145.57159469700034,
              -17.15445622346731
            ],
            [
              145.57151269700043,
              -17.15470672346729
            ],
            [
              145.57142019700038,
              -17.154694223467327
            ],
            [
              145.5713631970004,
              -17.154474223467325
            ],
            [
              145.57144869700036,
              -17.154338723467337
            ],
            [
              145.57148569700036,
              -17.154227723467333
            ],
            [
              145.57151819700036,
              -17.15396372346733
            ],
            [
              145.5714801970003,
              -17.153713223467363
            ],
            [
              145.5713631970004,
              -17.15356072346735
            ],
            [
              145.57131169700037,
              -17.153705223467373
            ],
            [
              145.57123819700035,
              -17.153955223467356
            ],
            [
              145.57100669700034,
              -17.15436922346731
            ],
            [
              145.57093069700042,
              -17.15458672346732
            ],
            [
              145.57086519700044,
              -17.1549242234673
            ],
            [
              145.57071019700035,
              -17.155182723467263
            ],
            [
              145.5704596970004,
              -17.155406223467256
            ],
            [
              145.5701631970004,
              -17.155373223467283
            ],
            [
              145.56992069700036,
              -17.155395223467295
            ],
            [
              145.56972769700045,
              -17.155463223467272
            ],
            [
              145.56964719700042,
              -17.155391723467304
            ],
            [
              145.56958769700043,
              -17.15514472346731
            ],
            [
              145.56934369700036,
              -17.154831723467314
            ],
            [
              145.5692131970004,
              -17.154671223467332
            ],
            [
              145.56920719700042,
              -17.154469723467344
            ],
            [
              145.5691206970004,
              -17.154365723467333
            ],
            [
              145.56890469700045,
              -17.15418322346734
            ],
            [
              145.56889769700038,
              -17.154334723467358
            ],
            [
              145.56885669700048,
              -17.15455972346734
            ],
            [
              145.56873469700045,
              -17.15466222346731
            ],
            [
              145.56853569700039,
              -17.154621223467352
            ],
            [
              145.56863619700042,
              -17.15486172346731
            ],
            [
              145.56879069700042,
              -17.154951723467303
            ],
            [
              145.56877219700038,
              -17.155188223467317
            ],
            [
              145.56874519700045,
              -17.155430223467256
            ],
            [
              145.5687506970004,
              -17.155618223467286
            ],
            [
              145.56886469700044,
              -17.155770723467295
            ],
            [
              145.56891669700042,
              -17.155999223467266
            ],
            [
              145.5687996970004,
              -17.156083723467223
            ],
            [
              145.56855719700036,
              -17.15603472346723
            ],
            [
              145.5683261970004,
              -17.15603472346724
            ],
            [
              145.5680726970004,
              -17.15608922346727
            ],
            [
              145.56781169700042,
              -17.15607822346725
            ],
            [
              145.56701769700047,
              -17.156129223467243
            ],
            [
              145.56721419700054,
              -17.15631972346726
            ],
            [
              145.56732419700043,
              -17.156530723467224
            ],
            [
              145.5676236970004,
              -17.156715223467266
            ],
            [
              145.56787719700037,
              -17.156796723467217
            ],
            [
              145.56800219700042,
              -17.15689722346724
            ],
            [
              145.56810269700046,
              -17.1570877234672
            ],
            [
              145.56817619700044,
              -17.1573302234672
            ],
            [
              145.56820069700044,
              -17.157531723467187
            ],
            [
              145.56811919700044,
              -17.15769472346718
            ],
            [
              145.5680536970005,
              -17.15779522346714
            ],
            [
              145.5681096970004,
              -17.158027223467155
            ],
            [
              145.56836969700046,
              -17.158149223467145
            ],
            [
              145.56860919700048,
              -17.15829072346716
            ],
            [
              145.56875619700045,
              -17.158451223467146
            ],
            [
              145.56894919700042,
              -17.15872072346713
            ],
            [
              145.5690391970004,
              -17.158957723467093
            ],
            [
              145.5691181970004,
              -17.159237723467104
            ],
            [
              145.5693136970004,
              -17.159420223467084
            ],
            [
              145.5695671970004,
              -17.159564223467058
            ],
            [
              145.57010319600042,
              -17.159787723467044
            ],
            [
              145.5700621960004,
              -17.159912723467063
            ],
            [
              145.56983469600038,
              -17.15994572346704
            ],
            [
              145.56959969700037,
              -17.159850223467068
            ],
            [
              145.56937919700044,
              -17.159771223467036
            ],
            [
              145.5690771970004,
              -17.159676223467056
            ],
            [
              145.56877569700043,
              -17.15960022346708
            ],
            [
              145.56860919700048,
              -17.15969522346706
            ],
            [
              145.56822819700042,
              -17.160005223467067
            ],
            [
              145.56790419700042,
              -17.160123723467066
            ],
            [
              145.56758019700044,
              -17.160062723467053
            ],
            [
              145.56729169700046,
              -17.15997522346704
            ],
            [
              145.56718819700043,
              -17.159787723467076
            ],
            [
              145.56712019700035,
              -17.159542723467084
            ],
            [
              145.56710469700047,
              -17.159279723467076
            ],
            [
              145.56700919700046,
              -17.159121723467084
            ],
            [
              145.56681019700048,
              -17.159047223467116
            ],
            [
              145.5666931970005,
              -17.159047223467116
            ],
            [
              145.5663256970004,
              -17.15920272346712
            ],
            [
              145.56600719700046,
              -17.159319723467117
            ],
            [
              145.56564069700045,
              -17.159463723467145
            ],
            [
              145.56554569700046,
              -17.15977572346708
            ],
            [
              145.5653976970005,
              -17.15985272346711
            ],
            [
              145.5651606970004,
              -17.15979872346709
            ],
            [
              145.56490519700043,
              -17.15967872346712
            ],
            [
              145.56473069700047,
              -17.159558723467146
            ],
            [
              145.56460269700048,
              -17.15927622346715
            ],
            [
              145.5645641970005,
              -17.15912172346714
            ],
            [
              145.5644476970005,
              -17.159376722467183
            ],
            [
              145.56438269700044,
              -17.159580722467172
            ],
            [
              145.56430819700046,
              -17.159621222467127
            ],
            [
              145.5641756970005,
              -17.159515222467174
            ],
            [
              145.56416269700043,
              -17.159383222467174
            ],
            [
              145.5642136970004,
              -17.159216222467144
            ],
            [
              145.56407519700045,
              -17.159178722467185
            ],
            [
              145.56399619700045,
              -17.15906722246719
            ],
            [
              145.5638206970005,
              -17.158842222467218
            ],
            [
              145.5638116970005,
              -17.15911872246718
            ],
            [
              145.56378169700048,
              -17.159294222467185
            ],
            [
              145.5636206970004,
              -17.159316722467185
            ],
            [
              145.5634961970004,
              -17.159300222467188
            ],
            [
              145.56349019700048,
              -17.15987122246719
            ],
            [
              145.5631306970004,
              -17.16031272246716
            ],
            [
              145.56305969700045,
              -17.160598722467185
            ],
            [
              145.56316069700043,
              -17.16109672246719
            ],
            [
              145.5631416970005,
              -17.161240722467152
            ],
            [
              145.56304919700042,
              -17.1614042224672
            ],
            [
              145.56289369700042,
              -17.161447722467212
            ],
            [
              145.56255119700043,
              -17.161409722467198
            ],
            [
              145.5619576970003,
              -17.161235222467205
            ],
            [
              145.56157919700036,
              -17.161142722467222
            ],
            [
              145.56117669700038,
              -17.161134722467256
            ],
            [
              145.56085019700038,
              -17.16120022246728
            ],
            [
              145.56049069700043,
              -17.16124622246728
            ],
            [
              145.5600221970004,
              -17.161236222467277
            ],
            [
              145.55946019700036,
              -17.161239222467287
            ],
            [
              145.55926069700033,
              -17.161248222467336
            ],
            [
              145.55912719700038,
              -17.16117822246735
            ],
            [
              145.55899919700036,
              -17.161020222467357
            ],
            [
              145.55896819700033,
              -17.160790222467316
            ],
            [
              145.5590166970004,
              -17.160596722467346
            ],
            [
              145.55921919700037,
              -17.160341222467302
            ],
            [
              145.55962069700033,
              -17.160123722467315
            ],
            [
              145.5597451970004,
              -17.15999172246731
            ],
            [
              145.55985119700037,
              -17.159831222467325
            ],
            [
              145.55997469700037,
              -17.1597492224673
            ],
            [
              145.56017969700045,
              -17.15973122246728
            ],
            [
              145.56029269700036,
              -17.15964522246726
            ],
            [
              145.5603911970004,
              -17.159674722467297
            ],
            [
              145.5604801970004,
              -17.15956472246729
            ],
            [
              145.56006669700037,
              -17.15942222246733
            ],
            [
              145.5600996970004,
              -17.15928222246729
            ],
            [
              145.5598736970004,
              -17.159288222467342
            ],
            [
              145.55967719700038,
              -17.15910372246731
            ],
            [
              145.5596036970004,
              -17.158911222467353
            ],
            [
              145.55964719700046,
              -17.15872872246736
            ],
            [
              145.55972869700042,
              -17.15861722246736
            ],
            [
              145.56004019700038,
              -17.15854772246736
            ],
            [
              145.56005819700044,
              -17.158363222467365
            ],
            [
              145.55998969700045,
              -17.15821122246737
            ],
            [
              145.5600281970004,
              -17.15809472246737
            ],
            [
              145.55990619700037,
              -17.158030222467374
            ],
            [
              145.55963869700042,
              -17.15808072246736
            ],
            [
              145.55951819700044,
              -17.158048222467393
            ],
            [
              145.55940669700047,
              -17.157950222467363
            ],
            [
              145.55927719700037,
              -17.157778722467416
            ],
            [
              145.55907019700044,
              -17.157795222467385
            ],
            [
              145.5588561970004,
              -17.157928722467393
            ],
            [
              145.55874319700035,
              -17.157917222467425
            ],
            [
              145.5587821970004,
              -17.157756222467434
            ],
            [
              145.55841619700038,
              -17.15780122246745
            ],
            [
              145.5581156970004,
              -17.157613722467428
            ],
            [
              145.5580891970004,
              -17.157304222467424
            ],
            [
              145.5581751970004,
              -17.15685522246748
            ],
            [
              145.55819919700033,
              -17.15651372246744
            ],
            [
              145.55831569700032,
              -17.156344722467466
            ],
            [
              145.55846069700044,
              -17.156349722467453
            ],
            [
              145.5585176980004,
              -17.155789722467457
            ],
            [
              145.55848469800034,
              -17.155397722467495
            ],
            [
              145.55857069800035,
              -17.15530872246749
            ],
            [
              145.55873419800037,
              -17.15527572246745
            ],
            [
              145.55872269800045,
              -17.155023222467474
            ],
            [
              145.55888319800044,
              -17.1548742224675
            ],
            [
              145.55905269800041,
              -17.15488922246746
            ],
            [
              145.55924619800044,
              -17.155204222467443
            ],
            [
              145.55944819800038,
              -17.15527272246744
            ],
            [
              145.55954019700042,
              -17.155394722467467
            ],
            [
              145.55970169700035,
              -17.15509322246744
            ],
            [
              145.55974769800036,
              -17.154986722467477
            ],
            [
              145.55991369700044,
              -17.154927222467457
            ],
            [
              145.56020369700036,
              -17.155075222467417
            ],
            [
              145.56017969700045,
              -17.155303222467456
            ],
            [
              145.56024269700035,
              -17.155337222467427
            ],
            [
              145.56051819700045,
              -17.1553627224674
            ],
            [
              145.56067069700043,
              -17.155320222467406
            ],
            [
              145.5608346970004,
              -17.155272722467405
            ],
            [
              145.56077169700043,
              -17.155017722467424
            ],
            [
              145.5608726970004,
              -17.155004222467408
            ],
            [
              145.5608991970004,
              -17.154884222467427
            ],
            [
              145.56114669700045,
              -17.154644222467414
            ],
            [
              145.56124369700038,
              -17.154644222467407
            ],
            [
              145.56138119700046,
              -17.154714722467403
            ],
            [
              145.56153319700041,
              -17.154671222467453
            ],
            [
              145.5621846970004,
              -17.154820222467396
            ],
            [
              145.56233619700043,
              -17.15498122246739
            ],
            [
              145.56245319700048,
              -17.155054722467426
            ],
            [
              145.5625806970004,
              -17.1550822224674
            ],
            [
              145.56273419700045,
              -17.15490722246739
            ],
            [
              145.56291719700044,
              -17.15491072246739
            ],
            [
              145.5630276970004,
              -17.154981222467384
            ],
            [
              145.56320569700048,
              -17.15500272246738
            ],
            [
              145.56336319700046,
              -17.155040722467383
            ],
            [
              145.56347669700048,
              -17.15516622246741
            ],
            [
              145.56360119700045,
              -17.155053722467404
            ],
            [
              145.56375419700052,
              -17.15500822246742
            ],
            [
              145.56372119700046,
              -17.15477672246738
            ],
            [
              145.5638166970005,
              -17.154618722467394
            ],
            [
              145.56383069700047,
              -17.15447322246742
            ],
            [
              145.5638061970005,
              -17.154301722467416
            ],
            [
              145.56379469700045,
              -17.154183722467433
            ],
            [
              145.56374519700054,
              -17.15406772246745
            ],
            [
              145.56365669700048,
              -17.154202222467443
            ],
            [
              145.56365869700045,
              -17.154475222467422
            ],
            [
              145.56360019700043,
              -17.154642222467388
            ],
            [
              145.5632801970004,
              -17.15474472246741
            ],
            [
              145.56293469700043,
              -17.154663222467402
            ],
            [
              145.56268969700048,
              -17.1545947224674
            ],
            [
              145.56247219700043,
              -17.154551222467408
            ],
            [
              145.56194669700042,
              -17.154472722467446
            ],
            [
              145.5615936970004,
              -17.15435772246746
            ],
            [
              145.56130819700041,
              -17.154334222467458
            ],
            [
              145.56098619700037,
              -17.15426772246747
            ],
            [
              145.56074669800051,
              -17.15403422246745
            ],
            [
              145.56037919800045,
              -17.1537052224675
            ],
            [
              145.55996269800042,
              -17.15342572246748
            ],
            [
              145.55975319800044,
              -17.153332222467505
            ],
            [
              145.55946019800038,
              -17.15296172246754
            ],
            [
              145.55931719800037,
              -17.152827722467546
            ],
            [
              145.55929069800038,
              -17.152634222467523
            ],
            [
              145.55946969800038,
              -17.15246172246751
            ],
            [
              145.55948069800036,
              -17.152128722467562
            ],
            [
              145.55940669800037,
              -17.151974222467558
            ],
            [
              145.55952569800036,
              -17.151786722467516
            ],
            [
              145.55938569800034,
              -17.151575722467552
            ],
            [
              145.5594391980004,
              -17.15138222246754
            ],
            [
              145.55935369800045,
              -17.151013722467574
            ],
            [
              145.5592601980004,
              -17.151030722467585
            ],
            [
              145.55917269800045,
              -17.150836722467563
            ],
            [
              145.55903169800035,
              -17.150932222467553
            ],
            [
              145.55898569800036,
              -17.15110272246757
            ],
            [
              145.55886069800044,
              -17.151228222467598
            ],
            [
              145.5586046980004,
              -17.15143272246759
            ],
            [
              145.55845519800036,
              -17.15164472246755
            ],
            [
              145.55836369800042,
              -17.15190472246758
            ],
            [
              145.5584491980004,
              -17.152049222467546
            ],
            [
              145.55837719800033,
              -17.152087222467564
            ],
            [
              145.5582781980003,
              -17.152007722467545
            ],
            [
              145.55808769800032,
              -17.152004222467564
            ],
            [
              145.5577556980004,
              -17.15209372246756
            ],
            [
              145.55729819800035,
              -17.152159222467578
            ],
            [
              145.5570176980004,
              -17.15215772246759
            ],
            [
              145.55672169800033,
              -17.151914222467585
            ],
            [
              145.5564296980004,
              -17.151718222467586
            ],
            [
              145.55618519800038,
              -17.15177822246761
            ],
            [
              145.55609269800036,
              -17.151726722467615
            ],
            [
              145.5560566980003,
              -17.151518222467644
            ],
            [
              145.5557711980004,
              -17.15132022246764
            ],
            [
              145.5555196980003,
              -17.151225222467605
            ],
            [
              145.55536569800037,
              -17.151291722467608
            ],
            [
              145.55518469800035,
              -17.15126522246762
            ],
            [
              145.5550396980004,
              -17.15112222246766
            ],
            [
              145.5548406980003,
              -17.151269222467622
            ],
            [
              145.55468319800028,
              -17.151350722467654
            ],
            [
              145.5544436980004,
              -17.15124222246765
            ],
            [
              145.5543321980004,
              -17.15114122246768
            ],
            [
              145.5542291980003,
              -17.15118322246769
            ],
            [
              145.55411319800035,
              -17.15113922246769
            ],
            [
              145.55404269800036,
              -17.150962222467676
            ],
            [
              145.55394569800038,
              -17.15101972246766
            ],
            [
              145.55388269800034,
              -17.151020222467654
            ],
            [
              145.55350119800033,
              -17.151479722467702
            ],
            [
              145.55334569800033,
              -17.15152222246771
            ],
            [
              145.5532881980003,
              -17.15165072246768
            ],
            [
              145.5529916980003,
              -17.151805222467697
            ],
            [
              145.5525846980003,
              -17.151758222467727
            ],
            [
              145.55240919800033,
              -17.151595222467744
            ],
            [
              145.55232469800038,
              -17.15125972246774
            ],
            [
              145.55230619800037,
              -17.150925722467726
            ],
            [
              145.55213769800028,
              -17.150767222467735
            ],
            [
              145.55205369800026,
              -17.15070322246773
            ],
            [
              145.55203919800036,
              -17.150818722467715
            ],
            [
              145.55207619800024,
              -17.150899722467745
            ],
            [
              145.5520426980003,
              -17.150993222467733
            ],
            [
              145.55191269800028,
              -17.151090722467785
            ],
            [
              145.55177569800028,
              -17.151054222467767
            ],
            [
              145.5517276980003,
              -17.151187722467775
            ],
            [
              145.55172019800037,
              -17.151343722467775
            ],
            [
              145.55153569800032,
              -17.151471222467745
            ],
            [
              145.5514526980003,
              -17.15162522246775
            ],
            [
              145.55164519800033,
              -17.151683222467774
            ],
            [
              145.55162519800027,
              -17.151985222467754
            ],
            [
              145.5517736980003,
              -17.15221922246779
            ],
            [
              145.5517276980003,
              -17.152431222467765
            ],
            [
              145.55162919800037,
              -17.15258922246777
            ],
            [
              145.55143669800037,
              -17.152614722467774
            ],
            [
              145.5513166980003,
              -17.15244472246781
            ],
            [
              145.5512811980003,
              -17.15218372246778
            ],
            [
              145.5512021980003,
              -17.152036722467813
            ],
            [
              145.5508921980003,
              -17.1519857214678
            ],
            [
              145.5504506980003,
              -17.152023221467843
            ],
            [
              145.55014219800037,
              -17.152124221467822
            ],
            [
              145.54993669800027,
              -17.152122221467835
            ],
            [
              145.54987869800033,
              -17.15215472146787
            ],
            [
              145.54994219800028,
              -17.152200221467876
            ],
            [
              145.55045569800032,
              -17.152205721467833
            ],
            [
              145.55085219800026,
              -17.15224022146779
            ],
            [
              145.55098569800037,
              -17.15213172146782
            ],
            [
              145.55107719800029,
              -17.152181222467807
            ],
            [
              145.5509951980002,
              -17.152512722467822
            ],
            [
              145.55106569800037,
              -17.152916222467834
            ],
            [
              145.5511836980003,
              -17.153001722467778
            ],
            [
              145.55126519800027,
              -17.1531482224678
            ],
            [
              145.5512501980003,
              -17.15332522246781
            ],
            [
              145.5513956980003,
              -17.15342822246777
            ],
            [
              145.55156969800032,
              -17.15333572246777
            ],
            [
              145.55165569800036,
              -17.153403222467766
            ],
            [
              145.55166519800028,
              -17.15353472246778
            ],
            [
              145.55173819800032,
              -17.153585222467754
            ],
            [
              145.55183469800036,
              -17.153447222467758
            ],
            [
              145.55196419800032,
              -17.15342472246775
            ],
            [
              145.55204219800035,
              -17.153353722467756
            ],
            [
              145.55223669800037,
              -17.153264222467744
            ],
            [
              145.55240019800036,
              -17.153045222467725
            ],
            [
              145.55256169800035,
              -17.15294072246775
            ],
            [
              145.55273319800034,
              -17.152990222467732
            ],
            [
              145.55292369800037,
              -17.153100722467727
            ],
            [
              145.55301269800037,
              -17.153190222467728
            ],
            [
              145.55299969800038,
              -17.153559722467705
            ],
            [
              145.55305269800036,
              -17.153941722467703
            ],
            [
              145.5530261980004,
              -17.154035222467698
            ],
            [
              145.55301469800034,
              -17.1541477224677
            ],
            [
              145.55309819800033,
              -17.154210722467703
            ],
            [
              145.5531421980003,
              -17.154361222467728
            ],
            [
              145.55323519800032,
              -17.154335722467724
            ],
            [
              145.55330419800032,
              -17.154180222467723
            ],
            [
              145.55334619800038,
              -17.154067722467712
            ],
            [
              145.55345619800033,
              -17.154077222467684
            ],
            [
              145.55354019800032,
              -17.153967222467674
            ],
            [
              145.55366019800033,
              -17.15400122246769
            ],
            [
              145.55382969800033,
              -17.153856222467663
            ],
            [
              145.5538276980004,
              -17.153584222467654
            ],
            [
              145.5539861980003,
              -17.153637222467687
            ],
            [
              145.55394769800043,
              -17.153367222467693
            ],
            [
              145.5540426980004,
              -17.153268222467656
            ],
            [
              145.55414569800035,
              -17.153232222467686
            ],
            [
              145.55423419800033,
              -17.153327222467667
            ],
            [
              145.55444819800033,
              -17.153300722467666
            ],
            [
              145.55461019800038,
              -17.15342422246763
            ],
            [
              145.55462869800039,
              -17.153615222467668
            ],
            [
              145.55471069800043,
              -17.153744222467616
            ],
            [
              145.55483419800038,
              -17.15380572246763
            ],
            [
              145.55481769800033,
              -17.153949722467658
            ],
            [
              145.5548196980004,
              -17.154073722467626
            ],
            [
              145.55517169800038,
              -17.15395722246763
            ],
            [
              145.55544869800036,
              -17.15382222246762
            ],
            [
              145.55563619800043,
              -17.15383822246763
            ],
            [
              145.5557251980004,
              -17.15396522246759
            ],
            [
              145.55569819800039,
              -17.154076722467593
            ],
            [
              145.5554266980003,
              -17.15418222246762
            ],
            [
              145.5551381980003,
              -17.154312722467644
            ],
            [
              145.55495269800036,
              -17.154486722467603
            ],
            [
              145.55510119800041,
              -17.154553222467598
            ],
            [
              145.5550986980003,
              -17.154719222467627
            ],
            [
              145.55490319800032,
              -17.1547797224676
            ],
            [
              145.5546976980003,
              -17.154971722467636
            ],
            [
              145.5546861980003,
              -17.15504072246764
            ],
            [
              145.55456969800034,
              -17.155116222467615
            ],
            [
              145.55454869800036,
              -17.155221222467635
            ],
            [
              145.55467619800032,
              -17.155244222467623
            ],
            [
              145.55477919800038,
              -17.15535072246764
            ],
            [
              145.5549276980003,
              -17.155462722467636
            ],
            [
              145.55488019800035,
              -17.155596222467636
            ],
            [
              145.55482869800034,
              -17.155693222467633
            ],
            [
              145.5548551980003,
              -17.155775222467646
            ],
            [
              145.5550031980003,
              -17.1557437224676
            ],
            [
              145.5551336980004,
              -17.155763722467597
            ],
            [
              145.55516969800044,
              -17.155869222467615
            ],
            [
              145.55503819800032,
              -17.15615222246759
            ],
            [
              145.55518469800035,
              -17.156194222467594
            ],
            [
              145.5553586980004,
              -17.15610272246759
            ],
            [
              145.55559969800032,
              -17.156089222467603
            ],
            [
              145.5556606980004,
              -17.15619822246756
            ],
            [
              145.5555961980004,
              -17.156346722467575
            ],
            [
              145.5555941980004,
              -17.156445222467553
            ],
            [
              145.55546669800032,
              -17.156638722467587
            ],
            [
              145.55543019800035,
              -17.157022222467585
            ],
            [
              145.5553696980003,
              -17.157073722467565
            ],
            [
              145.55521519800033,
              -17.15691122246759
            ],
            [
              145.55506819800036,
              -17.1568867224676
            ],
            [
              145.55486619800033,
              -17.156931722467622
            ],
            [
              145.55474619800037,
              -17.157002222467618
            ],
            [
              145.55462319800034,
              -17.15727572246761
            ],
            [
              145.55451469800033,
              -17.157587222467626
            ],
            [
              145.55439469800027,
              -17.157711222467665
            ],
            [
              145.55441969800032,
              -17.157833222467623
            ],
            [
              145.55462319800034,
              -17.15798172246764
            ],
            [
              145.55469169800034,
              -17.158173722467605
            ],
            [
              145.5546576980003,
              -17.158383222467585
            ],
            [
              145.5544161980003,
              -17.158671722467613
            ],
            [
              145.5543076980004,
              -17.15917522246766
            ],
            [
              145.55435119800032,
              -17.15948822246765
            ],
            [
              145.5543591970003,
              -17.159776722467605
            ],
            [
              145.55422869700035,
              -17.160687222467622
            ],
            [
              145.55421269700028,
              -17.1609842224676
            ],
            [
              145.55407419700032,
              -17.16114772246759
            ],
            [
              145.55385819700032,
              -17.1611957224676
            ],
            [
              145.5536296970003,
              -17.161221222467592
            ],
            [
              145.55346419700032,
              -17.161225222467664
            ],
            [
              145.55331169700028,
              -17.16112472246764
            ],
            [
              145.55305069700034,
              -17.160839222467704
            ],
            [
              145.5530051980003,
              -17.160734222467696
            ],
            [
              145.55314019700032,
              -17.160686222467703
            ],
            [
              145.55316169800028,
              -17.160380722467686
            ],
            [
              145.55308569800027,
              -17.160046222467695
            ],
            [
              145.55291669800033,
              -17.159749722467723
            ],
            [
              145.55254669800027,
              -17.159224222467767
            ],
            [
              145.55235419800033,
              -17.15891972246775
            ],
            [
              145.55220919800024,
              -17.158666222467772
            ],
            [
              145.55203269800035,
              -17.158286222467783
            ],
            [
              145.55192669800036,
              -17.15799772246778
            ],
            [
              145.5518361980003,
              -17.157814722467794
            ],
            [
              145.5517491980003,
              -17.1570662224678
            ],
            [
              145.5518136980003,
              -17.156648722467775
            ],
            [
              145.55164019800029,
              -17.1558522224678
            ],
            [
              145.55150769800028,
              -17.155580722467803
            ],
            [
              145.55155519800033,
              -17.155384722467787
            ],
            [
              145.55140419800034,
              -17.155417222467836
            ],
            [
              145.55131919800036,
              -17.15528772246782
            ],
            [
              145.55126719800037,
              -17.15519072246783
            ],
            [
              145.55117819800031,
              -17.15521722246783
            ],
            [
              145.55117619800038,
              -17.155312222467828
            ],
            [
              145.55063769800032,
              -17.15564922246786
            ],
            [
              145.55063219800027,
              -17.155768722467844
            ],
            [
              145.55051869800027,
              -17.15586422146786
            ],
            [
              145.55025369800038,
              -17.155966221467896
            ],
            [
              145.5500251980003,
              -17.156058721467915
            ],
            [
              145.54982219800024,
              -17.156268721467885
            ],
            [
              145.5497951980003,
              -17.156404721467876
            ],
            [
              145.54977869800027,
              -17.15656822146793
            ],
            [
              145.54970769800028,
              -17.15672872146793
            ],
            [
              145.54960419800037,
              -17.15689822146789
            ],
            [
              145.54970869800022,
              -17.1572332214679
            ],
            [
              145.5496671980003,
              -17.157447221467933
            ],
            [
              145.54959119800023,
              -17.157662721467894
            ],
            [
              145.54934519800028,
              -17.1579547214679
            ],
            [
              145.54917569800037,
              -17.157996721467896
            ],
            [
              145.54914619800022,
              -17.158195721467905
            ],
            [
              145.54906169800026,
              -17.15836372146788
            ],
            [
              145.5489166980003,
              -17.15856722146787
            ],
            [
              145.54865919800034,
              -17.158613221467863
            ],
            [
              145.54849169800025,
              -17.15853372146788
            ],
            [
              145.54834369800025,
              -17.15838672146783
            ],
            [
              145.5482426980003,
              -17.158148221467876
            ],
            [
              145.54819319800026,
              -17.157750721467842
            ],
            [
              145.54807519800028,
              -17.15756672146785
            ],
            [
              145.54786569800024,
              -17.15735172146781
            ],
            [
              145.5478201980003,
              -17.157396721467805
            ],
            [
              145.54782569800034,
              -17.15747522146783
            ],
            [
              145.54771119800031,
              -17.157621721467805
            ],
            [
              145.5476396980002,
              -17.15784422146781
            ],
            [
              145.54754719800027,
              -17.15803772146783
            ],
            [
              145.54757269800024,
              -17.158141221467805
            ],
            [
              145.54773419800026,
              -17.15821922146784
            ],
            [
              145.54775219800018,
              -17.158338721467825
            ],
            [
              145.54763969800018,
              -17.158592221467874
            ],
            [
              145.54783719800025,
              -17.15886272146788
            ],
            [
              145.5478121980003,
              -17.158999221467873
            ],
            [
              145.54760519800027,
              -17.159178721467867
            ],
            [
              145.54754169800026,
              -17.15935472146782
            ],
            [
              145.54758519800032,
              -17.159910221467854
            ],
            [
              145.5475656980003,
              -17.160145221467815
            ],
            [
              145.54750119800028,
              -17.160357221467834
            ],
            [
              145.54739969800025,
              -17.160575721467847
            ],
            [
              145.54725519800022,
              -17.160801721467816
            ],
            [
              145.54717069800026,
              -17.16097172146777
            ],
            [
              145.5470831980003,
              -17.16117172146777
            ],
            [
              145.5471026980003,
              -17.161653221467724
            ],
            [
              145.54706869800023,
              -17.161782721467716
            ],
            [
              145.54691569800022,
              -17.161964721467697
            ],
            [
              145.54678919800025,
              -17.162072221467707
            ],
            [
              145.54663369800025,
              -17.162135721467706
            ],
            [
              145.5465306980003,
              -17.1621412214677
            ],
            [
              145.54641219800027,
              -17.163635721467642
            ],
            [
              145.54631819800028,
              -17.164881721467548
            ],
            [
              145.54621119800024,
              -17.16641522146745
            ],
            [
              145.54636269800022,
              -17.166398721467452
            ],
            [
              145.54668119700028,
              -17.16642472146745
            ],
            [
              145.54700919700025,
              -17.166364721467495
            ],
            [
              145.54718019700027,
              -17.166374721467477
            ],
            [
              145.54742219700023,
              -17.166374721467488
            ],
            [
              145.54752269700023,
              -17.166358721467482
            ],
            [
              145.54761869700027,
              -17.16624972146754
            ],
            [
              145.54754719700026,
              -17.166186221467534
            ],
            [
              145.54759469700022,
              -17.16614572146751
            ],
            [
              145.54774669700026,
              -17.166191221467518
            ],
            [
              145.54806269700026,
              -17.166142721467544
            ],
            [
              145.5482111970003,
              -17.165899721467554
            ],
            [
              145.54831719700024,
              -17.165900221467556
            ],
            [
              145.54851869700022,
              -17.166006221467573
            ],
            [
              145.54870919700025,
              -17.16619422146756
            ],
            [
              145.54876669700016,
              -17.166349221467552
            ],
            [
              145.5488281970002,
              -17.16645872146756
            ],
            [
              145.54896369700026,
              -17.166473721467586
            ],
            [
              145.5491256970002,
              -17.166402221467546
            ],
            [
              145.5492956970002,
              -17.166312722467605
            ],
            [
              145.54943369700024,
              -17.16632722246757
            ],
            [
              145.54944969700028,
              -17.166402722467605
            ],
            [
              145.5493116970003,
              -17.166576222467548
            ],
            [
              145.54926469700018,
              -17.166735722467543
            ],
            [
              145.54925069700022,
              -17.166879722467556
            ],
            [
              145.54934319700024,
              -17.166968222467567
            ],
            [
              145.5496996970002,
              -17.167200722467552
            ],
            [
              145.5499041970002,
              -17.167286222467563
            ],
            [
              145.54998669700012,
              -17.167468222467555
            ],
            [
              145.54989319700022,
              -17.167656722467523
            ],
            [
              145.54996019700016,
              -17.167747222467522
            ],
            [
              145.55021819700016,
              -17.167742722467526
            ],
            [
              145.5504401970002,
              -17.16751572246753
            ],
            [
              145.5504461970002,
              -17.16729922246752
            ],
            [
              145.55049569700023,
              -17.167262222467553
            ],
            [
              145.55067019700022,
              -17.167399722467533
            ],
            [
              145.55081119700014,
              -17.167395222467533
            ],
            [
              145.5509411970002,
              -17.16731372246752
            ],
            [
              145.55100869700019,
              -17.167181222467505
            ],
            [
              145.55113269700018,
              -17.16711872246749
            ],
            [
              145.55135719700016,
              -17.167095722467486
            ],
            [
              145.55153069700026,
              -17.167155222467493
            ],
            [
              145.55168369700021,
              -17.167350722467503
            ],
            [
              145.55187719700018,
              -17.167723222467437
            ],
            [
              145.55193119700021,
              -17.168060722467416
            ],
            [
              145.55197769700024,
              -17.168450222467445
            ],
            [
              145.55203669700023,
              -17.16863222246742
            ],
            [
              145.55176569700023,
              -17.169059722467424
            ],
            [
              145.55168969700017,
              -17.169248722467383
            ],
            [
              145.5515681970002,
              -17.16939122246736
            ],
            [
              145.55152319700017,
              -17.16951372246739
            ],
            [
              145.55141119700022,
              -17.169619722467413
            ],
            [
              145.55118219700023,
              -17.169701222467374
            ],
            [
              145.5507421970002,
              -17.169792722467385
            ],
            [
              145.55043519700018,
              -17.169931222467376
            ],
            [
              145.55026919700018,
              -17.169902222467407
            ],
            [
              145.55014069700022,
              -17.169911722467383
            ],
            [
              145.55007869700023,
              -17.169945722467418
            ],
            [
              145.55009619700013,
              -17.170024222467386
            ],
            [
              145.55035569700019,
              -17.17015722246737
            ],
            [
              145.5507976970002,
              -17.17058322246734
            ],
            [
              145.55111869700022,
              -17.170814222467353
            ],
            [
              145.55117769700018,
              -17.170939222467318
            ],
            [
              145.55126219700014,
              -17.171088722467335
            ],
            [
              145.55152319700017,
              -17.171249722467305
            ],
            [
              145.55170169700023,
              -17.17128572246732
            ],
            [
              145.55188019700014,
              -17.171275722467286
            ],
            [
              145.55206019700017,
              -17.171251722467282
            ],
            [
              145.55217969700016,
              -17.17129772246728
            ],
            [
              145.5522661970002,
              -17.17137322246726
            ],
            [
              145.5522711970002,
              -17.17147472246727
            ],
            [
              145.55219119700018,
              -17.171598222467246
            ],
            [
              145.55199519700022,
              -17.17163172246728
            ],
            [
              145.5517171970001,
              -17.171639722467262
            ],
            [
              145.55154919700018,
              -17.1715827224673
            ],
            [
              145.55141719700023,
              -17.171519722467302
            ],
            [
              145.55125919700015,
              -17.171452222467305
            ],
            [
              145.55113419700012,
              -17.171384222467303
            ],
            [
              145.5509706970001,
              -17.171326722467295
            ],
            [
              145.5507831970002,
              -17.171326722467295
            ],
            [
              145.55052719700015,
              -17.171373222467302
            ],
            [
              145.55022519700006,
              -17.171495722467334
            ],
            [
              145.5500726970001,
              -17.17152272246733
            ],
            [
              145.54979519700018,
              -17.171517222467333
            ],
            [
              145.54947669700013,
              -17.17144672246732
            ],
            [
              145.54927819700015,
              -17.17130522246729
            ],
            [
              145.54913669700022,
              -17.171137722467314
            ],
            [
              145.54900069700022,
              -17.17106272246733
            ],
            [
              145.54876919700018,
              -17.17101372246728
            ],
            [
              145.54858969700012,
              -17.171046721467306
            ],
            [
              145.54836319700019,
              -17.171161721467286
            ],
            [
              145.54817869700017,
              -17.17131072146724
            ],
            [
              145.54809719700017,
              -17.17143622146725
            ],
            [
              145.5480806970002,
              -17.171582721467264
            ],
            [
              145.54808319700024,
              -17.17169172146721
            ],
            [
              145.5481321970002,
              -17.171827721467206
            ],
            [
              145.5481536970002,
              -17.172013721467227
            ],
            [
              145.54828719700015,
              -17.172220721467216
            ],
            [
              145.54827769700023,
              -17.17239672146722
            ],
            [
              145.54809719700017,
              -17.172684721467164
            ],
            [
              145.5479716970002,
              -17.172853721467167
            ],
            [
              145.54773519700015,
              -17.173060221467136
            ],
            [
              145.54739969700017,
              -17.173172221467116
            ],
            [
              145.5470726970002,
              -17.17326872146708
            ],
            [
              145.54669969700015,
              -17.173364721467102
            ],
            [
              145.5464026970002,
              -17.173484221467064
            ],
            [
              145.54553869700027,
              -17.173531721467025
            ],
            [
              145.54525169700017,
              -17.17345972146704
            ],
            [
              145.5451211970002,
              -17.17345422146704
            ],
            [
              145.54492919700022,
              -17.173561221466997
            ],
            [
              145.54466219700026,
              -17.17370022146703
            ],
            [
              145.5443956970002,
              -17.17377622146699
            ],
            [
              145.54401069700023,
              -17.173872721466964
            ],
            [
              145.5437806970003,
              -17.173874221466946
            ],
            [
              145.54343219700021,
              -17.173925721466976
            ],
            [
              145.54304419700028,
              -17.17386972146695
            ],
            [
              145.54277369700023,
              -17.173977721466944
            ],
            [
              145.54269469700031,
              -17.17413272146694
            ],
            [
              145.5426976970003,
              -17.174315221466923
            ],
            [
              145.54293969700026,
              -17.174946221466893
            ],
            [
              145.5429696970003,
              -17.175188721466892
            ],
            [
              145.54291019700028,
              -17.175428221466856
            ],
            [
              145.54265419700027,
              -17.175681221466895
            ],
            [
              145.54250969700024,
              -17.175850221466856
            ],
            [
              145.54230019700026,
              -17.17597222146682
            ],
            [
              145.54208519700035,
              -17.17612222146683
            ],
            [
              145.54165969700037,
              -17.176390721466838
            ],
            [
              145.54140419700025,
              -17.176488721466814
            ],
            [
              145.54115869700027,
              -17.176546721466828
            ],
            [
              145.54106369700028,
              -17.176443221466805
            ],
            [
              145.54084019700034,
              -17.176519221466844
            ],
            [
              145.5407641970003,
              -17.17672872146682
            ],
            [
              145.54072019700033,
              -17.17686172146682
            ],
            [
              145.54073619700043,
              -17.176934721466814
            ],
            [
              145.54078419700036,
              -17.176983221466802
            ],
            [
              145.5408641970003,
              -17.17697522146682
            ],
            [
              145.54096769700035,
              -17.176840221466826
            ],
            [
              145.5411691970003,
              -17.17675572146681
            ],
            [
              145.54136919700036,
              -17.176813221466826
            ],
            [
              145.54157569700035,
              -17.176864221466825
            ],
            [
              145.5416231970003,
              -17.177019221466825
            ],
            [
              145.54155169700033,
              -17.17717822146682
            ],
            [
              145.5416826970003,
              -17.17723572146685
            ],
            [
              145.5417766970003,
              -17.17705622146685
            ],
            [
              145.54188869700036,
              -17.17703722146684
            ],
            [
              145.54193919700026,
              -17.177153721466834
            ],
            [
              145.54191719700034,
              -17.17729522146681
            ],
            [
              145.5418226970003,
              -17.17752272146679
            ],
            [
              145.5418561970003,
              -17.177694221466822
            ],
            [
              145.5419761970003,
              -17.17766522146683
            ],
            [
              145.54207719700028,
              -17.177480221466794
            ],
            [
              145.54213119700034,
              -17.177300721466796
            ],
            [
              145.54218319700033,
              -17.17708822146682
            ],
            [
              145.5423751970003,
              -17.176997721466837
            ],
            [
              145.54253419700024,
              -17.176892221466815
            ],
            [
              145.54278669700034,
              -17.17685472146686
            ],
            [
              145.54304119700032,
              -17.176871721466817
            ],
            [
              145.54318419700027,
              -17.17671922146687
            ],
            [
              145.54342419700023,
              -17.17664522146684
            ],
            [
              145.54380769700023,
              -17.176309721466843
            ],
            [
              145.54394319700026,
              -17.17620522146689
            ],
            [
              145.54421319700026,
              -17.175839221466916
            ],
            [
              145.54437119700017,
              -17.175635221466926
            ],
            [
              145.54450219700016,
              -17.175396221466922
            ],
            [
              145.54465969700018,
              -17.1753382214669
            ],
            [
              145.5448971970002,
              -17.175374721466927
            ],
            [
              145.54521469700026,
              -17.175488221466924
            ],
            [
              145.5453861970002,
              -17.175629721466915
            ],
            [
              145.54553969700024,
              -17.175917221466925
            ],
            [
              145.54558969700022,
              -17.176250221466926
            ],
            [
              145.5455711970002,
              -17.176563221466907
            ],
            [
              145.54549419700018,
              -17.17700472146686
            ],
            [
              145.5453776970002,
              -17.177212721466905
            ],
            [
              145.5452611970002,
              -17.177364721466844
            ],
            [
              145.54527319700017,
              -17.17775922146686
            ],
            [
              145.54532569700024,
              -17.177826721466857
            ],
            [
              145.54549769700026,
              -17.17779822146688
            ],
            [
              145.5457691970002,
              -17.177603221466875
            ],
            [
              145.54629519700018,
              -17.17712072146687
            ],
            [
              145.54651569700016,
              -17.176837721466917
            ],
            [
              145.54661369700025,
              -17.17669372146695
            ],
            [
              145.54669269700014,
              -17.176514221466952
            ],
            [
              145.54681519700026,
              -17.176171221466934
            ],
            [
              145.5469701970002,
              -17.17589622146696
            ],
            [
              145.54710669700023,
              -17.175708721466993
            ],
            [
              145.54734069700018,
              -17.17563222146696
            ],
            [
              145.54768319700017,
              -17.175607721466992
            ],
            [
              145.54812969700012,
              -17.17542822146701
            ],
            [
              145.54847819700004,
              -17.175311222467034
            ],
            [
              145.54888069700013,
              -17.175147722467077
            ],
            [
              145.5491226970001,
              -17.17488772246707
            ],
            [
              145.5497461970001,
              -17.17470522246713
            ],
            [
              145.55007069700002,
              -17.174577722467177
            ],
            [
              145.55024469700007,
              -17.174574722467185
            ],
            [
              145.550410197,
              -17.174758722467164
            ],
            [
              145.55044819700007,
              -17.174965722467128
            ],
            [
              145.55052069700005,
              -17.175192722467116
            ],
            [
              145.55071769700015,
              -17.17550972246709
            ],
            [
              145.5509206970001,
              -17.175705222467098
            ],
            [
              145.5508521970001,
              -17.17584922246707
            ],
            [
              145.55051769700006,
              -17.175949222467104
            ],
            [
              145.55018719700007,
              -17.175896222467067
            ],
            [
              145.54979419700012,
              -17.175753722467096
            ],
            [
              145.5495401970001,
              -17.17573072246709
            ],
            [
              145.5490551970001,
              -17.175918222467033
            ],
            [
              145.5488261970001,
              -17.176143722467014
            ],
            [
              145.54861969700013,
              -17.17639972246703
            ],
            [
              145.54850269700017,
              -17.176731722466965
            ],
            [
              145.54852169700015,
              -17.17696572246699
            ],
            [
              145.54859519700014,
              -17.177175222466964
            ],
            [
              145.54880069700016,
              -17.17744972246695
            ],
            [
              145.54885619600017,
              -17.177640722466958
            ],
            [
              145.54913619600015,
              -17.177875222466945
            ],
            [
              145.5493431960002,
              -17.17781522246699
            ],
            [
              145.54946269600015,
              -17.17786822246697
            ],
            [
              145.5493761960001,
              -17.178185222466944
            ],
            [
              145.54933869600015,
              -17.178343222466932
            ],
            [
              145.54950669600015,
              -17.17857172246691
            ],
            [
              145.54988419600016,
              -17.178799222466917
            ],
            [
              145.55004519600013,
              -17.178831722466942
            ],
            [
              145.55030069600008,
              -17.178691722466898
            ],
            [
              145.5504356960001,
              -17.178657722466934
            ],
            [
              145.55063869600016,
              -17.178743222466935
            ],
            [
              145.55077169600014,
              -17.17887822246693
            ],
            [
              145.55075569600007,
              -17.179107722466895
            ],
            [
              145.55062819600013,
              -17.17939072246685
            ],
            [
              145.5505001960001,
              -17.179619222466894
            ],
            [
              145.55013819600012,
              -17.179964722466856
            ],
            [
              145.54976719600015,
              -17.180203222466858
            ],
            [
              145.54944319600017,
              -17.18033922246685
            ],
            [
              145.54903769600014,
              -17.180360722466844
            ],
            [
              145.54860919600014,
              -17.180350722466798
            ],
            [
              145.54832019600022,
              -17.180405722466812
            ],
            [
              145.5479326960002,
              -17.18055272246678
            ],
            [
              145.54755169600017,
              -17.18074622246679
            ],
            [
              145.5472756960002,
              -17.180777721466775
            ],
            [
              145.54694569600022,
              -17.18074322146675
            ],
            [
              145.5466981960002,
              -17.180691721466754
            ],
            [
              145.5465331960002,
              -17.18055622146677
            ],
            [
              145.54638219600025,
              -17.180490221466755
            ],
            [
              145.54647169600022,
              -17.180787721466736
            ],
            [
              145.5464451960002,
              -17.181077221466726
            ],
            [
              145.54639319600025,
              -17.181392721466715
            ],
            [
              145.54635469600026,
              -17.181564221466733
            ],
            [
              145.54603119600026,
              -17.1817772214667
            ],
            [
              145.54526119600027,
              -17.182014221466716
            ],
            [
              145.54497519600034,
              -17.182036221466713
            ],
            [
              145.54474669600026,
              -17.181910721466696
            ],
            [
              145.54456319600024,
              -17.181771221466718
            ],
            [
              145.54445869600033,
              -17.18185122146673
            ],
            [
              145.54425819600036,
              -17.18185722146673
            ],
            [
              145.5442801960003,
              -17.181912721466695
            ],
            [
              145.54436019600033,
              -17.181944221466726
            ],
            [
              145.5444786960003,
              -17.181922721466723
            ],
            [
              145.5446916960003,
              -17.182131221466705
            ],
            [
              145.54456019600025,
              -17.18211272146669
            ],
            [
              145.54435919600033,
              -17.182049721466683
            ],
            [
              145.54428169600033,
              -17.182096721466674
            ],
            [
              145.54438319600024,
              -17.182202721466687
            ],
            [
              145.54450469600036,
              -17.18227522146667
            ],
            [
              145.54452919600033,
              -17.182397721466707
            ],
            [
              145.54469469600028,
              -17.182486721466702
            ],
            [
              145.5448801960002,
              -17.1825287214667
            ],
            [
              145.54507319600032,
              -17.182547721466715
            ],
            [
              145.54520419600033,
              -17.18260222146668
            ],
            [
              145.54534719600028,
              -17.182727221466706
            ],
            [
              145.54538419600033,
              -17.18284772146669
            ],
            [
              145.54517269600024,
              -17.18306072146665
            ],
            [
              145.54514719600024,
              -17.183184721466684
            ],
            [
              145.54504419600028,
              -17.183294721466684
            ],
            [
              145.54505819600024,
              -17.183328221466642
            ],
            [
              145.54513469600036,
              -17.183361721466678
            ],
            [
              145.54535369600035,
              -17.183158221466687
            ],
            [
              145.54550919600024,
              -17.18311772146667
            ],
            [
              145.54566019600028,
              -17.183148721466655
            ],
            [
              145.54573469600027,
              -17.18330222146666
            ],
            [
              145.54582219600022,
              -17.18337072146665
            ],
            [
              145.54590069600033,
              -17.183477221466656
            ],
            [
              145.54588719600028,
              -17.18325972146665
            ],
            [
              145.54591669600026,
              -17.18310772146664
            ],
            [
              145.5460276960002,
              -17.182973721466645
            ],
            [
              145.54618769600026,
              -17.18291772146668
            ],
            [
              145.54658469600025,
              -17.182813721466655
            ],
            [
              145.5470216960003,
              -17.182756721466692
            ],
            [
              145.5475311960002,
              -17.182572222466703
            ],
            [
              145.54787919600025,
              -17.182435722466717
            ],
            [
              145.54822069600021,
              -17.182403722466685
            ],
            [
              145.54876269600018,
              -17.182542222466676
            ],
            [
              145.54911869600016,
              -17.182534222466696
            ],
            [
              145.54943569600016,
              -17.182606222466692
            ],
            [
              145.5495271960002,
              -17.182728222466714
            ],
            [
              145.54944469600017,
              -17.182874722466682
            ],
            [
              145.54911819600022,
              -17.183038222466706
            ],
            [
              145.54888469600024,
              -17.18312472246665
            ],
            [
              145.54868619600018,
              -17.183176722466687
            ],
            [
              145.54861969600017,
              -17.18325822246664
            ],
            [
              145.5489006960002,
              -17.183367722466652
            ],
            [
              145.54912119600021,
              -17.183536222466678
            ],
            [
              145.54952369600016,
              -17.18378672246665
            ],
            [
              145.54972319600017,
              -17.183943222466652
            ],
            [
              145.54975169600016,
              -17.18410522246664
            ],
            [
              145.54970419600022,
              -17.184517722466595
            ],
            [
              145.5496346960002,
              -17.18464322246661
            ],
            [
              145.54944069600018,
              -17.184674222466594
            ],
            [
              145.54913119600025,
              -17.184912722466596
            ],
            [
              145.5487741960002,
              -17.18506422246654
            ],
            [
              145.54871769600018,
              -17.185155722466604
            ],
            [
              145.54884119600015,
              -17.18518822246658
            ],
            [
              145.54900519600022,
              -17.185123722466564
            ],
            [
              145.5492376960002,
              -17.185021222466602
            ],
            [
              145.54952069600014,
              -17.185140222466572
            ],
            [
              145.54958569600012,
              -17.18522122246654
            ],
            [
              145.54958569600012,
              -17.18543222246656
            ],
            [
              145.54957369600015,
              -17.185654722466563
            ],
            [
              145.54964869600022,
              -17.185667722466533
            ],
            [
              145.54972869600022,
              -17.18562822246657
            ],
            [
              145.54975969600017,
              -17.18538072246658
            ],
            [
              145.54982219600018,
              -17.185146722466566
            ],
            [
              145.54990419600017,
              -17.185042722466605
            ],
            [
              145.55005169600022,
              -17.185011722466573
            ],
            [
              145.55016369600017,
              -17.18491472246659
            ],
            [
              145.55024919600024,
              -17.184894722466588
            ],
            [
              145.55032319600014,
              -17.18465522246658
            ],
            [
              145.5504566960002,
              -17.184490722466602
            ],
            [
              145.55100619600023,
              -17.184098722466643
            ],
            [
              145.55135219600018,
              -17.183842222466613
            ],
            [
              145.55166469600024,
              -17.183575722466617
            ],
            [
              145.55187969600019,
              -17.183301722466638
            ],
            [
              145.55201069600017,
              -17.182972722466697
            ],
            [
              145.55209769600017,
              -17.182542722466668
            ],
            [
              145.55221619600016,
              -17.182191222466724
            ],
            [
              145.55243919600017,
              -17.18194622246672
            ],
            [
              145.55271019600016,
              -17.181804722466744
            ],
            [
              145.55322169600018,
              -17.18145622246674
            ],
            [
              145.55356719600016,
              -17.181238722466784
            ],
            [
              145.55422569600026,
              -17.180906722466776
            ],
            [
              145.5546911960002,
              -17.18073522246677
            ],
            [
              145.5550696960002,
              -17.18075472246678
            ],
            [
              145.5553006960002,
              -17.18080722246675
            ],
            [
              145.55560569600019,
              -17.18099622246678
            ],
            [
              145.55578219600025,
              -17.181174222466776
            ],
            [
              145.5557711960002,
              -17.181419222466776
            ],
            [
              145.55564619600028,
              -17.181569222466724
            ],
            [
              145.5552871960003,
              -17.18197622246669
            ],
            [
              145.55498469600013,
              -17.182199722466688
            ],
            [
              145.5547896960002,
              -17.18224222246669
            ],
            [
              145.55460169600025,
              -17.182347222466703
            ],
            [
              145.5539161960002,
              -17.182627722466666
            ],
            [
              145.55371419600024,
              -17.182788722466647
            ],
            [
              145.55336069600017,
              -17.183006722466658
            ],
            [
              145.55297919600017,
              -17.18322272246666
            ],
            [
              145.55272069600022,
              -17.183489222466665
            ],
            [
              145.5523831960002,
              -17.183957222466596
            ],
            [
              145.55230969600018,
              -17.184275722466563
            ],
            [
              145.55230319600017,
              -17.184562222466568
            ],
            [
              145.55236719600026,
              -17.184826222466565
            ],
            [
              145.55203019600017,
              -17.18499772246658
            ],
            [
              145.55181269600024,
              -17.185432722466537
            ],
            [
              145.55184869600023,
              -17.185711722466493
            ],
            [
              145.55172969600022,
              -17.185968722466527
            ],
            [
              145.55171319600015,
              -17.18616372246647
            ],
            [
              145.55203669600024,
              -17.185880722466507
            ],
            [
              145.5520231960002,
              -17.186158222466478
            ],
            [
              145.55195319600028,
              -17.186247222466484
            ],
            [
              145.55199619600026,
              -17.186423222466484
            ],
            [
              145.55194619600016,
              -17.186599222466477
            ],
            [
              145.5518486960002,
              -17.186758722466482
            ],
            [
              145.55179369600026,
              -17.186963222466463
            ],
            [
              145.55158219600017,
              -17.187144222466447
            ],
            [
              145.55157969600023,
              -17.18722822246645
            ],
            [
              145.55198669600023,
              -17.187167722466437
            ],
            [
              145.55202219600022,
              -17.18739872246641
            ],
            [
              145.55219819600023,
              -17.187415222466417
            ],
            [
              145.55218219600022,
              -17.187240722466417
            ],
            [
              145.55223569600017,
              -17.18714572246644
            ],
            [
              145.55224619600023,
              -17.18672072246645
            ],
            [
              145.55247369600028,
              -17.18639422246649
            ],
            [
              145.55243119600024,
              -17.186087222466494
            ],
            [
              145.55250219600026,
              -17.18594122246647
            ],
            [
              145.5524391960002,
              -17.185695722466544
            ],
            [
              145.55254819600026,
              -17.185426222466546
            ],
            [
              145.5530211960002,
              -17.185146222466532
            ],
            [
              145.55308669600015,
              -17.18501922246652
            ],
            [
              145.55332669600028,
              -17.184841722466576
            ],
            [
              145.55355369600028,
              -17.184683722466588
            ],
            [
              145.55370269600024,
              -17.184567722466547
            ],
            [
              145.55395119600024,
              -17.184739722466556
            ],
            [
              145.55416219600028,
              -17.184992722466532
            ],
            [
              145.5542851960002,
              -17.18517172246652
            ],
            [
              145.55424219600022,
              -17.185361722466542
            ],
            [
              145.5544611960002,
              -17.185195222466522
            ],
            [
              145.55442419600018,
              -17.184992722466518
            ],
            [
              145.55423669600026,
              -17.18476072246655
            ],
            [
              145.55414169600027,
              -17.184597222466586
            ],
            [
              145.55424269600022,
              -17.18444822246656
            ],
            [
              145.55445969600027,
              -17.184407222466557
            ],
            [
              145.55482069600026,
              -17.184379222466568
            ],
            [
              145.5556731960002,
              -17.184269722466574
            ],
            [
              145.55589069600032,
              -17.184314722466578
            ],
            [
              145.55613369600027,
              -17.184127722466606
            ],
            [
              145.55670669500032,
              -17.18414822246662
            ],
            [
              145.55700569500027,
              -17.184401222466587
            ],
            [
              145.55707119500028,
              -17.184742722466563
            ],
            [
              145.55714869500022,
              -17.185096722466554
            ],
            [
              145.55715869500034,
              -17.185381222466567
            ],
            [
              145.55727069500028,
              -17.18587922246654
            ],
            [
              145.5572636950003,
              -17.186048222466486
            ],
            [
              145.55738919500024,
              -17.186265222466496
            ],
            [
              145.55745619500033,
              -17.186459722466466
            ],
            [
              145.55744819500032,
              -17.186568222466466
            ],
            [
              145.55749769500028,
              -17.186663222466503
            ],
            [
              145.55764069500023,
              -17.186566222466464
            ],
            [
              145.5580936950003,
              -17.18690122246646
            ],
            [
              145.5581411950003,
              -17.18707772246646
            ],
            [
              145.55865719500025,
              -17.187493222466422
            ],
            [
              145.55922169500028,
              -17.187934222466435
            ],
            [
              145.55948419500038,
              -17.188025722466428
            ],
            [
              145.55962169500032,
              -17.187965722466405
            ],
            [
              145.55969019500031,
              -17.187712222466455
            ],
            [
              145.55975419500038,
              -17.186867222466525
            ],
            [
              145.55981369500037,
              -17.1866152224665
            ],
            [
              145.5597016950003,
              -17.18643172246651
            ],
            [
              145.5597281950003,
              -17.186086722466552
            ],
            [
              145.55962269500023,
              -17.185256222466588
            ],
            [
              145.55959469500036,
              -17.18469022246662
            ],
            [
              145.5595316950003,
              -17.184258722466662
            ],
            [
              145.55962819500033,
              -17.183631222466694
            ],
            [
              145.55979219500037,
              -17.183345722466683
            ],
            [
              145.55998769500027,
              -17.183053222466715
            ],
            [
              145.56013069500037,
              -17.182763222466725
            ],
            [
              145.56027919500028,
              -17.18232822246677
            ],
            [
              145.5604686950003,
              -17.182180722466754
            ],
            [
              145.56109269500033,
              -17.1821497224668
            ],
            [
              145.5615891950003,
              -17.182153722466794
            ],
            [
              145.56184119500034,
              -17.182298723466815
            ],
            [
              145.5620736950004,
              -17.182760723466775
            ],
            [
              145.56208619500038,
              -17.183063723466788
            ],
            [
              145.5620441950004,
              -17.183320223466758
            ],
            [
              145.5618506950004,
              -17.183669723466746
            ],
            [
              145.56172419500032,
              -17.183951723466702
            ],
            [
              145.5617156950004,
              -17.18439322346671
            ],
            [
              145.56163569500035,
              -17.184814223466688
            ],
            [
              145.5616696950004,
              -17.185150723466677
            ],
            [
              145.56183369500033,
              -17.185537723466645
            ],
            [
              145.5619346950004,
              -17.18587472346664
            ],
            [
              145.56194319500034,
              -17.1863082234666
            ],
            [
              145.56191369500036,
              -17.186564723466567
            ],
            [
              145.5619891950003,
              -17.18699822346659
            ],
            [
              145.56235119500036,
              -17.187886223466514
            ],
            [
              145.5624141950004,
              -17.188391223466468
            ],
            [
              145.56233869500045,
              -17.188816223466453
            ],
            [
              145.56218819500043,
              -17.189262723466435
            ],
            [
              145.5620931950004,
              -17.18955922346639
            ],
            [
              145.5619711950004,
              -17.189993223466413
            ],
            [
              145.56199419500035,
              -17.190326723466374
            ],
            [
              145.5621196950004,
              -17.190642223466384
            ],
            [
              145.56230669500042,
              -17.190971723466408
            ],
            [
              145.56253469500038,
              -17.191164223466444
            ],
            [
              145.56267369500043,
              -17.191345223466445
            ],
            [
              145.5627576950004,
              -17.192013223466432
            ],
            [
              145.56279919400038,
              -17.19258772346647
            ],
            [
              145.56286219400045,
              -17.19289622346648
            ],
            [
              145.56280869400038,
              -17.19321772346647
            ],
            [
              145.56274569400048,
              -17.19344972346645
            ],
            [
              145.5626991940004,
              -17.193727223466443
            ],
            [
              145.5626011940004,
              -17.19386722346648
            ],
            [
              145.56245619400045,
              -17.19398822346645
            ],
            [
              145.56233869400046,
              -17.19409772346646
            ],
            [
              145.56218819400044,
              -17.194272723466472
            ],
            [
              145.56207219400036,
              -17.194263223466436
            ],
            [
              145.56193069400035,
              -17.19428622346642
            ],
            [
              145.56180769400044,
              -17.194362723466455
            ],
            [
              145.56166119400035,
              -17.194537223466416
            ],
            [
              145.56155669400036,
              -17.194710723466432
            ],
            [
              145.5613811940004,
              -17.194809723466463
            ],
            [
              145.56124369400035,
              -17.19485522346645
            ],
            [
              145.56112519400034,
              -17.19492722346644
            ],
            [
              145.56104269400038,
              -17.195032223466406
            ],
            [
              145.56099869400043,
              -17.19519022346641
            ],
            [
              145.56087669400034,
              -17.195213223466396
            ],
            [
              145.56062919400037,
              -17.19512922346644
            ],
            [
              145.56059969400036,
              -17.195190723466386
            ],
            [
              145.56062169400028,
              -17.19528522346644
            ],
            [
              145.5607791940003,
              -17.195336723466422
            ],
            [
              145.56091919400043,
              -17.19534972346646
            ],
            [
              145.56109319400034,
              -17.195323223466414
            ],
            [
              145.5611766940004,
              -17.195279223466414
            ],
            [
              145.56120419400037,
              -17.195203723466435
            ],
            [
              145.56119869400035,
              -17.195094723466426
            ],
            [
              145.56124269400036,
              -17.195033723466405
            ],
            [
              145.5614771940004,
              -17.194988223466407
            ],
            [
              145.5616491940004,
              -17.194916223466425
            ],
            [
              145.56176619400034,
              -17.19479972346644
            ],
            [
              145.5618801940004,
              -17.194657223466464
            ],
            [
              145.5620131940004,
              -17.194613723466464
            ],
            [
              145.5621381940004,
              -17.194686223466455
            ],
            [
              145.56219019400038,
              -17.194805723466434
            ],
            [
              145.56219919400039,
              -17.194996723466467
            ],
            [
              145.56209119400046,
              -17.19512922346648
            ],
            [
              145.56204019400036,
              -17.195256723466443
            ],
            [
              145.56192769400036,
              -17.195382223466464
            ],
            [
              145.56189319400036,
              -17.195521223466454
            ],
            [
              145.56177169400038,
              -17.195696723466465
            ],
            [
              145.56181919400032,
              -17.195803223466477
            ],
            [
              145.56178869400037,
              -17.19591172346644
            ],
            [
              145.5616941940004,
              -17.19602572346648
            ],
            [
              145.56181719400033,
              -17.196087723466434
            ],
            [
              145.56196469400035,
              -17.195908223466443
            ],
            [
              145.56194119400035,
              -17.19568522346643
            ],
            [
              145.56202869400042,
              -17.19558422346647
            ],
            [
              145.56206469400036,
              -17.195494723466467
            ],
            [
              145.5622056940004,
              -17.195374723466493
            ],
            [
              145.56227419400042,
              -17.195203723466463
            ],
            [
              145.5623941940004,
              -17.195037723466484
            ],
            [
              145.56244919400038,
              -17.19490672346648
            ],
            [
              145.56240919400042,
              -17.19475422346646
            ],
            [
              145.56243619400038,
              -17.194607723466497
            ],
            [
              145.56254319400043,
              -17.194521223466484
            ],
            [
              145.56268969400037,
              -17.19452672346647
            ],
            [
              145.56280519400036,
              -17.194649723466455
            ],
            [
              145.56275569400046,
              -17.19475822346647
            ],
            [
              145.56277469400038,
              -17.194919723466462
            ],
            [
              145.56282619400042,
              -17.19500722346647
            ],
            [
              145.56275369400043,
              -17.195131223466497
            ],
            [
              145.56270869400043,
              -17.195329723466504
            ],
            [
              145.5625826940004,
              -17.19549122346649
            ],
            [
              145.56251319400042,
              -17.195663223466457
            ],
            [
              145.5624816940004,
              -17.19578622346649
            ],
            [
              145.56259269400036,
              -17.195756223466514
            ],
            [
              145.56270369400045,
              -17.195614723466473
            ],
            [
              145.56282319400043,
              -17.19549672346648
            ],
            [
              145.56297269400045,
              -17.195502223466484
            ],
            [
              145.56314219400042,
              -17.195479723466494
            ],
            [
              145.56329619400037,
              -17.19550822346654
            ],
            [
              145.5634486940004,
              -17.195523223466495
            ],
            [
              145.56340119400045,
              -17.19526622346652
            ],
            [
              145.56327719400042,
              -17.195136723466497
            ],
            [
              145.56329819400037,
              -17.195007223466487
            ],
            [
              145.56341819400043,
              -17.195077723466483
            ],
            [
              145.5634846940004,
              -17.194954223466507
            ],
            [
              145.5634811940004,
              -17.194819223466506
            ],
            [
              145.5636666940004,
              -17.194744223466536
            ],
            [
              145.56375319400038,
              -17.194729723466516
            ],
            [
              145.5638196940004,
              -17.194615223466513
            ],
            [
              145.56380069400043,
              -17.194478223466533
            ],
            [
              145.56397019400038,
              -17.19407672346651
            ],
            [
              145.56419519400043,
              -17.193922223466522
            ],
            [
              145.56437669400043,
              -17.193735723466542
            ],
            [
              145.56457419400047,
              -17.193524723466503
            ],
            [
              145.56488769400042,
              -17.19310822346654
            ],
            [
              145.56500169400047,
              -17.19290822346655
            ],
            [
              145.56529619400047,
              -17.19252772346652
            ],
            [
              145.5655006940005,
              -17.19222672346654
            ],
            [
              145.5659346940004,
              -17.1918997234665
            ],
            [
              145.56632169400044,
              -17.19172122346648
            ],
            [
              145.56669269400038,
              -17.191735723466493
            ],
            [
              145.56720369400048,
              -17.1916212234665
            ],
            [
              145.5676561940004,
              -17.19147422346646
            ],
            [
              145.56803969400036,
              -17.19128822346646
            ],
            [
              145.56864869400042,
              -17.19093622346643
            ],
            [
              145.56871319400042,
              -17.190830223466474
            ],
            [
              145.5690236940004,
              -17.19075172346643
            ],
            [
              145.56930869400034,
              -17.190580223466462
            ],
            [
              145.56959719400035,
              -17.19063372346644
            ],
            [
              145.56981219400035,
              -17.19058622346646
            ],
            [
              145.5700476940004,
              -17.190630223466457
            ],
            [
              145.57024719400042,
              -17.190752723466428
            ],
            [
              145.57033019400043,
              -17.190571723466423
            ],
            [
              145.57052369400034,
              -17.190436723466426
            ],
            [
              145.57069219400043,
              -17.190260223466417
            ],
            [
              145.5708871940004,
              -17.19018422346643
            ],
            [
              145.57124419400037,
              -17.190179223466448
            ],
            [
              145.57142519400037,
              -17.190122723466423
            ],
            [
              145.57164519400038,
              -17.189998223466443
            ],
            [
              145.57175869400038,
              -17.189848223466438
            ],
            [
              145.57189069400042,
              -17.189609723466486
            ],
            [
              145.57194969400032,
              -17.189422723466457
            ],
            [
              145.5720696940004,
              -17.189348723466466
            ],
            [
              145.5722876940003,
              -17.18937772346646
            ],
            [
              145.5726966940004,
              -17.189675223466434
            ],
            [
              145.57303169400035,
              -17.19010922346646
            ],
            [
              145.57318669400027,
              -17.19032022346645
            ],
            [
              145.57349969400028,
              -17.19040772346646
            ],
            [
              145.57366269400035,
              -17.190533223466485
            ],
            [
              145.5737676940003,
              -17.19071222346649
            ],
            [
              145.57372319400034,
              -17.19094072346649
            ],
            [
              145.57387019400034,
              -17.191368723466493
            ],
            [
              145.57399219400037,
              -17.1916642234665
            ],
            [
              145.5741776940003,
              -17.1924777234665
            ],
            [
              145.57421969400028,
              -17.192813723466507
            ],
            [
              145.5740866940003,
              -17.193312723466498
            ],
            [
              145.57371619400038,
              -17.193757223466523
            ],
            [
              145.57323319400035,
              -17.19415772346653
            ],
            [
              145.57288119400033,
              -17.194268223466477
            ],
            [
              145.57256119400034,
              -17.194310723466476
            ],
            [
              145.5722436940004,
              -17.1941442234665
            ],
            [
              145.57202669400036,
              -17.194103723466483
            ],
            [
              145.57178669400034,
              -17.194150723466485
            ],
            [
              145.5717176940004,
              -17.194279723466497
            ],
            [
              145.57168119400038,
              -17.194570723466498
            ],
            [
              145.57153419400032,
              -17.194583723466465
            ],
            [
              145.57130819400032,
              -17.194597723466494
            ],
            [
              145.57109869400034,
              -17.194745723466514
            ],
            [
              145.57078969400033,
              -17.195166723466485
            ],
            [
              145.57069819400039,
              -17.195474723466504
            ],
            [
              145.5704986940004,
              -17.195659223466496
            ],
            [
              145.57014219400034,
              -17.19583322346652
            ],
            [
              145.56984469400035,
              -17.195936223466546
            ],
            [
              145.56954969400044,
              -17.19600422346655
            ],
            [
              145.56925719400036,
              -17.195999223466497
            ],
            [
              145.56951419400033,
              -17.196192223466536
            ],
            [
              145.56945719400036,
              -17.196301723466544
            ],
            [
              145.56984719400043,
              -17.196280223466538
            ],
            [
              145.57013269400042,
              -17.19632772346652
            ],
            [
              145.57039919400034,
              -17.19647572346655
            ],
            [
              145.57054119400036,
              -17.196620723466534
            ],
            [
              145.5705136940004,
              -17.196793223466553
            ],
            [
              145.5704251940004,
              -17.196935223466536
            ],
            [
              145.57020819400037,
              -17.19710822346655
            ],
            [
              145.57000969400036,
              -17.19730372346652
            ],
            [
              145.5701151940004,
              -17.197352223466513
            ],
            [
              145.57029219400042,
              -17.19724522346655
            ],
            [
              145.5707306940004,
              -17.197126723466507
            ],
            [
              145.5710031940003,
              -17.19712822346656
            ],
            [
              145.57104169400037,
              -17.197342223466535
            ],
            [
              145.5709776940003,
              -17.197445223466563
            ],
            [
              145.57095869400035,
              -17.197709223466518
            ],
            [
              145.57101269400036,
              -17.197866723466525
            ],
            [
              145.57112619400036,
              -17.19812772346655
            ],
            [
              145.57131719300028,
              -17.19830472346656
            ],
            [
              145.57147169300035,
              -17.19847422346654
            ],
            [
              145.57147069300032,
              -17.198609223466544
            ],
            [
              145.57144219300034,
              -17.19870922346656
            ],
            [
              145.57106619300038,
              -17.19906972346658
            ],
            [
              145.57077119300035,
              -17.199141223466565
            ],
            [
              145.5707696930004,
              -17.19937422346655
            ],
            [
              145.57060569300035,
              -17.199561723466584
            ],
            [
              145.5705906930004,
              -17.19975222346656
            ],
            [
              145.5705091930003,
              -17.19991972346654
            ],
            [
              145.57032819300034,
              -17.200037223466584
            ],
            [
              145.5698911930004,
              -17.200139223466554
            ],
            [
              145.56968619300034,
              -17.200246223466575
            ],
            [
              145.5695196930004,
              -17.20022522346658
            ],
            [
              145.5695281930004,
              -17.200040723466582
            ],
            [
              145.56946769300038,
              -17.199922723466592
            ],
            [
              145.56931969300032,
              -17.19991372346657
            ],
            [
              145.56902719400045,
              -17.199916223466552
            ],
            [
              145.5687991940004,
              -17.199883723466577
            ],
            [
              145.56866919400042,
              -17.199903723466587
            ],
            [
              145.56864769400045,
              -17.200036223466608
            ],
            [
              145.56847169400044,
              -17.20018072346658
            ],
            [
              145.5687631940004,
              -17.20032022346657
            ],
            [
              145.5689531930004,
              -17.200501723466562
            ],
            [
              145.5690831930004,
              -17.200673723466593
            ],
            [
              145.56911669300038,
              -17.200822723466622
            ],
            [
              145.56908669300032,
              -17.201047723466615
            ],
            [
              145.56899619300037,
              -17.201277723466596
            ],
            [
              145.56898069300036,
              -17.20144672346659
            ],
            [
              145.5692181930004,
              -17.201268723466566
            ],
            [
              145.56947669300035,
              -17.20108422346658
            ],
            [
              145.56967319300037,
              -17.201096223466593
            ],
            [
              145.5699241930003,
              -17.20117172346659
            ],
            [
              145.57007569300035,
              -17.201335223466575
            ],
            [
              145.57017569300032,
              -17.20153022346659
            ],
            [
              145.57033869300034,
              -17.20162522346658
            ],
            [
              145.5706336930004,
              -17.201700223466617
            ],
            [
              145.57083919300038,
              -17.2018162234666
            ],
            [
              145.57099069300037,
              -17.201979723466597
            ],
            [
              145.57108869300035,
              -17.202119223466596
            ],
            [
              145.57129119300035,
              -17.20215522346661
            ],
            [
              145.57157219300035,
              -17.202046223466606
            ],
            [
              145.57177169300033,
              -17.20206472346661
            ],
            [
              145.57202569300037,
              -17.20222422346661
            ],
            [
              145.57212669300037,
              -17.20235822346661
            ],
            [
              145.57215369300027,
              -17.20248222346659
            ],
            [
              145.57207919300023,
              -17.202755723466584
            ],
            [
              145.57199819300024,
              -17.20289822346663
            ],
            [
              145.57197419300033,
              -17.203300723466636
            ],
            [
              145.5720076930003,
              -17.203505223466635
            ],
            [
              145.57214469300027,
              -17.203790723466597
            ],
            [
              145.57237669300028,
              -17.204014223466608
            ],
            [
              145.57247469300037,
              -17.20415372346665
            ],
            [
              145.5725701930003,
              -17.20407672346663
            ],
            [
              145.57269819300026,
              -17.20381772346665
            ],
            [
              145.57291169300026,
              -17.203657723466645
            ],
            [
              145.5732051930003,
              -17.20353622346662
            ],
            [
              145.57359319300033,
              -17.203338724466672
            ],
            [
              145.57387319300028,
              -17.203352224466624
            ],
            [
              145.57418769300034,
              -17.203482224466644
            ],
            [
              145.5746476930003,
              -17.20366622446665
            ],
            [
              145.57486219300026,
              -17.20380522446665
            ],
            [
              145.5749711930002,
              -17.20400522446665
            ],
            [
              145.57495069300032,
              -17.204135724466667
            ],
            [
              145.5748386930003,
              -17.204347224466645
            ],
            [
              145.5746331930003,
              -17.204610724466658
            ],
            [
              145.57451519300022,
              -17.20482222446665
            ],
            [
              145.57433969300027,
              -17.20497472446666
            ],
            [
              145.5747746930003,
              -17.20511372446664
            ],
            [
              145.57500419300024,
              -17.20518022446664
            ],
            [
              145.57538969300023,
              -17.20520872446669
            ],
            [
              145.57578769300022,
              -17.205222724466662
            ],
            [
              145.57602619300027,
              -17.20527122446666
            ],
            [
              145.57620769300019,
              -17.205338724466664
            ],
            [
              145.57640569300028,
              -17.205557724466658
            ],
            [
              145.57677319300035,
              -17.205919224466662
            ],
            [
              145.57690319300022,
              -17.206109724466675
            ],
            [
              145.57683519300028,
              -17.20630722446663
            ],
            [
              145.5768621930002,
              -17.206479724466625
            ],
            [
              145.57691819200028,
              -17.206696224466647
            ],
            [
              145.5769126920003,
              -17.206979224466597
            ],
            [
              145.57677919200034,
              -17.20726772446658
            ],
            [
              145.57658519200027,
              -17.2073722244666
            ],
            [
              145.57653519200028,
              -17.20790672446652
            ],
            [
              145.57647719200034,
              -17.208221224466516
            ],
            [
              145.57610819200036,
              -17.2087232244665
            ],
            [
              145.5759266920003,
              -17.20893472446647
            ],
            [
              145.57564869200033,
              -17.209013724466484
            ],
            [
              145.57545819200027,
              -17.209043724466458
            ],
            [
              145.57509869200032,
              -17.209272724466427
            ],
            [
              145.57499319200033,
              -17.209290724466435
            ],
            [
              145.57476219200035,
              -17.209463224466443
            ],
            [
              145.5746051920003,
              -17.209621224466435
            ],
            [
              145.57413719200034,
              -17.20987972446638
            ],
            [
              145.57359569200028,
              -17.21015022446636
            ],
            [
              145.57329819200032,
              -17.21018272446638
            ],
            [
              145.57274219300032,
              -17.21008472446635
            ],
            [
              145.5722971930003,
              -17.210019223466357
            ],
            [
              145.57187669300032,
              -17.209880223466364
            ],
            [
              145.57154069300034,
              -17.209757723466343
            ],
            [
              145.57121669300034,
              -17.20961172346639
            ],
            [
              145.57081769300038,
              -17.20991222346634
            ],
            [
              145.57039869300027,
              -17.21073272346632
            ],
            [
              145.5701696930003,
              -17.211173223466268
            ],
            [
              145.57004169300038,
              -17.211562723466283
            ],
            [
              145.5698866930003,
              -17.212082223466247
            ],
            [
              145.5696781930003,
              -17.21255422346624
            ],
            [
              145.5695111930003,
              -17.212777723466214
            ],
            [
              145.56942769300034,
              -17.212990723466188
            ],
            [
              145.56950369200027,
              -17.21338622346618
            ],
            [
              145.56951819200026,
              -17.213667723466145
            ],
            [
              145.56931119200033,
              -17.213885723466145
            ],
            [
              145.5692596920003,
              -17.214177223466134
            ],
            [
              145.56929819200025,
              -17.214456223466083
            ],
            [
              145.56948119200024,
              -17.214632223466097
            ],
            [
              145.5698826920003,
              -17.214849223466107
            ],
            [
              145.57079869200027,
              -17.21519622346606
            ],
            [
              145.57118069200035,
              -17.215391723466066
            ],
            [
              145.5716251920003,
              -17.215504723466058
            ],
            [
              145.57190819200028,
              -17.215374723466056
            ],
            [
              145.57248519200033,
              -17.214726724466065
            ],
            [
              145.57269469200028,
              -17.2145652244661
            ],
            [
              145.57290419200027,
              -17.214497224466108
            ],
            [
              145.5732491920003,
              -17.214534224466128
            ],
            [
              145.5737781920004,
              -17.214723724466083
            ],
            [
              145.57420869200035,
              -17.21501522446609
            ],
            [
              145.57453669200032,
              -17.215414224466084
            ],
            [
              145.57476019200038,
              -17.215892224466053
            ],
            [
              145.57488769200035,
              -17.216135724466053
            ],
            [
              145.57514219200036,
              -17.21639022446602
            ],
            [
              145.5754476920003,
              -17.21658872446604
            ],
            [
              145.57554419200036,
              -17.21677222446601
            ],
            [
              145.5755216920004,
              -17.217140224466025
            ],
            [
              145.57547069200038,
              -17.217460224466
            ],
            [
              145.57541369200035,
              -17.217737224465957
            ],
            [
              145.57549019200036,
              -17.21805422446593
            ],
            [
              145.5757026920004,
              -17.218291724465963
            ],
            [
              145.57597719200047,
              -17.218501224465925
            ],
            [
              145.5764156920004,
              -17.218640224465922
            ],
            [
              145.57670119200046,
              -17.21874172446595
            ],
            [
              145.57731269200048,
              -17.218843724465934
            ],
            [
              145.57757019200042,
              -17.218965224465975
            ],
            [
              145.57764369200046,
              -17.219242724465936
            ],
            [
              145.57755619100047,
              -17.2195457244659
            ],
            [
              145.57729019100046,
              -17.219936224465897
            ],
            [
              145.57701819100046,
              -17.220136724465892
            ],
            [
              145.5765796910005,
              -17.220612224465864
            ],
            [
              145.57616369100037,
              -17.221079224465843
            ],
            [
              145.57581569100049,
              -17.22142722446579
            ],
            [
              145.5755771910004,
              -17.221636724465768
            ],
            [
              145.57538969100037,
              -17.221833224465776
            ],
            [
              145.5756656910004,
              -17.22186572446575
            ],
            [
              145.57621469100042,
              -17.221945224465774
            ],
            [
              145.57672119100044,
              -17.222044224465762
            ],
            [
              145.5771681910005,
              -17.22219422446578
            ],
            [
              145.57764069100045,
              -17.222366724465804
            ],
            [
              145.57840769100048,
              -17.22254222446576
            ],
            [
              145.5788291910005,
              -17.2227542244658
            ],
            [
              145.57926219100057,
              -17.223028724465774
            ],
            [
              145.57988769100052,
              -17.223490224465802
            ],
            [
              145.58033469100056,
              -17.223761724465774
            ],
            [
              145.5807336910006,
              -17.223990724465743
            ],
            [
              145.58102219100059,
              -17.224273724465686
            ],
            [
              145.58118369100058,
              -17.224514224465683
            ],
            [
              145.5812431910006,
              -17.224805724465668
            ],
            [
              145.58120469100052,
              -17.22517022446564
            ],
            [
              145.58098969100052,
              -17.225637224465636
            ],
            [
              145.58078919100063,
              -17.226083724465628
            ],
            [
              145.58048369100055,
              -17.22652222446558
            ],
            [
              145.5801976910006,
              -17.226898724465578
            ],
            [
              145.57979869100055,
              -17.227365724465574
            ],
            [
              145.5795251910005,
              -17.227703224465554
            ],
            [
              145.57912869100056,
              -17.228049724465503
            ],
            [
              145.57881919100058,
              -17.228234224465496
            ],
            [
              145.5781171910005,
              -17.22857622446547
            ],
            [
              145.57783969100043,
              -17.22874822446547
            ],
            [
              145.57764969100046,
              -17.228875724465496
            ],
            [
              145.5775311910005,
              -17.22907872446548
            ],
            [
              145.57740969100053,
              -17.229368724465484
            ],
            [
              145.57730519100045,
              -17.22965272446543
            ],
            [
              145.57730969100055,
              -17.23042522446544
            ],
            [
              145.5772426910005,
              -17.231235224465397
            ],
            [
              145.57729519100053,
              -17.231510224465378
            ],
            [
              145.57720269100045,
              -17.231613724465348
            ],
            [
              145.57706119100052,
              -17.2315742244654
            ],
            [
              145.5768206910005,
              -17.23111422446539
            ],
            [
              145.57653769100054,
              -17.230148224465434
            ],
            [
              145.57638219100053,
              -17.229822724465482
            ],
            [
              145.5761276910004,
              -17.229518724465454
            ],
            [
              145.5758136910005,
              -17.22934022446547
            ],
            [
              145.57497319100042,
              -17.229162224465544
            ],
            [
              145.57433969100046,
              -17.22917972446552
            ],
            [
              145.57357819100037,
              -17.229206724465527
            ],
            [
              145.57323919100043,
              -17.229279224465568
            ],
            [
              145.57300319100045,
              -17.229268224465557
            ],
            [
              145.57229519100036,
              -17.22884022446559
            ],
            [
              145.5717736910004,
              -17.228576224465588
            ],
            [
              145.57102619100036,
              -17.22825772446563
            ],
            [
              145.57040269100028,
              -17.227958223465688
            ],
            [
              145.57016219100026,
              -17.22778822346567
            ],
            [
              145.57001769100032,
              -17.22758172346569
            ],
            [
              145.56996119100032,
              -17.22743472346573
            ],
            [
              145.56997269100034,
              -17.227290223465697
            ],
            [
              145.57000019100033,
              -17.22705572346571
            ],
            [
              145.56996469100034,
              -17.22692822346571
            ],
            [
              145.56984519100024,
              -17.227083723465704
            ],
            [
              145.5696881910003,
              -17.227181223465692
            ],
            [
              145.56941769100024,
              -17.227188223465742
            ],
            [
              145.56918869100022,
              -17.22712622346574
            ],
            [
              145.5690386910003,
              -17.227058223465747
            ],
            [
              145.5688436910003,
              -17.227066723465732
            ],
            [
              145.56863969100024,
              -17.22712622346576
            ],
            [
              145.5684021910002,
              -17.227213723465773
            ],
            [
              145.56817869200026,
              -17.2272762234658
            ],
            [
              145.56797769200026,
              -17.227239223465787
            ],
            [
              145.56762969200025,
              -17.22715422346579
            ],
            [
              145.56752219200024,
              -17.227151723465795
            ],
            [
              145.56738069200023,
              -17.227202723465783
            ],
            [
              145.5672701920002,
              -17.22725622346583
            ],
            [
              145.56701769200018,
              -17.22719222346583
            ],
            [
              145.5671996920002,
              -17.22741772346582
            ],
            [
              145.56732419200026,
              -17.227655223465785
            ],
            [
              145.56732669200022,
              -17.227924223465788
            ],
            [
              145.5672586910003,
              -17.22822122346584
            ],
            [
              145.56716569100018,
              -17.228393723465793
            ],
            [
              145.56705819100029,
              -17.228625723465854
            ],
            [
              145.56703269100018,
              -17.228939723465786
            ],
            [
              145.5670266910002,
              -17.229222723465824
            ],
            [
              145.56701519100028,
              -17.229451723465814
            ],
            [
              145.56706619100024,
              -17.22967272346582
            ],
            [
              145.56698519100024,
              -17.22977272346581
            ],
            [
              145.5667251910002,
              -17.229852723465843
            ],
            [
              145.56652119100025,
              -17.229836723465837
            ],
            [
              145.5664511910002,
              -17.229982723465874
            ],
            [
              145.56616119100025,
              -17.230283723465874
            ],
            [
              145.56605719100014,
              -17.230266723465874
            ],
            [
              145.56561719100026,
              -17.23039672346592
            ],
            [
              145.56551019100016,
              -17.230489223465913
            ],
            [
              145.5655116910002,
              -17.230634723465947
            ],
            [
              145.56550169100012,
              -17.230707723465933
            ],
            [
              145.5653526910002,
              -17.23070072346595
            ],
            [
              145.56522569100017,
              -17.23072222346597
            ],
            [
              145.56507719100023,
              -17.230651723465925
            ],
            [
              145.56494719100024,
              -17.23053872346593
            ],
            [
              145.56485369100017,
              -17.230306723465947
            ],
            [
              145.5646526920002,
              -17.229927223465918
            ],
            [
              145.5645481920002,
              -17.229881223465924
            ],
            [
              145.56436669200014,
              -17.22971822346592
            ],
            [
              145.56430319200015,
              -17.229710223465933
            ],
            [
              145.56424219200017,
              -17.229802723465934
            ],
            [
              145.56446919200016,
              -17.230349723465928
            ],
            [
              145.56451369100023,
              -17.230507723465934
            ],
            [
              145.56439969100023,
              -17.230566223465953
            ],
            [
              145.56435219100015,
              -17.230747723465953
            ],
            [
              145.56438069100022,
              -17.23084622346594
            ],
            [
              145.56450369100017,
              -17.231014723465968
            ],
            [
              145.56453519100023,
              -17.23116322346594
            ],
            [
              145.56463369100018,
              -17.231257223465942
            ],
            [
              145.56493069100017,
              -17.23129172346597
            ],
            [
              145.5651626910002,
              -17.231398223465977
            ],
            [
              145.5652986910002,
              -17.23147322346595
            ],
            [
              145.56544869100017,
              -17.23159722346591
            ],
            [
              145.56550869100025,
              -17.231734723465962
            ],
            [
              145.56558719100022,
              -17.23179272346592
            ],
            [
              145.56581569100018,
              -17.231784223465926
            ],
            [
              145.5659691910002,
              -17.231612723465897
            ],
            [
              145.56605069100024,
              -17.23144122346592
            ],
            [
              145.5660941910002,
              -17.231253223465885
            ],
            [
              145.56623569100023,
              -17.231036723465905
            ],
            [
              145.56636369100028,
              -17.23092622346589
            ],
            [
              145.5664721910003,
              -17.230914723465858
            ],
            [
              145.56666719100025,
              -17.230968723465878
            ],
            [
              145.5668406910002,
              -17.230870723465834
            ],
            [
              145.56706919100026,
              -17.230894723465806
            ],
            [
              145.5672231910002,
              -17.230874223465797
            ],
            [
              145.56732319100018,
              -17.230804723465795
            ],
            [
              145.56747819100028,
              -17.230765723465826
            ],
            [
              145.56762319100025,
              -17.230650223465766
            ],
            [
              145.56768169100027,
              -17.23048372346578
            ],
            [
              145.56776019100025,
              -17.230442223465776
            ],
            [
              145.5681241910002,
              -17.23048372346577
            ],
            [
              145.56822619100032,
              -17.230521723465774
            ],
            [
              145.56828019100033,
              -17.23075672346575
            ],
            [
              145.56829569100032,
              -17.23093322346575
            ],
            [
              145.56820369100032,
              -17.23125572346574
            ],
            [
              145.5681271910003,
              -17.231418723465783
            ],
            [
              145.56813569100024,
              -17.23159172346575
            ],
            [
              145.56835719100025,
              -17.231901723465747
            ],
            [
              145.56861919100027,
              -17.232218223465722
            ],
            [
              145.56899869100027,
              -17.232538723465684
            ],
            [
              145.5692401910003,
              -17.23260222346568
            ],
            [
              145.56956769100032,
              -17.23265372346565
            ],
            [
              145.56972369100026,
              -17.23272422346568
            ],
            [
              145.5698546910003,
              -17.23285072446562
            ],
            [
              145.5698976910003,
              -17.233049224465635
            ],
            [
              145.5699836910003,
              -17.23325522446562
            ],
            [
              145.5701981910003,
              -17.233535224465633
            ],
            [
              145.57047569100033,
              -17.2338772244656
            ],
            [
              145.57050569100036,
              -17.234030724465597
            ],
            [
              145.57046969100034,
              -17.234132224465576
            ],
            [
              145.57027019100036,
              -17.234376724465594
            ],
            [
              145.57022969100024,
              -17.234551724465607
            ],
            [
              145.5700331910004,
              -17.23481972446562
            ],
            [
              145.56991019100033,
              -17.235030724465602
            ],
            [
              145.56977169100028,
              -17.235135224465616
            ],
            [
              145.56972169100027,
              -17.235216224465592
            ],
            [
              145.56972569100026,
              -17.235423224465645
            ],
            [
              145.56965369100035,
              -17.235558724465644
            ],
            [
              145.56951819100027,
              -17.235621224465596
            ],
            [
              145.5694751910003,
              -17.23573872446564
            ],
            [
              145.56931219100036,
              -17.23576622346564
            ],
            [
              145.56908219100035,
              -17.235747723465657
            ],
            [
              145.56898269100031,
              -17.235773723465652
            ],
            [
              145.56883219100033,
              -17.235838723465672
            ],
            [
              145.56853419100025,
              -17.235955723465665
            ],
            [
              145.56836869100027,
              -17.235984723465656
            ],
            [
              145.56826919100024,
              -17.23611572346568
            ],
            [
              145.56815769100027,
              -17.236385723465684
            ],
            [
              145.5679656910003,
              -17.236543723465676
            ],
            [
              145.56770169100025,
              -17.236550223465677
            ],
            [
              145.5675121910003,
              -17.23653672346574
            ],
            [
              145.56740219100027,
              -17.236455723465717
            ],
            [
              145.5672441910003,
              -17.236370223465727
            ],
            [
              145.56704419100024,
              -17.23631972346575
            ],
            [
              145.56690619100024,
              -17.236333223465785
            ],
            [
              145.56667819100025,
              -17.236465723465813
            ],
            [
              145.5665836910003,
              -17.236451223465796
            ],
            [
              145.56632669100026,
              -17.236399723465826
            ],
            [
              145.5661211910003,
              -17.23640722346583
            ],
            [
              145.5660171910002,
              -17.236458223465814
            ],
            [
              145.56579569100026,
              -17.23661972346588
            ],
            [
              145.56547969100023,
              -17.23674872346585
            ],
            [
              145.56533419100023,
              -17.23674222346589
            ],
            [
              145.56530519100028,
              -17.236618723465913
            ],
            [
              145.56519569100027,
              -17.23641822346593
            ],
            [
              145.5650386910002,
              -17.23637722346594
            ],
            [
              145.56496619100022,
              -17.23653972346592
            ],
            [
              145.5648646910002,
              -17.23694422346589
            ],
            [
              145.56478919100024,
              -17.237010723465893
            ],
            [
              145.56476919100024,
              -17.23711072346585
            ],
            [
              145.56454369100024,
              -17.237198223465846
            ],
            [
              145.56430869100026,
              -17.237389223465854
            ],
            [
              145.56422269100025,
              -17.23738072346582
            ],
            [
              145.56407419100023,
              -17.23721522346584
            ],
            [
              145.56400619100026,
              -17.237115723465863
            ],
            [
              145.5638426910003,
              -17.237030723465843
            ],
            [
              145.5635911910003,
              -17.23681672346582
            ],
            [
              145.56351619100025,
              -17.23697222346582
            ],
            [
              145.5634981910003,
              -17.237175223465805
            ],
            [
              145.56347569100032,
              -17.2372867234658
            ],
            [
              145.56335169100032,
              -17.23740522346577
            ],
            [
              145.5630981910003,
              -17.237606223465747
            ],
            [
              145.56297469100025,
              -17.237644723465763
            ],
            [
              145.56288469100025,
              -17.237611223465795
            ],
            [
              145.56276169100033,
              -17.237551723465767
            ],
            [
              145.56264669100028,
              -17.237516223465743
            ],
            [
              145.5625036910003,
              -17.237576223465744
            ],
            [
              145.56242669100024,
              -17.237855223465708
            ],
            [
              145.5624451910003,
              -17.238017223465746
            ],
            [
              145.5624016910003,
              -17.23810122346569
            ],
            [
              145.56227069100032,
              -17.238205723465704
            ],
            [
              145.56217769100033,
              -17.238488723465714
            ],
            [
              145.56219919100033,
              -17.23864972346568
            ],
            [
              145.56217069100038,
              -17.238819723465653
            ],
            [
              145.56202819100028,
              -17.238967223465664
            ],
            [
              145.56187069100034,
              -17.238983723465672
            ],
            [
              145.56172119100032,
              -17.23890772346564
            ],
            [
              145.5616046910003,
              -17.238886723465626
            ],
            [
              145.56149269100024,
              -17.238786223465652
            ],
            [
              145.5613141910003,
              -17.23884322346562
            ],
            [
              145.56117869100026,
              -17.23897322346562
            ],
            [
              145.5609866910003,
              -17.239052223465638
            ],
            [
              145.56064769100036,
              -17.238964723465624
            ],
            [
              145.56053619100035,
              -17.23895772346558
            ],
            [
              145.5605436910003,
              -17.239136723465574
            ],
            [
              145.5604846910003,
              -17.23925422346561
            ],
            [
              145.56036969100037,
              -17.239381223465568
            ],
            [
              145.5602911910003,
              -17.239516723465556
            ],
            [
              145.56012419100037,
              -17.239735723465557
            ],
            [
              145.55996269100027,
              -17.239892723465534
            ],
            [
              145.55981719100035,
              -17.24006172346549
            ],
            [
              145.5596101910003,
              -17.23993972346551
            ],
            [
              145.55930069100037,
              -17.239655223465512
            ],
            [
              145.5592081910003,
              -17.239594223465556
            ],
            [
              145.55897969100036,
              -17.23953322346553
            ],
            [
              145.55881569100035,
              -17.239502723465552
            ],
            [
              145.55873169100028,
              -17.239699223465497
            ],
            [
              145.55862119100033,
              -17.239875223465493
            ],
            [
              145.55852319100038,
              -17.23994022346549
            ],
            [
              145.55822069100034,
              -17.240011723465475
            ],
            [
              145.5581851910004,
              -17.23982222346551
            ],
            [
              145.5580766910004,
              -17.239691223465506
            ],
            [
              145.55800169100036,
              -17.239957723465494
            ],
            [
              145.55790669100037,
              -17.240011723465468
            ],
            [
              145.5576716910004,
              -17.2399757234655
            ],
            [
              145.55748819100035,
              -17.23989272346548
            ],
            [
              145.55738269100033,
              -17.23981072346547
            ],
            [
              145.55725169100032,
              -17.23978172346548
            ],
            [
              145.5570071910003,
              -17.23974772346545
            ],
            [
              145.5568761910003,
              -17.239771223465503
            ],
            [
              145.5570346910003,
              -17.239991723465447
            ],
            [
              145.55721319100036,
              -17.240215223465444
            ],
            [
              145.5572721910003,
              -17.24033722346547
            ],
            [
              145.55712619100032,
              -17.240511223465415
            ],
            [
              145.55684769100029,
              -17.24081522346542
            ],
            [
              145.5567051910004,
              -17.24119222346541
            ],
            [
              145.55655569100037,
              -17.241480723465344
            ],
            [
              145.5564471910003,
              -17.241769723465335
            ],
            [
              145.55646469100037,
              -17.24207722346534
            ],
            [
              145.55646769100034,
              -17.242316223465345
            ],
            [
              145.5564621910003,
              -17.242453223465336
            ],
            [
              145.55620319100026,
              -17.24271722346528
            ],
            [
              145.55607919100038,
              -17.24274822346531
            ],
            [
              145.5560866910003,
              -17.242836223465307
            ],
            [
              145.55608919100035,
              -17.24296072346527
            ],
            [
              145.55595619100038,
              -17.24303072346525
            ],
            [
              145.55576069100033,
              -17.243024223465277
            ],
            [
              145.55557469100034,
              -17.24300522346526
            ],
            [
              145.5554321910003,
              -17.243062223465287
            ],
            [
              145.55527269100028,
              -17.242993723465286
            ],
            [
              145.55511669100036,
              -17.242880723465294
            ],
            [
              145.55493019100027,
              -17.24287172346526
            ],
            [
              145.55493169100038,
              -17.24299622346528
            ],
            [
              145.55504919100036,
              -17.24317922346526
            ],
            [
              145.55513019100036,
              -17.243364223465232
            ],
            [
              145.55520269100037,
              -17.24348622346527
            ],
            [
              145.55527269100028,
              -17.24367622346523
            ],
            [
              145.55530669100037,
              -17.243902223465216
            ],
            [
              145.55521769100037,
              -17.243975723465198
            ],
            [
              145.55514969100037,
              -17.244245723465177
            ],
            [
              145.55499369100033,
              -17.244741723465143
            ],
            [
              145.55466869100036,
              -17.245197723465164
            ],
            [
              145.55441969100028,
              -17.24548572346509
            ],
            [
              145.55422619100037,
              -17.245702223465113
            ],
            [
              145.5539886910003,
              -17.245694723465125
            ],
            [
              145.55368169100035,
              -17.245442722465103
            ],
            [
              145.55346619100035,
              -17.245329222465102
            ],
            [
              145.55328319100036,
              -17.245402222465085
            ],
            [
              145.55300969100037,
              -17.245831722465123
            ],
            [
              145.55237719100037,
              -17.245881222465115
            ],
            [
              145.5520446910003,
              -17.245979722465083
            ],
            [
              145.55178869100035,
              -17.246129722465096
            ],
            [
              145.55166819100035,
              -17.246349222465092
            ],
            [
              145.55162269100026,
              -17.246721722465036
            ],
            [
              145.5517341910003,
              -17.247902222465008
            ],
            [
              145.55179619100034,
              -17.248132722464977
            ],
            [
              145.55191519100026,
              -17.248194722464923
            ],
            [
              145.55200069100033,
              -17.248427722464946
            ],
            [
              145.55197469100028,
              -17.248772722464906
            ],
            [
              145.55202619100032,
              -17.249133722464887
            ],
            [
              145.5519021910003,
              -17.24925422246491
            ],
            [
              145.55161619100033,
              -17.249244222464885
            ],
            [
              145.5505946910002,
              -17.24940822246487
            ],
            [
              145.55030669100023,
              -17.24951322246489
            ],
            [
              145.54987919100023,
              -17.249838722464904
            ],
            [
              145.54972769100021,
              -17.24987922246486
            ],
            [
              145.54972769100021,
              -17.25003672246485
            ],
            [
              145.5491096910002,
              -17.250741722464905
            ],
            [
              145.54884119100026,
              -17.251023722464883
            ],
            [
              145.54886219100024,
              -17.25116172246487
            ],
            [
              145.5485271910003,
              -17.251487722464912
            ],
            [
              145.5482726910003,
              -17.251863222464877
            ],
            [
              145.54797669100026,
              -17.252128722464885
            ],
            [
              145.54759319100026,
              -17.252491222464883
            ],
            [
              145.54733019100024,
              -17.252689722464904
            ],
            [
              145.5470136910003,
              -17.252965722464886
            ],
            [
              145.5465186910003,
              -17.253186722464907
            ],
            [
              145.54619969100034,
              -17.253372722464878
            ],
            [
              145.54583319100024,
              -17.25360572246493
            ],
            [
              145.54539319100027,
              -17.254052722464934
            ],
            [
              145.54494319100027,
              -17.25426222246492
            ],
            [
              145.54462469100037,
              -17.25445522246495
            ],
            [
              145.5443816910003,
              -17.254402722464913
            ],
            [
              145.54417369100037,
              -17.25425872246495
            ],
            [
              145.5439071910003,
              -17.253930222464945
            ],
            [
              145.5437311910004,
              -17.25361622246494
            ],
            [
              145.54353619100033,
              -17.253392222464953
            ],
            [
              145.5433326910003,
              -17.25325322246497
            ],
            [
              145.54318019100032,
              -17.253322222464966
            ],
            [
              145.54315519100035,
              -17.253469722464988
            ],
            [
              145.54319919100038,
              -17.253619722464943
            ],
            [
              145.5433396910003,
              -17.25360322246498
            ],
            [
              145.5434726910003,
              -17.25375572246493
            ],
            [
              145.5436321910003,
              -17.253993222464945
            ],
            [
              145.54379419100036,
              -17.25438372246492
            ],
            [
              145.54421519100035,
              -17.254676222464912
            ],
            [
              145.54444519100025,
              -17.2547902224649
            ],
            [
              145.5447756910003,
              -17.254720222464908
            ],
            [
              145.54509469100032,
              -17.2545867224649
            ],
            [
              145.54550719100035,
              -17.25436722246494
            ],
            [
              145.54574069100036,
              -17.254093222464892
            ],
            [
              145.5463016910003,
              -17.253706222464906
            ],
            [
              145.5466521910003,
              -17.25350622246489
            ],
            [
              145.54731569100036,
              -17.253201222464916
            ],
            [
              145.54770619100032,
              -17.25293222246491
            ],
            [
              145.5483441910003,
              -17.25235522246488
            ],
            [
              145.54866769100033,
              -17.252006722464913
            ],
            [
              145.54938119100026,
              -17.25107372246486
            ],
            [
              145.54982619100028,
              -17.25056722246488
            ],
            [
              145.5501376910002,
              -17.250291222464895
            ],
            [
              145.5506016910003,
              -17.250105222464835
            ],
            [
              145.5507446910003,
              -17.250103222464837
            ],
            [
              145.55135369100023,
              -17.250436222464845
            ],
            [
              145.5514891910003,
              -17.25036722246485
            ],
            [
              145.55172019100027,
              -17.250343222464853
            ],
            [
              145.55224619100034,
              -17.250091222464864
            ],
            [
              145.55289069100024,
              -17.24944172246488
            ],
            [
              145.5529001910003,
              -17.248915722464936
            ],
            [
              145.5532296910003,
              -17.248567722464923
            ],
            [
              145.55351969100028,
              -17.24828672246497
            ],
            [
              145.55371269100033,
              -17.248249723464937
            ],
            [
              145.55425369100038,
              -17.247889223464966
            ],
            [
              145.55467269100032,
              -17.24780572346495
            ],
            [
              145.55500769100033,
              -17.24794072346495
            ],
            [
              145.5559976910003,
              -17.247421223464993
            ],
            [
              145.55629269100032,
              -17.247501223465022
            ],
            [
              145.5567036910004,
              -17.247251723465045
            ],
            [
              145.5578191910003,
              -17.246783223465076
            ],
            [
              145.55842469100034,
              -17.2464082234651
            ],
            [
              145.55849169100043,
              -17.246144723465147
            ],
            [
              145.55861869100048,
              -17.246025723465117
            ],
            [
              145.55854619100043,
              -17.245867723465125
            ],
            [
              145.55856919100037,
              -17.245538223465186
            ],
            [
              145.55802869100043,
              -17.245028223465194
            ],
            [
              145.55796219100043,
              -17.244893223465187
            ],
            [
              145.55796019100043,
              -17.244601723465202
            ],
            [
              145.55782119100033,
              -17.24444022346522
            ],
            [
              145.55779469100034,
              -17.244354223465212
            ],
            [
              145.55810469100035,
              -17.243990723465256
            ],
            [
              145.55847619100038,
              -17.24366322346525
            ],
            [
              145.55856619100035,
              -17.243449223465298
            ],
            [
              145.55856619100038,
              -17.243312723465305
            ],
            [
              145.5584356910004,
              -17.243150223465324
            ],
            [
              145.55841369100037,
              -17.242973723465326
            ],
            [
              145.55843819100033,
              -17.242774223465325
            ],
            [
              145.5585256910004,
              -17.242501723465352
            ],
            [
              145.55859969100032,
              -17.24235772346534
            ],
            [
              145.55914119100038,
              -17.2419627234654
            ],
            [
              145.5595056910003,
              -17.24183772346539
            ],
            [
              145.55988319100032,
              -17.241625223465437
            ],
            [
              145.5601631910003,
              -17.24150722346546
            ],
            [
              145.56032219100035,
              -17.241362223465437
            ],
            [
              145.56057169100035,
              -17.241114723465472
            ],
            [
              145.5608156910003,
              -17.240941223465526
            ],
            [
              145.56120069100035,
              -17.240921723465526
            ],
            [
              145.5615396910004,
              -17.240976223465516
            ],
            [
              145.56187619100027,
              -17.240960723465506
            ],
            [
              145.56202619100037,
              -17.241019723465534
            ],
            [
              145.5621726910004,
              -17.241106723465546
            ],
            [
              145.5623291910004,
              -17.241290223465523
            ],
            [
              145.56257419100035,
              -17.2415027234655
            ],
            [
              145.56294569100044,
              -17.241796223465485
            ],
            [
              145.56305669100036,
              -17.2419732234655
            ],
            [
              145.56320069100033,
              -17.242344223465505
            ],
            [
              145.56328069100036,
              -17.2424387234655
            ],
            [
              145.5635661910004,
              -17.242614723465504
            ],
            [
              145.56381719100045,
              -17.242702723465513
            ],
            [
              145.56404869100038,
              -17.2427132234655
            ],
            [
              145.56434969100044,
              -17.24266272346553
            ],
            [
              145.5645561910004,
              -17.242542223465566
            ],
            [
              145.56474269100045,
              -17.242479223465576
            ],
            [
              145.56495069100038,
              -17.242209223465586
            ],
            [
              145.56503519100045,
              -17.241931223465578
            ],
            [
              145.5650216910004,
              -17.241555723465634
            ],
            [
              145.5648011910003,
              -17.24116922346566
            ],
            [
              145.5645811910004,
              -17.240944723465656
            ],
            [
              145.5643766910004,
              -17.240666723465633
            ],
            [
              145.56421669100038,
              -17.240413723465654
            ],
            [
              145.5641201910003,
              -17.24019972346569
            ],
            [
              145.56407069100038,
              -17.240029723465668
            ],
            [
              145.5641091910003,
              -17.239713723465695
            ],
            [
              145.56435419100038,
              -17.23901672346574
            ],
            [
              145.56441969100024,
              -17.23864272346574
            ],
            [
              145.56446019100034,
              -17.238571223465765
            ],
            [
              145.56477069100023,
              -17.238236723465782
            ],
            [
              145.56503319100034,
              -17.238017723465852
            ],
            [
              145.56566669100025,
              -17.237880723465814
            ],
            [
              145.5659651910003,
              -17.2377452234658
            ],
            [
              145.56626669100027,
              -17.237785723465723
            ],
            [
              145.56646319100022,
              -17.237920223465714
            ],
            [
              145.56670819100034,
              -17.238057723465673
            ],
            [
              145.56696069100033,
              -17.238121223465676
            ],
            [
              145.56708669100036,
              -17.238109223465695
            ],
            [
              145.5671061910004,
              -17.23820022346567
            ],
            [
              145.56691869100035,
              -17.238281723465658
            ],
            [
              145.56674319100034,
              -17.238274223465687
            ],
            [
              145.56681069100037,
              -17.238501223465672
            ],
            [
              145.56697669100032,
              -17.238630723465672
            ],
            [
              145.56722369100038,
              -17.23869822346565
            ],
            [
              145.56748219100035,
              -17.2386887234656
            ],
            [
              145.56777769100034,
              -17.238640223465588
            ],
            [
              145.56797219100034,
              -17.23857472346558
            ],
            [
              145.5683006910004,
              -17.23861922346555
            ],
            [
              145.5685511910004,
              -17.238700223465564
            ],
            [
              145.5688741910004,
              -17.238828723465556
            ],
            [
              145.56924419100034,
              -17.23888922446553
            ],
            [
              145.56946419100038,
              -17.23888922446552
            ],
            [
              145.5697211910004,
              -17.238846724465503
            ],
            [
              145.56992169100045,
              -17.238743724465476
            ],
            [
              145.5700961910004,
              -17.238764724465472
            ],
            [
              145.57023619000037,
              -17.238838224465447
            ],
            [
              145.57032369000035,
              -17.238928724465435
            ],
            [
              145.5704631900004,
              -17.23896722446544
            ],
            [
              145.57063469000036,
              -17.238939224465454
            ],
            [
              145.57080919000046,
              -17.238824224465457
            ],
            [
              145.57103969000036,
              -17.238587724465418
            ],
            [
              145.57129469000034,
              -17.23861072446541
            ],
            [
              145.5716056900004,
              -17.23850572446543
            ],
            [
              145.57186769000043,
              -17.23844272446541
            ],
            [
              145.57197269000042,
              -17.23845372446538
            ],
            [
              145.57210919000042,
              -17.2385762244654
            ],
            [
              145.57225219000046,
              -17.238740224465367
            ],
            [
              145.5724306900004,
              -17.238799724465387
            ],
            [
              145.57257719000043,
              -17.238810224465357
            ],
            [
              145.5726716900005,
              -17.23877172446533
            ],
            [
              145.57280769000047,
              -17.238673724465347
            ],
            [
              145.5730246900004,
              -17.23861772446531
            ],
            [
              145.5733111900004,
              -17.238628224465327
            ],
            [
              145.5735976900004,
              -17.238597224465344
            ],
            [
              145.57398919000042,
              -17.238530724465335
            ],
            [
              145.5741566900005,
              -17.23853422446531
            ],
            [
              145.57433819000047,
              -17.238474724465284
            ],
            [
              145.57455519000044,
              -17.238278724465268
            ],
            [
              145.57470869000048,
              -17.23823022446527
            ],
            [
              145.5748976900005,
              -17.238254724465254
            ],
            [
              145.57504769000042,
              -17.238327724465297
            ],
            [
              145.57518019000048,
              -17.23842122446528
            ],
            [
              145.57521569000048,
              -17.238516724465267
            ],
            [
              145.57526019000053,
              -17.23868622446529
            ],
            [
              145.5754201900005,
              -17.238903224465243
            ],
            [
              145.57565119000043,
              -17.23911422446526
            ],
            [
              145.57587819000048,
              -17.239281724465233
            ],
            [
              145.57602319000057,
              -17.239369224465236
            ],
            [
              145.5761871900005,
              -17.239453224465247
            ],
            [
              145.57627069000057,
              -17.23956472446526
            ],
            [
              145.57630569000048,
              -17.239722224465243
            ],
            [
              145.57630269000046,
              -17.239890724465226
            ],
            [
              145.57625019000054,
              -17.240205224465225
            ],
            [
              145.57621819000053,
              -17.240580724465246
            ],
            [
              145.57619519000048,
              -17.241124724465223
            ],
            [
              145.5761986900005,
              -17.241254224465248
            ],
            [
              145.57624169000053,
              -17.241502724465235
            ],
            [
              145.57620319000057,
              -17.24172872446523
            ],
            [
              145.57613069000047,
              -17.242084224465188
            ],
            [
              145.57609619000044,
              -17.242290224465236
            ],
            [
              145.57610669000053,
              -17.242723724465204
            ],
            [
              145.5760541900005,
              -17.24292972446521
            ],
            [
              145.5759561900005,
              -17.24305922446522
            ],
            [
              145.57585469000045,
              -17.24313972446518
            ],
            [
              145.57574669000047,
              -17.2432687244652
            ],
            [
              145.57558569000048,
              -17.243415724465233
            ],
            [
              145.5753691900005,
              -17.24352922446523
            ],
            [
              145.57505519000048,
              -17.243819724465215
            ],
            [
              145.5749571900005,
              -17.243995224465184
            ],
            [
              145.5748946900005,
              -17.244239224465183
            ],
            [
              145.57493919000044,
              -17.244407224465217
            ],
            [
              145.5750881900005,
              -17.244581724465167
            ],
            [
              145.5758896900005,
              -17.244722724465205
            ],
            [
              145.57612869000044,
              -17.244868224465183
            ],
            [
              145.57625569000047,
              -17.245129224465202
            ],
            [
              145.5762716900006,
              -17.245625224465208
            ],
            [
              145.57620619000053,
              -17.245919724465203
            ],
            [
              145.5759921900005,
              -17.246196224465166
            ],
            [
              145.5758581900005,
              -17.246300224465195
            ],
            [
              145.5756051900004,
              -17.24635372446517
            ],
            [
              145.57540369000046,
              -17.246402224465157
            ],
            [
              145.5752901900005,
              -17.24652022446514
            ],
            [
              145.57524769000054,
              -17.246714224465162
            ],
            [
              145.5752836900006,
              -17.24699322446514
            ],
            [
              145.57553769000046,
              -17.24742872446517
            ],
            [
              145.57563218900052,
              -17.247747724465164
            ],
            [
              145.5755451890005,
              -17.24801972446516
            ],
            [
              145.57525118900045,
              -17.24866172446517
            ],
            [
              145.5749501890006,
              -17.24929622446515
            ],
            [
              145.57451118900053,
              -17.24980072446511
            ],
            [
              145.57403968900053,
              -17.25015222446511
            ],
            [
              145.57363618900047,
              -17.25057722446509
            ],
            [
              145.5730711890005,
              -17.25092822446502
            ],
            [
              145.57256268900048,
              -17.25097122446502
            ],
            [
              145.57221468900042,
              -17.251101724465027
            ],
            [
              145.57182018900048,
              -17.25152322446501
            ],
            [
              145.57178318900046,
              -17.25195772446497
            ],
            [
              145.57192018900045,
              -17.252189724464927
            ],
            [
              145.57219668900046,
              -17.252540724464946
            ],
            [
              145.57258618900045,
              -17.25301922446491
            ],
            [
              145.5726566890004,
              -17.253313724464874
            ],
            [
              145.57291068900045,
              -17.25357272446489
            ],
            [
              145.57323468900043,
              -17.25368872446488
            ],
            [
              145.57331818900042,
              -17.253938224464857
            ],
            [
              145.57349068900047,
              -17.254149724464828
            ],
            [
              145.5734501890004,
              -17.254599224464812
            ],
            [
              145.5731966890004,
              -17.255404724464768
            ],
            [
              145.57320768900033,
              -17.256087224464707
            ],
            [
              145.5735561890004,
              -17.25660472446469
            ],
            [
              145.5742491890003,
              -17.257467224464683
            ],
            [
              145.57476768900034,
              -17.25767322446467
            ],
            [
              145.57547668900037,
              -17.257694724464688
            ],
            [
              145.57573068900032,
              -17.257848224464702
            ],
            [
              145.5756461890003,
              -17.258631224464608
            ],
            [
              145.57528118900035,
              -17.258747724464637
            ],
            [
              145.5752121890003,
              -17.258996224464624
            ],
            [
              145.5753126890003,
              -17.25949372446459
            ],
            [
              145.57565668900034,
              -17.259869224464538
            ],
            [
              145.57621218800037,
              -17.260377224464545
            ],
            [
              145.57657768800024,
              -17.26053622446455
            ],
            [
              145.57675218800037,
              -17.26065672446452
            ],
            [
              145.5770006880003,
              -17.260572224464575
            ],
            [
              145.5771066880003,
              -17.260763724464532
            ],
            [
              145.5770421880003,
              -17.261041224464503
            ],
            [
              145.57687568800029,
              -17.26123322446451
            ],
            [
              145.57699668800018,
              -17.261239224464497
            ],
            [
              145.5772336880003,
              -17.261096724464533
            ],
            [
              145.5774186880003,
              -17.260795224464573
            ],
            [
              145.57738718800033,
              -17.260557224464563
            ],
            [
              145.57719118800026,
              -17.26018672446461
            ],
            [
              145.57666218800037,
              -17.26027122446454
            ],
            [
              145.57642918800025,
              -17.26020272446455
            ],
            [
              145.5763076890003,
              -17.25998022446456
            ],
            [
              145.57597068900034,
              -17.259630724464593
            ],
            [
              145.57609018900033,
              -17.259485724464575
            ],
            [
              145.57648218900036,
              -17.25939472446458
            ],
            [
              145.5765021890003,
              -17.259070724464635
            ],
            [
              145.57670668900028,
              -17.259076724464624
            ],
            [
              145.57730918800033,
              -17.259414724464623
            ],
            [
              145.5772666890004,
              -17.259247224464644
            ],
            [
              145.57697668900033,
              -17.259025724464642
            ],
            [
              145.57710168900033,
              -17.258815224464694
            ],
            [
              145.5769736890003,
              -17.25804522446468
            ],
            [
              145.5768516890003,
              -17.257613224464723
            ],
            [
              145.57669818900033,
              -17.257487724464752
            ],
            [
              145.5763401890004,
              -17.257493724464716
            ],
            [
              145.5758851890003,
              -17.257240724464737
            ],
            [
              145.57552168900037,
              -17.257081724464744
            ],
            [
              145.57506418900033,
              -17.257127224464735
            ],
            [
              145.57483368900043,
              -17.257090224464708
            ],
            [
              145.5745156890003,
              -17.25685722446473
            ],
            [
              145.57449268900035,
              -17.25645622446475
            ],
            [
              145.57429118900038,
              -17.255998724464728
            ],
            [
              145.57413468900043,
              -17.255720224464767
            ],
            [
              145.57407218900042,
              -17.255518224464772
            ],
            [
              145.5741376890004,
              -17.255353724464808
            ],
            [
              145.57436768900038,
              -17.255160224464802
            ],
            [
              145.57512418900046,
              -17.254917224464812
            ],
            [
              145.57561918900043,
              -17.25468772446485
            ],
            [
              145.57651918900035,
              -17.253909724464943
            ],
            [
              145.57702418900044,
              -17.25356572446495
            ],
            [
              145.5770601890005,
              -17.253401724464965
            ],
            [
              145.57731868900052,
              -17.253170724465
            ],
            [
              145.57746918900048,
              -17.253153224465002
            ],
            [
              145.57785218900042,
              -17.25335872446499
            ],
            [
              145.57852018900044,
              -17.253921724464977
            ],
            [
              145.57871868900043,
              -17.254205224464993
            ],
            [
              145.57887418900043,
              -17.254576224464948
            ],
            [
              145.57893768900044,
              -17.254918724464986
            ],
            [
              145.57914218900044,
              -17.25524822446493
            ],
            [
              145.5794376890004,
              -17.255572224464956
            ],
            [
              145.5796626890004,
              -17.255671724464943
            ],
            [
              145.57988868900043,
              -17.25573972446494
            ],
            [
              145.58022018900036,
              -17.254751724464995
            ],
            [
              145.58030718900045,
              -17.25456322446503
            ],
            [
              145.58056068900044,
              -17.25433772446503
            ],
            [
              145.58087618900038,
              -17.25418422446503
            ],
            [
              145.5812281890004,
              -17.25413422446503
            ],
            [
              145.5816536890004,
              -17.25415972546501
            ],
            [
              145.58234518900042,
              -17.254486725464993
            ],
            [
              145.58275368800037,
              -17.254919225464945
            ],
            [
              145.58321218800037,
              -17.255802725464882
            ],
            [
              145.58350768800037,
              -17.25649022546486
            ],
            [
              145.5836596880003,
              -17.256756225464798
            ],
            [
              145.58371918800032,
              -17.256993725464806
            ],
            [
              145.5838786880003,
              -17.257190725464817
            ],
            [
              145.5838251880004,
              -17.257787725464745
            ],
            [
              145.58367718800028,
              -17.257985725464746
            ],
            [
              145.5837471880003,
              -17.25840472546474
            ],
            [
              145.5835986880003,
              -17.258486225464715
            ],
            [
              145.58354768800032,
              -17.258653725464725
            ],
            [
              145.58357618800028,
              -17.258834725464716
            ],
            [
              145.58343118800033,
              -17.25919272546471
            ],
            [
              145.58335718800026,
              -17.259459225464646
            ],
            [
              145.58326368800033,
              -17.25959022546464
            ],
            [
              145.58321418800026,
              -17.260148225464622
            ],
            [
              145.58296318800032,
              -17.26045872546462
            ],
            [
              145.5829536880003,
              -17.260614725464613
            ],
            [
              145.58279768800026,
              -17.260559225464593
            ],
            [
              145.58272518800024,
              -17.260627725464584
            ],
            [
              145.58273768800026,
              -17.26076972546461
            ],
            [
              145.58279618800026,
              -17.26078072546459
            ],
            [
              145.58289068800022,
              -17.260787725464567
            ],
            [
              145.58299718800023,
              -17.260841225464596
            ],
            [
              145.5832586880003,
              -17.26083072546456
            ],
            [
              145.58325068800025,
              -17.26064872546458
            ],
            [
              145.58352068800025,
              -17.26036522546463
            ],
            [
              145.58353968800031,
              -17.2601102254646
            ],
            [
              145.58364068800032,
              -17.259868225464654
            ],
            [
              145.5836541880003,
              -17.259626725464656
            ],
            [
              145.5837846880003,
              -17.25935822546467
            ],
            [
              145.58377568800026,
              -17.259201225464675
            ],
            [
              145.58387518800035,
              -17.258912225464687
            ],
            [
              145.58381768800032,
              -17.258722225464716
            ],
            [
              145.58399318800028,
              -17.25860622546468
            ],
            [
              145.5840536880003,
              -17.2583552254647
            ],
            [
              145.58398268800036,
              -17.25820672546474
            ],
            [
              145.5839891880003,
              -17.25803972546471
            ],
            [
              145.58410118800035,
              -17.257904225464724
            ],
            [
              145.58412618800034,
              -17.257353725464785
            ],
            [
              145.58420418800034,
              -17.25722422546478
            ],
            [
              145.58414718800037,
              -17.257017225464796
            ],
            [
              145.58407868800037,
              -17.25693122546479
            ],
            [
              145.5840596880003,
              -17.256778725464798
            ],
            [
              145.5840766880004,
              -17.2566227254648
            ],
            [
              145.58410168800035,
              -17.25624422546488
            ],
            [
              145.5839776880004,
              -17.255882225464838
            ],
            [
              145.58375118800038,
              -17.255315225464877
            ],
            [
              145.58356468800037,
              -17.25480472546495
            ],
            [
              145.58336468800042,
              -17.25435972546496
            ],
            [
              145.5830771890004,
              -17.25389672546496
            ],
            [
              145.5826661890004,
              -17.253607725464985
            ],
            [
              145.58213868900046,
              -17.253264725465034
            ],
            [
              145.5818036890004,
              -17.253068725465084
            ],
            [
              145.58141418900044,
              -17.252717224465105
            ],
            [
              145.5811071890004,
              -17.252457724465103
            ],
            [
              145.58064068900046,
              -17.251995224465162
            ],
            [
              145.58024868900046,
              -17.251957224465166
            ],
            [
              145.58000518900047,
              -17.252033224465155
            ],
            [
              145.5798166890004,
              -17.25214372446513
            ],
            [
              145.5796946890005,
              -17.252141724465133
            ],
            [
              145.57974818900044,
              -17.252056224465132
            ],
            [
              145.5797631890005,
              -17.25191922446514
            ],
            [
              145.58011518900042,
              -17.251692724465165
            ],
            [
              145.58044268900045,
              -17.251732724465167
            ],
            [
              145.5807566890004,
              -17.25175722446515
            ],
            [
              145.58114918900043,
              -17.25153222446516
            ],
            [
              145.58147068900047,
              -17.251298724465187
            ],
            [
              145.5815846890004,
              -17.251159224465198
            ],
            [
              145.58180568900042,
              -17.25081122446519
            ],
            [
              145.58188868900044,
              -17.250455724465198
            ],
            [
              145.58198868900044,
              -17.25012772446524
            ],
            [
              145.58220968900042,
              -17.249896225465243
            ],
            [
              145.58248268900041,
              -17.249775725465206
            ],
            [
              145.58277068900045,
              -17.249726725465216
            ],
            [
              145.5832811890005,
              -17.249789225465214
            ],
            [
              145.58365768900055,
              -17.250047725465194
            ],
            [
              145.58404568900045,
              -17.25017722546518
            ],
            [
              145.58458868900047,
              -17.250491725465167
            ],
            [
              145.58464018900048,
              -17.250563725465156
            ],
            [
              145.58461918900042,
              -17.250990225465138
            ],
            [
              145.58473618900047,
              -17.251303225465126
            ],
            [
              145.58497518900043,
              -17.251689225465086
            ],
            [
              145.5853576890004,
              -17.252168725465094
            ],
            [
              145.58537218900042,
              -17.25231322546507
            ],
            [
              145.58533068800048,
              -17.25242722546505
            ],
            [
              145.58517218800048,
              -17.25255022546507
            ],
            [
              145.58499968800038,
              -17.252761225465047
            ],
            [
              145.58473618800042,
              -17.253286225464993
            ],
            [
              145.58467818800045,
              -17.253849225464958
            ],
            [
              145.58478968800046,
              -17.25445472546493
            ],
            [
              145.58502668800043,
              -17.2549512254649
            ],
            [
              145.58548768800037,
              -17.2554112254649
            ],
            [
              145.5863626880003,
              -17.255936725464856
            ],
            [
              145.5866276880003,
              -17.25621222546483
            ],
            [
              145.58701118800033,
              -17.256639225464795
            ],
            [
              145.5873606880004,
              -17.25741972546478
            ],
            [
              145.5875111880004,
              -17.25781222546473
            ],
            [
              145.58780068800027,
              -17.25807222546474
            ],
            [
              145.58784818800035,
              -17.25815622546474
            ],
            [
              145.58831868800033,
              -17.25886172546469
            ],
            [
              145.58874718800033,
              -17.25903022546466
            ],
            [
              145.5890036880003,
              -17.259095225464662
            ],
            [
              145.58917268800033,
              -17.25904172546469
            ],
            [
              145.58931518800037,
              -17.25904722546468
            ],
            [
              145.58935518800027,
              -17.259101725464653
            ],
            [
              145.5893696880003,
              -17.259224725464676
            ],
            [
              145.58933368800024,
              -17.25964972546466
            ],
            [
              145.5895346880003,
              -17.2602012254646
            ],
            [
              145.58988918800023,
              -17.260670225464583
            ],
            [
              145.5901046880003,
              -17.260909225464598
            ],
            [
              145.59020168800032,
              -17.261096225464566
            ],
            [
              145.59043018700024,
              -17.26131722546457
            ],
            [
              145.59077418700028,
              -17.261566225464556
            ],
            [
              145.59105118700026,
              -17.261760225464574
            ],
            [
              145.5913656870003,
              -17.261961225464567
            ],
            [
              145.5915496870003,
              -17.26209322546453
            ],
            [
              145.5917001870002,
              -17.262367725464554
            ],
            [
              145.5917361870002,
              -17.262613225464488
            ],
            [
              145.5914926870002,
              -17.263012225464475
            ],
            [
              145.59124718700016,
              -17.263356225464427
            ],
            [
              145.59074318700016,
              -17.264172725464423
            ],
            [
              145.59063968700016,
              -17.264367725464364
            ],
            [
              145.59060468700022,
              -17.264629725464367
            ],
            [
              145.59049468700016,
              -17.264778225464386
            ],
            [
              145.59051718700016,
              -17.26494522546435
            ],
            [
              145.59044318700023,
              -17.26505072546436
            ],
            [
              145.59051018700015,
              -17.26535622546434
            ],
            [
              145.59061868700022,
              -17.265519225464377
            ],
            [
              145.59080018700013,
              -17.265830225464345
            ],
            [
              145.59093818700026,
              -17.265955225464364
            ],
            [
              145.59154018700022,
              -17.266365225464376
            ],
            [
              145.59157968700012,
              -17.266502225464375
            ],
            [
              145.59227618700018,
              -17.2669287254644
            ],
            [
              145.59242618700029,
              -17.26696722546442
            ],
            [
              145.5926546870002,
              -17.267342725464445
            ],
            [
              145.5928356870002,
              -17.267720725464407
            ],
            [
              145.59284168700015,
              -17.26786922546444
            ],
            [
              145.59293368700014,
              -17.2679042254644
            ],
            [
              145.5930136870002,
              -17.268012725464416
            ],
            [
              145.59312218700018,
              -17.268090725464457
            ],
            [
              145.59309518700016,
              -17.268362225464454
            ],
            [
              145.59327018700014,
              -17.268471725464465
            ],
            [
              145.59333018700028,
              -17.268581225464477
            ],
            [
              145.59319568700022,
              -17.26866722546443
            ],
            [
              145.59316418700024,
              -17.268865725464437
            ],
            [
              145.59332418700026,
              -17.26915872546444
            ],
            [
              145.59351268700019,
              -17.269182725464443
            ],
            [
              145.59337868700018,
              -17.26886872546445
            ],
            [
              145.5935106870002,
              -17.26878172546443
            ],
            [
              145.59366068700015,
              -17.268951225464466
            ],
            [
              145.5937986870003,
              -17.268958725464454
            ],
            [
              145.59379018700025,
              -17.268814225464467
            ],
            [
              145.59344568700024,
              -17.268155725464478
            ],
            [
              145.59344568700024,
              -17.26783572546442
            ],
            [
              145.59319468700022,
              -17.26770722546446
            ],
            [
              145.59295418700015,
              -17.267219225464423
            ],
            [
              145.59295418700015,
              -17.266961725464448
            ],
            [
              145.59280518700024,
              -17.26675472546439
            ],
            [
              145.59241568700023,
              -17.266507725464386
            ],
            [
              145.5921781870002,
              -17.266111225464407
            ],
            [
              145.5918156870002,
              -17.265684225464394
            ],
            [
              145.59162068700013,
              -17.265363725464397
            ],
            [
              145.59158618700022,
              -17.264849225464385
            ],
            [
              145.59169618700017,
              -17.264434725464383
            ],
            [
              145.59183918700026,
              -17.264118725464407
            ],
            [
              145.59215118700016,
              -17.26379672546444
            ],
            [
              145.59248018700023,
              -17.26358322546449
            ],
            [
              145.59261218700027,
              -17.26338222546451
            ],
            [
              145.59295068700027,
              -17.2631062254645
            ],
            [
              145.59308968700023,
              -17.262956725464548
            ],
            [
              145.59317568700027,
              -17.262740725464536
            ],
            [
              145.59335618700018,
              -17.262523725464536
            ],
            [
              145.59352218700027,
              -17.262506725464583
            ],
            [
              145.5940606870002,
              -17.262611225464553
            ],
            [
              145.5944541870003,
              -17.262757225464583
            ],
            [
              145.59478618700027,
              -17.262998226464592
            ],
            [
              145.5949976870002,
              -17.263434226464554
            ],
            [
              145.59520068700024,
              -17.263624226464565
            ],
            [
              145.59562168700023,
              -17.26376972646452
            ],
            [
              145.59582818700025,
              -17.26385772646451
            ],
            [
              145.5960211870002,
              -17.263975726464484
            ],
            [
              145.5962091870003,
              -17.26400372646447
            ],
            [
              145.5965446870003,
              -17.2640102264645
            ],
            [
              145.59675218700025,
              -17.264021226464465
            ],
            [
              145.59696568700025,
              -17.263966726464485
            ],
            [
              145.59717668700026,
              -17.26385022646449
            ],
            [
              145.59742418700029,
              -17.263811726464468
            ],
            [
              145.5976871870002,
              -17.263847726464434
            ],
            [
              145.59808218700022,
              -17.263844726464434
            ],
            [
              145.59864468700022,
              -17.264038726464438
            ],
            [
              145.59879118700024,
              -17.264128226464432
            ],
            [
              145.59889968700023,
              -17.264248226464396
            ],
            [
              145.5990841870002,
              -17.264286226464407
            ],
            [
              145.59932418700026,
              -17.264493726464387
            ],
            [
              145.59950468700018,
              -17.26462322646439
            ],
            [
              145.5994706870003,
              -17.264906726464396
            ],
            [
              145.59953368700025,
              -17.26520772646437
            ],
            [
              145.5996591870002,
              -17.265292726464388
            ],
            [
              145.59969918700017,
              -17.26544172646435
            ],
            [
              145.60011968700024,
              -17.265660726464358
            ],
            [
              145.60030618700026,
              -17.26586622646435
            ],
            [
              145.60042418700021,
              -17.26586072646436
            ],
            [
              145.60085118600028,
              -17.266203226464356
            ],
            [
              145.60101018600022,
              -17.266216726464375
            ],
            [
              145.60116168600027,
              -17.266168726464375
            ],
            [
              145.60164918600023,
              -17.266389226464334
            ],
            [
              145.60192518600022,
              -17.266534726464364
            ],
            [
              145.6022031860003,
              -17.266504226464324
            ],
            [
              145.6026346860003,
              -17.266280726464377
            ],
            [
              145.6029291860003,
              -17.266212726464378
            ],
            [
              145.60299718600027,
              -17.26627722646433
            ],
            [
              145.60309218600023,
              -17.266409226464337
            ],
            [
              145.60322268600032,
              -17.266521226464334
            ],
            [
              145.6032546860002,
              -17.26670972646439
            ],
            [
              145.60359168600027,
              -17.266949226464344
            ],
            [
              145.60376168600033,
              -17.26689272646437
            ],
            [
              145.60383868600024,
              -17.267001226464387
            ],
            [
              145.6037766860003,
              -17.267324226464368
            ],
            [
              145.60387468600027,
              -17.267544226464384
            ],
            [
              145.60409568600028,
              -17.267603726464348
            ],
            [
              145.60420368600035,
              -17.2677207264644
            ],
            [
              145.60453418600025,
              -17.26770522646438
            ],
            [
              145.60470168600037,
              -17.267798726464378
            ],
            [
              145.60477368600027,
              -17.268023726464378
            ],
            [
              145.60502218600024,
              -17.26829772646438
            ],
            [
              145.6052606860003,
              -17.268486226464418
            ],
            [
              145.60542068600037,
              -17.268461726464366
            ],
            [
              145.60563318600032,
              -17.268550226464374
            ],
            [
              145.6059671860003,
              -17.268527726464374
            ],
            [
              145.60632568600036,
              -17.268567726464397
            ],
            [
              145.60660918600027,
              -17.268686226464382
            ],
            [
              145.6066856860004,
              -17.26874322646441
            ],
            [
              145.60678668600033,
              -17.26912872646442
            ],
            [
              145.6068766860003,
              -17.269252726464437
            ],
            [
              145.60675818600038,
              -17.269354226464408
            ],
            [
              145.60699518600038,
              -17.26938422646439
            ],
            [
              145.60705968600035,
              -17.2694722264644
            ],
            [
              145.60705618600028,
              -17.269699226464397
            ],
            [
              145.6069781860004,
              -17.269771226464435
            ],
            [
              145.60695818600033,
              -17.269865226464443
            ],
            [
              145.60689518600034,
              -17.26987222646441
            ],
            [
              145.6068566860003,
              -17.269919726464412
            ],
            [
              145.60687118600032,
              -17.269998226464438
            ],
            [
              145.60690918600034,
              -17.270018226464448
            ],
            [
              145.60694468600028,
              -17.270077226464416
            ],
            [
              145.6070101860003,
              -17.270071726464426
            ],
            [
              145.60700618600032,
              -17.269983226464422
            ],
            [
              145.60712118600034,
              -17.269839726464447
            ],
            [
              145.60724368600034,
              -17.269815226464452
            ],
            [
              145.6073151860003,
              -17.269755226464444
            ],
            [
              145.60727818600031,
              -17.269635226464448
            ],
            [
              145.6073951860004,
              -17.269601226464427
            ],
            [
              145.6075061860003,
              -17.26954122646441
            ],
            [
              145.60765968600032,
              -17.26955372646443
            ],
            [
              145.60777418600028,
              -17.26959722646445
            ],
            [
              145.60782868600032,
              -17.26970072646441
            ],
            [
              145.60799618600032,
              -17.26975122646445
            ],
            [
              145.60815268600035,
              -17.26977472646446
            ],
            [
              145.6082056860003,
              -17.26992522646442
            ],
            [
              145.60830618600036,
              -17.269850727464437
            ],
            [
              145.6085451860003,
              -17.269891727464454
            ],
            [
              145.60859818600036,
              -17.270020727464466
            ],
            [
              145.60858818600033,
              -17.27029222746446
            ],
            [
              145.60851768600028,
              -17.270454227464462
            ],
            [
              145.60859018600033,
              -17.270571227464448
            ],
            [
              145.60867018600032,
              -17.27067772746446
            ],
            [
              145.60885118600032,
              -17.27066922746448
            ],
            [
              145.60900418600042,
              -17.2706437274645
            ],
            [
              145.60915068600033,
              -17.270581227464497
            ],
            [
              145.6093396860004,
              -17.27039572746451
            ],
            [
              145.6094151860004,
              -17.27014222746446
            ],
            [
              145.60953068600043,
              -17.270200727464495
            ],
            [
              145.6095636860004,
              -17.270333727464504
            ],
            [
              145.60978318600036,
              -17.27032122746448
            ],
            [
              145.60995468600038,
              -17.27057572746447
            ],
            [
              145.6102221860004,
              -17.270617227464474
            ],
            [
              145.61039368600038,
              -17.27052622746447
            ],
            [
              145.61054368600034,
              -17.27048422746445
            ],
            [
              145.6106996850004,
              -17.270524227464467
            ],
            [
              145.6107856850004,
              -17.270533227464494
            ],
            [
              145.6106536860004,
              -17.270316227464477
            ],
            [
              145.61073118600038,
              -17.270259727464442
            ],
            [
              145.61074068600044,
              -17.27017022746444
            ],
            [
              145.61070668600038,
              -17.27006172746448
            ],
            [
              145.6107921860003,
              -17.270025727464464
            ],
            [
              145.6109121860004,
              -17.27011522746445
            ],
            [
              145.61100718600036,
              -17.270153227464476
            ],
            [
              145.61110618500032,
              -17.270103727464473
            ],
            [
              145.61109468600043,
              -17.269926727464473
            ],
            [
              145.6111731860004,
              -17.26991122746445
            ],
            [
              145.61126418600037,
              -17.26991122746445
            ],
            [
              145.61122568600032,
              -17.269809227464417
            ],
            [
              145.61111368600038,
              -17.269804727464425
            ],
            [
              145.61108918600038,
              -17.26970222746447
            ],
            [
              145.61102418600032,
              -17.269654727464474
            ],
            [
              145.61091218600038,
              -17.269584227464424
            ],
            [
              145.61075618600046,
              -17.269515727464434
            ],
            [
              145.61063218600034,
              -17.269536727464445
            ],
            [
              145.61059818600037,
              -17.26963922746447
            ],
            [
              145.61065118600035,
              -17.269765227464436
            ],
            [
              145.61074268600038,
              -17.269789727464484
            ],
            [
              145.61071768600033,
              -17.269843227464467
            ],
            [
              145.6106301860004,
              -17.269919227464445
            ],
            [
              145.61058268600036,
              -17.27001822746449
            ],
            [
              145.6103436860004,
              -17.269956227464476
            ],
            [
              145.61027068600035,
              -17.269909727464483
            ],
            [
              145.60972968600032,
              -17.26987872746451
            ],
            [
              145.60973968600032,
              -17.269810727464506
            ],
            [
              145.60967068600038,
              -17.269717227464458
            ],
            [
              145.60957568600043,
              -17.269616727464474
            ],
            [
              145.60948418600034,
              -17.26957822746446
            ],
            [
              145.6093776860003,
              -17.269614727464486
            ],
            [
              145.60931668600037,
              -17.269705727464473
            ],
            [
              145.60931868600036,
              -17.26980472746445
            ],
            [
              145.60924068600033,
              -17.26981622746449
            ],
            [
              145.6091911860004,
              -17.269852727464446
            ],
            [
              145.60914568600032,
              -17.269953227464484
            ],
            [
              145.60916068600042,
              -17.27010172746445
            ],
            [
              145.6090481860004,
              -17.27012072746445
            ],
            [
              145.60895318600043,
              -17.270098227464445
            ],
            [
              145.60886968600033,
              -17.269997227464472
            ],
            [
              145.60882968600038,
              -17.26986972746445
            ],
            [
              145.60891318600036,
              -17.26963722746447
            ],
            [
              145.60889218600033,
              -17.269555727464454
            ],
            [
              145.60881218600034,
              -17.269506227464458
            ],
            [
              145.6087436860003,
              -17.269521227464473
            ],
            [
              145.60863518600027,
              -17.269481227464446
            ],
            [
              145.6084086860004,
              -17.26945672746445
            ],
            [
              145.6082926860003,
              -17.269462227464437
            ],
            [
              145.60816318600033,
              -17.269403226464423
            ],
            [
              145.60804318600032,
              -17.26943172646441
            ],
            [
              145.6077656860004,
              -17.269270226464403
            ],
            [
              145.60769868600033,
              -17.26927772646445
            ],
            [
              145.60762468600032,
              -17.269218726464427
            ],
            [
              145.60772918600028,
              -17.26912372646445
            ],
            [
              145.6077576860003,
              -17.268948226464435
            ],
            [
              145.6079121860003,
              -17.26893872646446
            ],
            [
              145.6084391860003,
              -17.26871622746444
            ],
            [
              145.60826618600032,
              -17.268664726464408
            ],
            [
              145.6080736860003,
              -17.268759726464445
            ],
            [
              145.60786468600034,
              -17.26878272646444
            ],
            [
              145.60760518600037,
              -17.2687522264644
            ],
            [
              145.60741518600028,
              -17.2687047264644
            ],
            [
              145.60734468600035,
              -17.268558226464425
            ],
            [
              145.6071636860003,
              -17.2685257264644
            ],
            [
              145.60712418600033,
              -17.268390726464393
            ],
            [
              145.6068271860003,
              -17.268247226464403
            ],
            [
              145.60650968600035,
              -17.268168726464374
            ],
            [
              145.6063036860003,
              -17.268126226464414
            ],
            [
              145.6060601860003,
              -17.268004226464388
            ],
            [
              145.60586168600028,
              -17.267712726464367
            ],
            [
              145.60589418600037,
              -17.267627226464363
            ],
            [
              145.6058106860003,
              -17.267324726464384
            ],
            [
              145.60570368600028,
              -17.26719522646436
            ],
            [
              145.6054946860003,
              -17.2671627264644
            ],
            [
              145.60539218600027,
              -17.26698822646437
            ],
            [
              145.6051196860003,
              -17.26695922646439
            ],
            [
              145.60497268600034,
              -17.267018226464344
            ],
            [
              145.60481118600035,
              -17.267046726464386
            ],
            [
              145.6047381860003,
              -17.266950226464346
            ],
            [
              145.60465118600027,
              -17.26688572646434
            ],
            [
              145.60464418600031,
              -17.26681922646433
            ],
            [
              145.60484218600024,
              -17.26684772646439
            ],
            [
              145.60489568600033,
              -17.26678922646435
            ],
            [
              145.60489368600028,
              -17.26669672646436
            ],
            [
              145.60468768600026,
              -17.266551726464385
            ],
            [
              145.60460618600027,
              -17.266451726464346
            ],
            [
              145.6046156860003,
              -17.266361726464346
            ],
            [
              145.60475468600032,
              -17.26623422646433
            ],
            [
              145.60486068600025,
              -17.266261726464375
            ],
            [
              145.6049926860003,
              -17.266314726464355
            ],
            [
              145.60509668600022,
              -17.26618572646434
            ],
            [
              145.60510168600024,
              -17.266102226464383
            ],
            [
              145.60496818600032,
              -17.266013226464377
            ],
            [
              145.60481718600033,
              -17.26604022646437
            ],
            [
              145.6046041860003,
              -17.265861726464355
            ],
            [
              145.60455268600023,
              -17.265950226464362
            ],
            [
              145.60437968600024,
              -17.265933726464343
            ],
            [
              145.60423218600033,
              -17.265973726464352
            ],
            [
              145.60391268600029,
              -17.26593772646433
            ],
            [
              145.60385618600023,
              -17.265747726464358
            ],
            [
              145.60375018600027,
              -17.265694226464316
            ],
            [
              145.60333668600023,
              -17.26561772646434
            ],
            [
              145.60321168600024,
              -17.265507226464326
            ],
            [
              145.60297268600021,
              -17.265425226464366
            ],
            [
              145.60288568600023,
              -17.265253226464345
            ],
            [
              145.60292218600028,
              -17.265006226464344
            ],
            [
              145.60299018600023,
              -17.26487172646435
            ],
            [
              145.60294018600027,
              -17.264629226464347
            ],
            [
              145.6030581860003,
              -17.264561226464348
            ],
            [
              145.6031941860003,
              -17.26457822646436
            ],
            [
              145.60343918600026,
              -17.264813226464327
            ],
            [
              145.60337768600024,
              -17.264531726464373
            ],
            [
              145.60317468600033,
              -17.264174726464383
            ],
            [
              145.60314768600026,
              -17.264044726464373
            ],
            [
              145.6028786870002,
              -17.26378772646442
            ],
            [
              145.6027001870003,
              -17.2637512264644
            ],
            [
              145.60250118700026,
              -17.26375822646444
            ],
            [
              145.6023871870003,
              -17.263836726464405
            ],
            [
              145.60233018700032,
              -17.26398322646437
            ],
            [
              145.6023766870003,
              -17.26411172646437
            ],
            [
              145.6022981870003,
              -17.26427572646435
            ],
            [
              145.60213018700026,
              -17.2643257264644
            ],
            [
              145.60194118700028,
              -17.26429722646436
            ],
            [
              145.60178418700016,
              -17.264172226464392
            ],
            [
              145.60168418700025,
              -17.2641472264644
            ],
            [
              145.60149118700028,
              -17.2641472264644
            ],
            [
              145.60127018700024,
              -17.26405472646442
            ],
            [
              145.6010846870002,
              -17.264140226464363
            ],
            [
              145.60105218700028,
              -17.2642832264644
            ],
            [
              145.60096268700028,
              -17.264399726464376
            ],
            [
              145.60091118700024,
              -17.26422822646436
            ],
            [
              145.6008766870003,
              -17.264020226464396
            ],
            [
              145.60095018700028,
              -17.26389022646439
            ],
            [
              145.60087718700024,
              -17.263683726464414
            ],
            [
              145.60086268700022,
              -17.2635757264644
            ],
            [
              145.60099668700025,
              -17.263247226464458
            ],
            [
              145.60115368700028,
              -17.263168726464425
            ],
            [
              145.60136368700032,
              -17.263154226464472
            ],
            [
              145.60148068700028,
              -17.263184226464436
            ],
            [
              145.6020586870003,
              -17.263004726464462
            ],
            [
              145.60237168700027,
              -17.263044726464464
            ],
            [
              145.60275418700027,
              -17.263017226464477
            ],
            [
              145.60277968700026,
              -17.26291722646444
            ],
            [
              145.60292968700023,
              -17.262838726464484
            ],
            [
              145.60318718700032,
              -17.262769726464487
            ],
            [
              145.6033106870003,
              -17.262762226464456
            ],
            [
              145.60342018700032,
              -17.26270722646447
            ],
            [
              145.60355218700033,
              -17.262559226464468
            ],
            [
              145.60362468700032,
              -17.262520726464505
            ],
            [
              145.60369568700025,
              -17.262531226464485
            ],
            [
              145.60380518700026,
              -17.2626122264645
            ],
            [
              145.60380518700023,
              -17.262683726464488
            ],
            [
              145.60388018700027,
              -17.262719226464437
            ],
            [
              145.60388518700026,
              -17.262793226464478
            ],
            [
              145.60419318600032,
              -17.262837226464484
            ],
            [
              145.60432068600028,
              -17.26280722646445
            ],
            [
              145.6044526860003,
              -17.262801226464475
            ],
            [
              145.60469068600025,
              -17.26266472646448
            ],
            [
              145.60481768600027,
              -17.262714726464463
            ],
            [
              145.6048846860003,
              -17.262688226464476
            ],
            [
              145.60480368600028,
              -17.262537226464463
            ],
            [
              145.60466218600027,
              -17.262564726464447
            ],
            [
              145.60457418600024,
              -17.262653726464446
            ],
            [
              145.60448268600032,
              -17.262715726464464
            ],
            [
              145.60428618700027,
              -17.262642226464475
            ],
            [
              145.60416118700024,
              -17.26267122646446
            ],
            [
              145.60399868700028,
              -17.262622726464468
            ],
            [
              145.60398518700023,
              -17.262485226464484
            ],
            [
              145.6038161870003,
              -17.262407726464517
            ],
            [
              145.60382068700025,
              -17.26228972646449
            ],
            [
              145.60390118700025,
              -17.262185726464526
            ],
            [
              145.60404468700025,
              -17.2621282264645
            ],
            [
              145.60416468700032,
              -17.262145726464503
            ],
            [
              145.60427468700027,
              -17.262066226464498
            ],
            [
              145.60441318700032,
              -17.262159226464476
            ],
            [
              145.6044131870003,
              -17.262206726464523
            ],
            [
              145.60434768700034,
              -17.262278226464513
            ],
            [
              145.60433468700032,
              -17.262332226464487
            ],
            [
              145.60438218700028,
              -17.262484226464494
            ],
            [
              145.6044981860003,
              -17.262553226464487
            ],
            [
              145.6046726860003,
              -17.262542726464513
            ],
            [
              145.6048056860003,
              -17.262518226464465
            ],
            [
              145.60493418600026,
              -17.26241122646451
            ],
            [
              145.6049406860003,
              -17.26222622646448
            ],
            [
              145.60502268700031,
              -17.26182672646454
            ],
            [
              145.60515368600034,
              -17.262199726464498
            ],
            [
              145.6052771860003,
              -17.26235822646448
            ],
            [
              145.60554718600028,
              -17.262370226464512
            ],
            [
              145.60584718600032,
              -17.261900726464535
            ],
            [
              145.60609668600034,
              -17.261860226464528
            ],
            [
              145.60637718600026,
              -17.261737226464568
            ],
            [
              145.6065821860003,
              -17.26181422646453
            ],
            [
              145.60686068600032,
              -17.261839226464534
            ],
            [
              145.60710918600034,
              -17.261780226464573
            ],
            [
              145.60729168600028,
              -17.26161372646456
            ],
            [
              145.60734368600026,
              -17.261452226464574
            ],
            [
              145.60764468600027,
              -17.261060226464625
            ],
            [
              145.60780818600026,
              -17.260955726464612
            ],
            [
              145.60794518600028,
              -17.260793726464637
            ],
            [
              145.60806718600034,
              -17.260637726464637
            ],
            [
              145.6081661860003,
              -17.26059372646465
            ],
            [
              145.60825968600034,
              -17.26045272646467
            ],
            [
              145.6085906860003,
              -17.260395726464655
            ],
            [
              145.60891018600032,
              -17.26025772646467
            ],
            [
              145.6089406860003,
              -17.260154226464664
            ],
            [
              145.60901918600027,
              -17.26009872646469
            ],
            [
              145.60921468600029,
              -17.260133726464726
            ],
            [
              145.6093831860003,
              -17.260269726464713
            ],
            [
              145.6093976860003,
              -17.260395727464672
            ],
            [
              145.6093731860003,
              -17.260717727464687
            ],
            [
              145.6095481860003,
              -17.260776727464652
            ],
            [
              145.60977868600025,
              -17.260742227464693
            ],
            [
              145.6098601860003,
              -17.260607227464703
            ],
            [
              145.60981068600026,
              -17.260494727464714
            ],
            [
              145.60980318600025,
              -17.260300727464696
            ],
            [
              145.60993068600033,
              -17.260062727464742
            ],
            [
              145.61009568600025,
              -17.259932727464737
            ],
            [
              145.61010168600032,
              -17.25977672746475
            ],
            [
              145.6100266860003,
              -17.25966072746476
            ],
            [
              145.61002868600028,
              -17.25939922746475
            ],
            [
              145.6099631860003,
              -17.25926322746477
            ],
            [
              145.60996518600027,
              -17.25915072746477
            ],
            [
              145.60991168600023,
              -17.259102727464775
            ],
            [
              145.60979968600031,
              -17.259169727464766
            ],
            [
              145.6098296860002,
              -17.259510727464747
            ],
            [
              145.6098631860003,
              -17.259592227464765
            ],
            [
              145.60983568600034,
              -17.25979822746474
            ],
            [
              145.60970618600024,
              -17.25996172746472
            ],
            [
              145.60966418600026,
              -17.260129227464738
            ],
            [
              145.60951768600032,
              -17.260148227464683
            ],
            [
              145.60946618600028,
              -17.260015227464688
            ],
            [
              145.6093771860003,
              -17.2599897264647
            ],
            [
              145.6090786860003,
              -17.25980922646471
            ],
            [
              145.60895518600032,
              -17.25979922646474
            ],
            [
              145.6088411860003,
              -17.25990672646467
            ],
            [
              145.60875818600027,
              -17.260137726464706
            ],
            [
              145.6086466860003,
              -17.260215226464677
            ],
            [
              145.60835018600028,
              -17.26024572646464
            ],
            [
              145.60812418600028,
              -17.260393726464653
            ],
            [
              145.60778568600028,
              -17.260451226464667
            ],
            [
              145.60763318600024,
              -17.260576726464624
            ],
            [
              145.60748568600025,
              -17.260842226464614
            ],
            [
              145.60721068600023,
              -17.26101072646458
            ],
            [
              145.60713818600027,
              -17.26121422646462
            ],
            [
              145.60702268600028,
              -17.261369726464558
            ],
            [
              145.6068726860003,
              -17.261449226464574
            ],
            [
              145.60662418600032,
              -17.261442726464587
            ],
            [
              145.60646268600033,
              -17.261432726464545
            ],
            [
              145.60641318600028,
              -17.26122372646458
            ],
            [
              145.6062321860003,
              -17.261303726464536
            ],
            [
              145.60591618600026,
              -17.26131522646456
            ],
            [
              145.6058266870003,
              -17.261237226464598
            ],
            [
              145.6056801870003,
              -17.261376226464577
            ],
            [
              145.60557968700024,
              -17.26141272646454
            ],
            [
              145.60534118700025,
              -17.26138972646454
            ],
            [
              145.60511268700034,
              -17.26149222646456
            ],
            [
              145.60480818700034,
              -17.261440726464567
            ],
            [
              145.6045851870003,
              -17.261465226464566
            ],
            [
              145.60437618700027,
              -17.261669226464548
            ],
            [
              145.6043416870003,
              -17.261792226464514
            ],
            [
              145.60424868700034,
              -17.261806226464532
            ],
            [
              145.6040621870003,
              -17.261735726464547
            ],
            [
              145.6039701870003,
              -17.261861226464507
            ],
            [
              145.60375968700032,
              -17.261718726464533
            ],
            [
              145.60366818700024,
              -17.261825726464537
            ],
            [
              145.6036841870003,
              -17.261948226464515
            ],
            [
              145.60346568700027,
              -17.26198222646453
            ],
            [
              145.60331518700022,
              -17.262124226464515
            ],
            [
              145.60321918700026,
              -17.262293226464468
            ],
            [
              145.60301368700024,
              -17.262390226464504
            ],
            [
              145.60282718700032,
              -17.262456726464503
            ],
            [
              145.6027256870003,
              -17.262440226464484
            ],
            [
              145.60224218700031,
              -17.262520226464506
            ],
            [
              145.6022021870003,
              -17.262406226464464
            ],
            [
              145.6020616870003,
              -17.262444226464474
            ],
            [
              145.60204618700024,
              -17.26256022646446
            ],
            [
              145.60194168700022,
              -17.262573726464492
            ],
            [
              145.60179418700034,
              -17.262568226464495
            ],
            [
              145.60165968700025,
              -17.262573726464492
            ],
            [
              145.6016846870003,
              -17.262491726464464
            ],
            [
              145.60162368700026,
              -17.2624157264645
            ],
            [
              145.6015271870003,
              -17.26244972646446
            ],
            [
              145.60142968700026,
              -17.262560226464466
            ],
            [
              145.60136468700034,
              -17.262480226464504
            ],
            [
              145.60111718700028,
              -17.262653726464457
            ],
            [
              145.60088518700022,
              -17.262725726464495
            ],
            [
              145.60086618700024,
              -17.262838226464492
            ],
            [
              145.60074818700022,
              -17.262893226464467
            ],
            [
              145.6005636870003,
              -17.263068226464465
            ],
            [
              145.60051618700024,
              -17.26319372646444
            ],
            [
              145.60052418700022,
              -17.263349226464427
            ],
            [
              145.60050218700025,
              -17.263512226464456
            ],
            [
              145.6004146870002,
              -17.26367772646443
            ],
            [
              145.6004566870002,
              -17.26410472646441
            ],
            [
              145.60034218700022,
              -17.264139226464383
            ],
            [
              145.6000126870003,
              -17.264092726464384
            ],
            [
              145.5998471870002,
              -17.264165226464428
            ],
            [
              145.5997366870002,
              -17.264192726464415
            ],
            [
              145.59924868700028,
              -17.26374422646445
            ],
            [
              145.5990891870003,
              -17.263711726464425
            ],
            [
              145.5987116870003,
              -17.26353822646447
            ],
            [
              145.59841568700023,
              -17.26331922646448
            ],
            [
              145.59831868700027,
              -17.263204226464495
            ],
            [
              145.5979661870003,
              -17.263071726464506
            ],
            [
              145.59780818700023,
              -17.263159726464515
            ],
            [
              145.5977176870003,
              -17.263169726464493
            ],
            [
              145.59756168700028,
              -17.26313522646451
            ],
            [
              145.59747718700027,
              -17.263189726464493
            ],
            [
              145.59696168700026,
              -17.26314272646451
            ],
            [
              145.5967541870003,
              -17.26316222646452
            ],
            [
              145.59658118700028,
              -17.263118226464524
            ],
            [
              145.59636368700032,
              -17.262954226464565
            ],
            [
              145.59628368700027,
              -17.262804226464546
            ],
            [
              145.5962396870003,
              -17.262532726464578
            ],
            [
              145.59624468700028,
              -17.262328226464575
            ],
            [
              145.59617218700032,
              -17.261836226464602
            ],
            [
              145.59581218700032,
              -17.261001226464675
            ],
            [
              145.59554118700032,
              -17.26060122646469
            ],
            [
              145.59530018700025,
              -17.260431226464743
            ],
            [
              145.59522918700034,
              -17.260232226464748
            ],
            [
              145.5950701870003,
              -17.260185725464765
            ],
            [
              145.59450118700036,
              -17.25987322546476
            ],
            [
              145.59429418700032,
              -17.259885225464725
            ],
            [
              145.59378318700038,
              -17.259827725464746
            ],
            [
              145.59343968700037,
              -17.259706725464703
            ],
            [
              145.59343268700025,
              -17.25950422546471
            ],
            [
              145.59329218700032,
              -17.25926422546476
            ],
            [
              145.59315518700035,
              -17.259158225464752
            ],
            [
              145.5929736880003,
              -17.259090225464746
            ],
            [
              145.5928456880003,
              -17.258321725464793
            ],
            [
              145.59290768800037,
              -17.25810972546478
            ],
            [
              145.59305168800034,
              -17.257924225464805
            ],
            [
              145.59316818800033,
              -17.257908225464796
            ],
            [
              145.5933811880004,
              -17.25794122546483
            ],
            [
              145.5936576880004,
              -17.25790272546483
            ],
            [
              145.59407368800038,
              -17.25800322546486
            ],
            [
              145.59450068700036,
              -17.258011225464863
            ],
            [
              145.59466518700034,
              -17.25789572546487
            ],
            [
              145.59468418700035,
              -17.257717225464884
            ],
            [
              145.59507918700035,
              -17.257810225464876
            ],
            [
              145.59575968700034,
              -17.258197226464862
            ],
            [
              145.5958891870003,
              -17.25832672646482
            ],
            [
              145.59614768700038,
              -17.258352726464796
            ],
            [
              145.5962331870003,
              -17.258509726464787
            ],
            [
              145.5963451870004,
              -17.258570726464793
            ],
            [
              145.59679718700036,
              -17.258493226464818
            ],
            [
              145.5969496870004,
              -17.258657226464784
            ],
            [
              145.59718768700034,
              -17.258673726464785
            ],
            [
              145.59729718700035,
              -17.258542226464794
            ],
            [
              145.59748018700034,
              -17.258438226464765
            ],
            [
              145.59805618700034,
              -17.258407226464783
            ],
            [
              145.5983511870003,
              -17.258445226464797
            ],
            [
              145.59829418700036,
              -17.258543226464763
            ],
            [
              145.59867768700036,
              -17.258512726464783
            ],
            [
              145.59901518700033,
              -17.25843722646474
            ],
            [
              145.5990711870003,
              -17.258326226464746
            ],
            [
              145.59890768700032,
              -17.25830272646475
            ],
            [
              145.59850418700034,
              -17.25836622646477
            ],
            [
              145.5983271870004,
              -17.258219226464753
            ],
            [
              145.59800118700025,
              -17.25827622646478
            ],
            [
              145.59766718700035,
              -17.258233226464778
            ],
            [
              145.5974946870004,
              -17.258190226464784
            ],
            [
              145.59700918700028,
              -17.258240726464777
            ],
            [
              145.59670068700035,
              -17.258197226464844
            ],
            [
              145.5964191870003,
              -17.258247726464834
            ],
            [
              145.59628918700028,
              -17.25811722646483
            ],
            [
              145.59609868700042,
              -17.258092226464846
            ],
            [
              145.59560768700035,
              -17.25781022646485
            ],
            [
              145.59533668700038,
              -17.257680725464866
            ],
            [
              145.59526718700042,
              -17.257507725464922
            ],
            [
              145.59514618700032,
              -17.25739122546494
            ],
            [
              145.59494618800045,
              -17.257322725464885
            ],
            [
              145.59457718800033,
              -17.257368725464932
            ],
            [
              145.59432968800033,
              -17.257446225464886
            ],
            [
              145.59431218800043,
              -17.25733722546488
            ],
            [
              145.5944541880004,
              -17.257234225464927
            ],
            [
              145.5945081880004,
              -17.25705122546489
            ],
            [
              145.5946501880004,
              -17.25703022546489
            ],
            [
              145.59482918800038,
              -17.256798225464934
            ],
            [
              145.59501218800037,
              -17.256754225464935
            ],
            [
              145.59506318800038,
              -17.25666672546493
            ],
            [
              145.59504768800034,
              -17.256509225464942
            ],
            [
              145.59513468800037,
              -17.25642622546499
            ],
            [
              145.59515618800035,
              -17.25623572546496
            ],
            [
              145.5951021880004,
              -17.255980725465
            ],
            [
              145.5949261880004,
              -17.25585872546497
            ],
            [
              145.5949191880004,
              -17.25575822546501
            ],
            [
              145.59499118800045,
              -17.255639725465027
            ],
            [
              145.59526018800042,
              -17.255578225465005
            ],
            [
              145.5954111880004,
              -17.25544572546501
            ],
            [
              145.59556568800042,
              -17.255334225465006
            ],
            [
              145.59573468800048,
              -17.255309226465002
            ],
            [
              145.59589968800034,
              -17.25518322646503
            ],
            [
              145.59587818800034,
              -17.25500722646504
            ],
            [
              145.59597168800045,
              -17.25489222646504
            ],
            [
              145.5961046880004,
              -17.25489572646503
            ],
            [
              145.59620868800036,
              -17.254777226465052
            ],
            [
              145.59635968800043,
              -17.254483726465065
            ],
            [
              145.59628368800043,
              -17.254356726465055
            ],
            [
              145.59619068800043,
              -17.254414726465072
            ],
            [
              145.59605068800042,
              -17.254748726465017
            ],
            [
              145.59580668800038,
              -17.254820726465063
            ],
            [
              145.59564818800038,
              -17.255093725465006
            ],
            [
              145.59531068800038,
              -17.255219225465027
            ],
            [
              145.5949476880004,
              -17.255477725465052
            ],
            [
              145.5947396880005,
              -17.255668225464998
            ],
            [
              145.59472518800044,
              -17.25591972546497
            ],
            [
              145.5948616880004,
              -17.256081225464957
            ],
            [
              145.5946501880004,
              -17.25638772546496
            ],
            [
              145.59461518800038,
              -17.256539725464965
            ],
            [
              145.59438668800044,
              -17.256606225464957
            ],
            [
              145.59421418800036,
              -17.256684725464925
            ],
            [
              145.5940776880004,
              -17.256836725464918
            ],
            [
              145.59376818800033,
              -17.25685372546493
            ],
            [
              145.59355968800034,
              -17.2569482254649
            ],
            [
              145.59338068800034,
              -17.257161725464854
            ],
            [
              145.5932106880004,
              -17.257239225464875
            ],
            [
              145.59295518800033,
              -17.25726522546486
            ],
            [
              145.59279018800038,
              -17.257339725464824
            ],
            [
              145.59265568800032,
              -17.25746372546485
            ],
            [
              145.5923976880004,
              -17.2576342254648
            ],
            [
              145.5921861880003,
              -17.257788725464795
            ],
            [
              145.5919336880003,
              -17.258103725464775
            ],
            [
              145.59173468800037,
              -17.25825172546478
            ],
            [
              145.59149468800027,
              -17.258274725464773
            ],
            [
              145.59127968800038,
              -17.258255225464765
            ],
            [
              145.5910631880003,
              -17.258185225464768
            ],
            [
              145.59087968800034,
              -17.258090725464783
            ],
            [
              145.5906771880004,
              -17.257876725464765
            ],
            [
              145.59023568800043,
              -17.257551725464797
            ],
            [
              145.59011968800039,
              -17.257370725464813
            ],
            [
              145.59005318800038,
              -17.257123225464827
            ],
            [
              145.59007668800035,
              -17.256627725464853
            ],
            [
              145.59005518800035,
              -17.25615072546483
            ],
            [
              145.5900386880004,
              -17.255655725464873
            ],
            [
              145.59017668800038,
              -17.255343725464936
            ],
            [
              145.58987168800036,
              -17.25533672546489
            ],
            [
              145.58921568800042,
              -17.254774725464912
            ],
            [
              145.58897968800045,
              -17.254732725464905
            ],
            [
              145.5888526880004,
              -17.254638725464925
            ],
            [
              145.58867768800042,
              -17.254447725464956
            ],
            [
              145.58858218800037,
              -17.254241225464984
            ],
            [
              145.5884166880004,
              -17.254142725464945
            ],
            [
              145.5881651880004,
              -17.254061225464984
            ],
            [
              145.5880986880004,
              -17.254022725464974
            ],
            [
              145.58808318800038,
              -17.253901225465
            ],
            [
              145.5882621880004,
              -17.25331272546499
            ],
            [
              145.5882866880004,
              -17.252993225465016
            ],
            [
              145.58834068800036,
              -17.25287772546503
            ],
            [
              145.58842818800045,
              -17.252821225465063
            ],
            [
              145.58830618800042,
              -17.25250522546508
            ],
            [
              145.5881741880004,
              -17.25235772546506
            ],
            [
              145.58807768800048,
              -17.252081225465094
            ],
            [
              145.58776418800042,
              -17.252128225465086
            ],
            [
              145.58753968800048,
              -17.252089725465076
            ],
            [
              145.5873616880005,
              -17.251989225465103
            ],
            [
              145.5872401880004,
              -17.251780225465062
            ],
            [
              145.58707768800042,
              -17.25142372546508
            ],
            [
              145.5870856890005,
              -17.25086422546516
            ],
            [
              145.58700318900048,
              -17.250239725465185
            ],
            [
              145.58694368900044,
              -17.250004725465168
            ],
            [
              145.58679168900048,
              -17.249798725465176
            ],
            [
              145.58666518900048,
              -17.24951222546521
            ],
            [
              145.58651168900047,
              -17.249102725465168
            ],
            [
              145.58648468900049,
              -17.248841225465195
            ],
            [
              145.5865566890005,
              -17.248691225465173
            ],
            [
              145.58665418900054,
              -17.248669725465177
            ],
            [
              145.58697468900044,
              -17.248882725465204
            ],
            [
              145.58733968900046,
              -17.249043225465197
            ],
            [
              145.58783218900052,
              -17.24914072546518
            ],
            [
              145.58807618900047,
              -17.24908672546521
            ],
            [
              145.58833968900046,
              -17.24923072546519
            ],
            [
              145.58864568900043,
              -17.2493207254652
            ],
            [
              145.5888046890005,
              -17.24910622546522
            ],
            [
              145.5890336890005,
              -17.248754725465194
            ],
            [
              145.58846068900047,
              -17.24822472546516
            ],
            [
              145.58784168900047,
              -17.2477557254652
            ],
            [
              145.58758368900058,
              -17.247375725465186
            ],
            [
              145.58752918900052,
              -17.247159225465158
            ],
            [
              145.58752668900047,
              -17.246945225465186
            ],
            [
              145.58792168900047,
              -17.24620972546516
            ],
            [
              145.5882826890005,
              -17.245299225465125
            ],
            [
              145.58846518900052,
              -17.245058225465165
            ],
            [
              145.5881666890006,
              -17.245101225465163
            ],
            [
              145.58778868900052,
              -17.244961225465115
            ],
            [
              145.5873771890006,
              -17.24468472546513
            ],
            [
              145.58723268900053,
              -17.245142725465115
            ],
            [
              145.58702118900058,
              -17.245562225465136
            ],
            [
              145.58677868900057,
              -17.245771225465116
            ],
            [
              145.58653618900053,
              -17.24582522546516
            ],
            [
              145.58600968900055,
              -17.24585372546515
            ],
            [
              145.58534918900057,
              -17.245827725465148
            ],
            [
              145.58494068900046,
              -17.24586472546518
            ],
            [
              145.58441468900048,
              -17.24600422546517
            ],
            [
              145.58405618900056,
              -17.24600672546518
            ],
            [
              145.58378668900045,
              -17.24592622546515
            ],
            [
              145.58344718900048,
              -17.24574472546515
            ],
            [
              145.58323118900054,
              -17.245815225465154
            ],
            [
              145.58289968900058,
              -17.24577322546515
            ],
            [
              145.5824921890005,
              -17.245711224465214
            ],
            [
              145.58220318900055,
              -17.2456042244652
            ],
            [
              145.5820381890005,
              -17.24546222446516
            ],
            [
              145.58202068900053,
              -17.245326224465163
            ],
            [
              145.58204668900055,
              -17.245170224465205
            ],
            [
              145.58204168900056,
              -17.245059224465212
            ],
            [
              145.58187918900057,
              -17.244883724465204
            ],
            [
              145.5817966890005,
              -17.244566224465203
            ],
            [
              145.58175368900052,
              -17.244265724465166
            ],
            [
              145.58186118900056,
              -17.244072724465187
            ],
            [
              145.58201368900052,
              -17.24386572446519
            ],
            [
              145.5823321890006,
              -17.243570224465135
            ],
            [
              145.58258318900056,
              -17.24325472446513
            ],
            [
              145.58270418900057,
              -17.24307472446513
            ],
            [
              145.58276018900057,
              -17.242798724465136
            ],
            [
              145.58269918900058,
              -17.24259272446514
            ],
            [
              145.58254568900057,
              -17.242346224465138
            ],
            [
              145.5824126890006,
              -17.24220372446516
            ],
            [
              145.58213168900062,
              -17.241953724465173
            ],
            [
              145.58205069000053,
              -17.241770724465173
            ],
            [
              145.58206269000055,
              -17.241529224465157
            ],
            [
              145.5821376900006,
              -17.24115322446513
            ],
            [
              145.58217719000052,
              -17.24073322446511
            ],
            [
              145.58224619000057,
              -17.24051072446515
            ],
            [
              145.58243919000057,
              -17.24011472446512
            ],
            [
              145.5825856900006,
              -17.239947224465144
            ],
            [
              145.5828231900006,
              -17.2397852244651
            ],
            [
              145.5828956900006,
              -17.239672724465088
            ],
            [
              145.58296219000061,
              -17.239510224465096
            ],
            [
              145.58317769000058,
              -17.23940672446512
            ],
            [
              145.58325719000055,
              -17.239267224465078
            ],
            [
              145.58338619000054,
              -17.239179725465114
            ],
            [
              145.5835031900006,
              -17.239082725465074
            ],
            [
              145.58355919000059,
              -17.238932225465106
            ],
            [
              145.5835246900006,
              -17.23872872546511
            ],
            [
              145.58357119000055,
              -17.23857872546509
            ],
            [
              145.58381419000062,
              -17.23824322546508
            ],
            [
              145.58410569000063,
              -17.237786225465086
            ],
            [
              145.58423519000058,
              -17.237668725465102
            ],
            [
              145.58426619000065,
              -17.237571225465057
            ],
            [
              145.58424069000063,
              -17.23745472546506
            ],
            [
              145.5841566900006,
              -17.237228725465062
            ],
            [
              145.58422169000056,
              -17.237106725465086
            ],
            [
              145.58434719000053,
              -17.237029725465046
            ],
            [
              145.58446719000057,
              -17.237027725465065
            ],
            [
              145.58498669000056,
              -17.23743322546505
            ],
            [
              145.58507219000063,
              -17.237424725465075
            ],
            [
              145.58511969000057,
              -17.237350225465036
            ],
            [
              145.5851301900006,
              -17.237226225465065
            ],
            [
              145.58504519000059,
              -17.23706472546507
            ],
            [
              145.5849451900006,
              -17.236910725465066
            ],
            [
              145.58484269000058,
              -17.23671222546505
            ],
            [
              145.58469269000062,
              -17.236523725465073
            ],
            [
              145.58446119000055,
              -17.23633822546503
            ],
            [
              145.58437569000066,
              -17.236298225465074
            ],
            [
              145.5843801900006,
              -17.236191225465053
            ],
            [
              145.58450719000058,
              -17.23596572546505
            ],
            [
              145.58459569000053,
              -17.23583422546504
            ],
            [
              145.5847476900006,
              -17.235777725465063
            ],
            [
              145.58504819000058,
              -17.23560222546506
            ],
            [
              145.58517869000056,
              -17.235328725465056
            ],
            [
              145.58522919000058,
              -17.23507022546503
            ],
            [
              145.58516969000055,
              -17.23468022546506
            ],
            [
              145.5851816900005,
              -17.234588225465068
            ],
            [
              145.58512019000062,
              -17.23446222546506
            ],
            [
              145.5850976900006,
              -17.234114225465103
            ],
            [
              145.58512619000064,
              -17.233983225465103
            ],
            [
              145.58519519000058,
              -17.233915725465106
            ],
            [
              145.58528919000054,
              -17.233888225465115
            ],
            [
              145.5853306900006,
              -17.233849225465097
            ],
            [
              145.58531169000054,
              -17.23379772546512
            ],
            [
              145.58522719000058,
              -17.2337192254651
            ],
            [
              145.58515869000058,
              -17.233495225465102
            ],
            [
              145.5851321900006,
              -17.23330672546514
            ],
            [
              145.58514369000062,
              -17.233153725465133
            ],
            [
              145.58511369000058,
              -17.232991225465156
            ],
            [
              145.58509269000052,
              -17.232647725465192
            ],
            [
              145.58513669000052,
              -17.23251922546518
            ],
            [
              145.58528819000054,
              -17.232476225465188
            ],
            [
              145.58572369000052,
              -17.232479225465166
            ],
            [
              145.5859661900005,
              -17.232517725465183
            ],
            [
              145.5861701900006,
              -17.232597725465148
            ],
            [
              145.5863216900006,
              -17.232603725465182
            ],
            [
              145.5866416900006,
              -17.23248922546514
            ],
            [
              145.5867326900006,
              -17.23249372546518
            ],
            [
              145.58689269000052,
              -17.23253622546519
            ],
            [
              145.5870966900006,
              -17.23243322546517
            ],
            [
              145.5873341900006,
              -17.232370725465163
            ],
            [
              145.58765669000056,
              -17.23224422546521
            ],
            [
              145.58794319000054,
              -17.232164225465183
            ],
            [
              145.58813769000056,
              -17.232131725465216
            ],
            [
              145.58845419000062,
              -17.231855225465186
            ],
            [
              145.58851219000059,
              -17.231755225465218
            ],
            [
              145.58843519000055,
              -17.231615725465243
            ],
            [
              145.58841869000054,
              -17.231493225465222
            ],
            [
              145.58864569000053,
              -17.23109672546527
            ],
            [
              145.58878869000063,
              -17.23096022546528
            ],
            [
              145.58894919000065,
              -17.2308247254653
            ],
            [
              145.58917969000055,
              -17.230604725465295
            ],
            [
              145.58933569000058,
              -17.230332225465325
            ],
            [
              145.58951819000055,
              -17.22980622546531
            ],
            [
              145.58965769000056,
              -17.229624725465328
            ],
            [
              145.58979819000052,
              -17.22945972546536
            ],
            [
              145.58989219000063,
              -17.229361725465385
            ],
            [
              145.5898806900006,
              -17.22910222546538
            ],
            [
              145.58991919000056,
              -17.228938225465402
            ],
            [
              145.59004119000056,
              -17.22873572546542
            ],
            [
              145.59007469000056,
              -17.228581225465412
            ],
            [
              145.5900981900005,
              -17.228359725465424
            ],
            [
              145.59007169000054,
              -17.228110725465438
            ],
            [
              145.5900016900005,
              -17.227887225465448
            ],
            [
              145.5899341900006,
              -17.22773922546542
            ],
            [
              145.58978419000056,
              -17.227631225465476
            ],
            [
              145.58956069000058,
              -17.227515225465492
            ],
            [
              145.5893941900006,
              -17.227334225465505
            ],
            [
              145.58933919000052,
              -17.2270917254655
            ],
            [
              145.58926569000053,
              -17.2269157254655
            ],
            [
              145.58927019000058,
              -17.226637225465538
            ],
            [
              145.58914569000046,
              -17.2262957254655
            ],
            [
              145.58913169000053,
              -17.225981225465524
            ],
            [
              145.58900969000047,
              -17.225592725465553
            ],
            [
              145.58897869000052,
              -17.22537272546556
            ],
            [
              145.5890066900005,
              -17.2252447254656
            ],
            [
              145.58913619000054,
              -17.225035225465582
            ],
            [
              145.5892436900006,
              -17.22494622546558
            ],
            [
              145.58961769000052,
              -17.224817225465635
            ],
            [
              145.59001769000056,
              -17.224759725465617
            ],
            [
              145.59061719000053,
              -17.224586225465615
            ],
            [
              145.59091919000048,
              -17.22456722546568
            ],
            [
              145.59118569000054,
              -17.224667725465647
            ],
            [
              145.5915626900005,
              -17.224950225465662
            ],
            [
              145.59183269000053,
              -17.225286225465645
            ],
            [
              145.59191669000055,
              -17.22554072546562
            ],
            [
              145.59182119000047,
              -17.22589572546561
            ],
            [
              145.59176219000057,
              -17.22641572546558
            ],
            [
              145.59163269000058,
              -17.226910225465545
            ],
            [
              145.59155569000055,
              -17.227266725465533
            ],
            [
              145.5915306900005,
              -17.227598725465477
            ],
            [
              145.59158569000058,
              -17.228072225465457
            ],
            [
              145.59159819000052,
              -17.228606225465434
            ],
            [
              145.59153569000063,
              -17.228928725465394
            ],
            [
              145.5917501900006,
              -17.229154725465385
            ],
            [
              145.5918721900006,
              -17.229440725465388
            ],
            [
              145.59194469000062,
              -17.230018225465383
            ],
            [
              145.59179469000054,
              -17.230487225465357
            ],
            [
              145.5916471900006,
              -17.23085622546532
            ],
            [
              145.5913951900006,
              -17.231170225465284
            ],
            [
              145.59123919000055,
              -17.23142972546524
            ],
            [
              145.59107869000053,
              -17.231705725465275
            ],
            [
              145.59083619000063,
              -17.231976725465245
            ],
            [
              145.5905741900006,
              -17.23229072546523
            ],
            [
              145.59021519000058,
              -17.232657225465182
            ],
            [
              145.58981069000055,
              -17.233026225465142
            ],
            [
              145.5896626900006,
              -17.233363725465107
            ],
            [
              145.58938969000062,
              -17.233694725465103
            ],
            [
              145.5891241900006,
              -17.234061225465073
            ],
            [
              145.58898019000054,
              -17.234513225465037
            ],
            [
              145.5888846900006,
              -17.235007225465022
            ],
            [
              145.5887801900006,
              -17.23558622546503
            ],
            [
              145.58864669000053,
              -17.23605522546505
            ],
            [
              145.58844469000059,
              -17.23629222546503
            ],
            [
              145.58813519000063,
              -17.23655222546505
            ],
            [
              145.58796269000055,
              -17.236875725465033
            ],
            [
              145.58776518900055,
              -17.237171725465025
            ],
            [
              145.58765668900054,
              -17.237405725465063
            ],
            [
              145.58758218900056,
              -17.237863725465058
            ],
            [
              145.58762368900062,
              -17.238251225465035
            ],
            [
              145.58772168900063,
              -17.23861122546505
            ],
            [
              145.58788218900057,
              -17.239047725465085
            ],
            [
              145.58815818900055,
              -17.2394947254651
            ],
            [
              145.58842718900058,
              -17.239714225465065
            ],
            [
              145.58869968900052,
              -17.23985722546511
            ],
            [
              145.58890368900055,
              -17.240052725465073
            ],
            [
              145.58918468900058,
              -17.240235725465123
            ],
            [
              145.5894891890006,
              -17.2403382254651
            ],
            [
              145.58976918900055,
              -17.24037022546514
            ],
            [
              145.59007968900056,
              -17.240387725465094
            ],
            [
              145.5903336890006,
              -17.24048272546514
            ],
            [
              145.59049468900054,
              -17.240580725465122
            ],
            [
              145.59063068900053,
              -17.240692225465136
            ],
            [
              145.59077168900063,
              -17.240751725465095
            ],
            [
              145.59093818900058,
              -17.240772725465117
            ],
            [
              145.59107568900055,
              -17.240764225465135
            ],
            [
              145.5913566890005,
              -17.24100022546511
            ],
            [
              145.59159018900053,
              -17.241096725465148
            ],
            [
              145.5917081890006,
              -17.24118822546516
            ],
            [
              145.59176968900064,
              -17.241105225465148
            ],
            [
              145.59196018900053,
              -17.241247725465126
            ],
            [
              145.59211718900056,
              -17.241315725465185
            ],
            [
              145.59221618900054,
              -17.24143222546518
            ],
            [
              145.59236718900053,
              -17.241495225465137
            ],
            [
              145.5924326890005,
              -17.241471725465143
            ],
            [
              145.59260368900055,
              -17.241593225465177
            ],
            [
              145.59262618900058,
              -17.24175372546518
            ],
            [
              145.5925181890006,
              -17.241916725465163
            ],
            [
              145.59248068900052,
              -17.24206522546519
            ],
            [
              145.5924216890005,
              -17.242190725465154
            ],
            [
              145.5923846890005,
              -17.242353225465205
            ],
            [
              145.59237718900062,
              -17.242508725465214
            ],
            [
              145.59237168900057,
              -17.242841225465163
            ],
            [
              145.59248218900055,
              -17.2429647254652
            ],
            [
              145.5924631890006,
              -17.24311972546521
            ],
            [
              145.5926201890005,
              -17.243244725465182
            ],
            [
              145.59267718900045,
              -17.243309225465186
            ],
            [
              145.59277218900053,
              -17.243301225465213
            ],
            [
              145.59275018900055,
              -17.243173225465195
            ],
            [
              145.5926226890006,
              -17.24308372546519
            ],
            [
              145.59257418900054,
              -17.24279122546518
            ],
            [
              145.5926186890006,
              -17.242673725465195
            ],
            [
              145.59262118900054,
              -17.242217725465203
            ],
            [
              145.59270368900053,
              -17.242016725465206
            ],
            [
              145.5928121890005,
              -17.241851725465164
            ],
            [
              145.59297318900056,
              -17.24193722546518
            ],
            [
              145.59321718900048,
              -17.24194472546517
            ],
            [
              145.59334768900055,
              -17.241981725465195
            ],
            [
              145.59339218900055,
              -17.24214922546523
            ],
            [
              145.59352618900053,
              -17.242069225465194
            ],
            [
              145.5937341890006,
              -17.242182225465218
            ],
            [
              145.59398018900052,
              -17.24205922546525
            ],
            [
              145.59407868900058,
              -17.242113225465225
            ],
            [
              145.5942121890005,
              -17.242222725465236
            ],
            [
              145.59439768900057,
              -17.242140725465216
            ],
            [
              145.59489218900063,
              -17.241965225465226
            ],
            [
              145.59504618900056,
              -17.242033725465227
            ],
            [
              145.5951776890005,
              -17.242046225465252
            ],
            [
              145.59541318900057,
              -17.241990725465207
            ],
            [
              145.59556618900052,
              -17.2417637254652
            ],
            [
              145.59554318900055,
              -17.241551225465226
            ],
            [
              145.59559518900056,
              -17.241431225465238
            ],
            [
              145.59560868900056,
              -17.241358225465195
            ],
            [
              145.59550868900058,
              -17.241269725465198
            ],
            [
              145.5954116890006,
              -17.241319725465246
            ],
            [
              145.59537918900054,
              -17.24143672546524
            ],
            [
              145.59526868900053,
              -17.24147172546521
            ],
            [
              145.5952346890006,
              -17.241643725465234
            ],
            [
              145.59481768900054,
              -17.241641725465247
            ],
            [
              145.59457418900053,
              -17.241629225465207
            ],
            [
              145.5942316890005,
              -17.241543225465243
            ],
            [
              145.5940051890006,
              -17.241471725465182
            ],
            [
              145.59388518900056,
              -17.241588225465236
            ],
            [
              145.59351868900063,
              -17.241633725465217
            ],
            [
              145.59342818900055,
              -17.241599225465183
            ],
            [
              145.59348818900048,
              -17.241410225465213
            ],
            [
              145.59333268900053,
              -17.24130922546517
            ],
            [
              145.59318018900052,
              -17.241144225465185
            ],
            [
              145.5929906890006,
              -17.241048225465196
            ],
            [
              145.59293868900062,
              -17.24083372546517
            ],
            [
              145.59302768900056,
              -17.240607225465173
            ],
            [
              145.59290168900057,
              -17.24036822546514
            ],
            [
              145.59270718900058,
              -17.240240225465175
            ],
            [
              145.59246268900054,
              -17.23998072546513
            ],
            [
              145.5923606890006,
              -17.240066725465145
            ],
            [
              145.59228918900058,
              -17.240278225465122
            ],
            [
              145.59212868900062,
              -17.24038072546515
            ],
            [
              145.5919351890006,
              -17.24044922546514
            ],
            [
              145.59173468900053,
              -17.24038572546513
            ],
            [
              145.5916631890006,
              -17.240301725465113
            ],
            [
              145.59157118900058,
              -17.240069725465123
            ],
            [
              145.59159918900053,
              -17.239829225465108
            ],
            [
              145.59149268900066,
              -17.23965072546515
            ],
            [
              145.59116668900054,
              -17.23938172546514
            ],
            [
              145.59099968900065,
              -17.239286225465086
            ],
            [
              145.59067818900058,
              -17.239255225465104
            ],
            [
              145.5902926890006,
              -17.23908622546507
            ],
            [
              145.58993568900058,
              -17.239157725465105
            ],
            [
              145.58967818900058,
              -17.239139725465105
            ],
            [
              145.58926918900062,
              -17.239013725465075
            ],
            [
              145.58900068900056,
              -17.238775225465094
            ],
            [
              145.5889531890006,
              -17.238372225465092
            ],
            [
              145.5890621890006,
              -17.238014225465072
            ],
            [
              145.58941718900059,
              -17.237497725465072
            ],
            [
              145.58971118900055,
              -17.237095225465062
            ],
            [
              145.59003568900053,
              -17.2367467254651
            ],
            [
              145.5903121890006,
              -17.23645822546508
            ],
            [
              145.59056618900053,
              -17.23592872546505
            ],
            [
              145.59062368900052,
              -17.23538872546505
            ],
            [
              145.59070418900063,
              -17.235276725465045
            ],
            [
              145.5908591890006,
              -17.23516722546503
            ],
            [
              145.59105868900062,
              -17.234898225465045
            ],
            [
              145.59112318900063,
              -17.234615225465095
            ],
            [
              145.59119718900052,
              -17.234434225465105
            ],
            [
              145.59131168900052,
              -17.23433072546508
            ],
            [
              145.5917121890006,
              -17.234140225465133
            ],
            [
              145.5921821890005,
              -17.233844225465162
            ],
            [
              145.5924556890006,
              -17.233783225465157
            ],
            [
              145.59286118900053,
              -17.233707225465196
            ],
            [
              145.59335418900054,
              -17.23358172546519
            ],
            [
              145.5937301890006,
              -17.23350022546519
            ],
            [
              145.59412518900052,
              -17.23344272546523
            ],
            [
              145.59450668900053,
              -17.233408725465218
            ],
            [
              145.59496368900062,
              -17.23345172546524
            ],
            [
              145.59531318900062,
              -17.23351822546523
            ],
            [
              145.59565568900058,
              -17.233649725465217
            ],
            [
              145.59585718900058,
              -17.233859725465173
            ],
            [
              145.59599368900052,
              -17.234079725465175
            ],
            [
              145.59615568900054,
              -17.234393725465164
            ],
            [
              145.59610118900054,
              -17.234672225465133
            ],
            [
              145.5960396890005,
              -17.23483722546516
            ],
            [
              145.5961816890006,
              -17.234800725465124
            ],
            [
              145.59633918900056,
              -17.23459872546513
            ],
            [
              145.5964221890005,
              -17.234693725465107
            ],
            [
              145.59660568900054,
              -17.234627225465108
            ],
            [
              145.5970306890006,
              -17.234654725465152
            ],
            [
              145.59742868900045,
              -17.234581225465096
            ],
            [
              145.59776368900052,
              -17.23456222546514
            ],
            [
              145.5978726890005,
              -17.234709225465085
            ],
            [
              145.59787368900047,
              -17.23488622546509
            ],
            [
              145.59791868900047,
              -17.23497472546509
            ],
            [
              145.59781168900054,
              -17.235098225465055
            ],
            [
              145.59793318900049,
              -17.23529322546509
            ],
            [
              145.59814518900052,
              -17.23489372546506
            ],
            [
              145.5982286890005,
              -17.234869226465058
            ],
            [
              145.5983091890004,
              -17.23494572646509
            ],
            [
              145.59836868900047,
              -17.23468422646508
            ],
            [
              145.59844218900045,
              -17.234796226465075
            ],
            [
              145.5985541890005,
              -17.234584226465113
            ],
            [
              145.59873268900043,
              -17.234584226465103
            ],
            [
              145.59920618900043,
              -17.234348726465075
            ],
            [
              145.59962518900048,
              -17.234234726465075
            ],
            [
              145.60012718900052,
              -17.234023226465105
            ],
            [
              145.60053318900046,
              -17.233873226465086
            ],
            [
              145.60076468900039,
              -17.23374922646512
            ],
            [
              145.6009921890004,
              -17.233315726465097
            ],
            [
              145.6012231890004,
              -17.233198726465115
            ],
            [
              145.60143568900037,
              -17.23319722646512
            ],
            [
              145.60188568900037,
              -17.233273226465094
            ],
            [
              145.60239618900036,
              -17.233219726465116
            ],
            [
              145.6027941890004,
              -17.233082726465124
            ],
            [
              145.6028801890004,
              -17.232761726465156
            ],
            [
              145.60309568900036,
              -17.232508726465188
            ],
            [
              145.6031991890004,
              -17.232245226465174
            ],
            [
              145.60341468900037,
              -17.232123226465152
            ],
            [
              145.60354618900044,
              -17.2321962264652
            ],
            [
              145.6035246890004,
              -17.232385726465154
            ],
            [
              145.60367268900032,
              -17.232452226465163
            ],
            [
              145.6036866890003,
              -17.2322392264652
            ],
            [
              145.60379618900035,
              -17.232190726465145
            ],
            [
              145.60378668900043,
              -17.232045226465193
            ],
            [
              145.60362468900036,
              -17.231947726465215
            ],
            [
              145.60369768900043,
              -17.231858726465216
            ],
            [
              145.60388168900042,
              -17.231909726465194
            ],
            [
              145.6038506890004,
              -17.2317337264652
            ],
            [
              145.6039816890004,
              -17.231686226465197
            ],
            [
              145.60406268900041,
              -17.231498226465234
            ],
            [
              145.6040196890004,
              -17.231369726465225
            ],
            [
              145.60406268900044,
              -17.231169726465236
            ],
            [
              145.6042361890004,
              -17.23096972646523
            ],
            [
              145.60432668900043,
              -17.23073872646526
            ],
            [
              145.6045811890004,
              -17.230877226465253
            ],
            [
              145.60473368900043,
              -17.230848726465265
            ],
            [
              145.60479968900034,
              -17.230754726465275
            ],
            [
              145.60495518900038,
              -17.23077022646524
            ],
            [
              145.60505018900037,
              -17.230924726465254
            ],
            [
              145.60526918900032,
              -17.230915226465264
            ],
            [
              145.60547268900035,
              -17.231087226465228
            ],
            [
              145.6056071890003,
              -17.231257726465238
            ],
            [
              145.6060306890003,
              -17.23122922646526
            ],
            [
              145.60613068900037,
              -17.231324226465244
            ],
            [
              145.60639668900038,
              -17.231545726465242
            ],
            [
              145.60666518900032,
              -17.231626226465206
            ],
            [
              145.60670618900033,
              -17.231517726465256
            ],
            [
              145.6064696890003,
              -17.231382726465277
            ],
            [
              145.60633118900037,
              -17.231222226465228
            ],
            [
              145.60621468900027,
              -17.23106672646523
            ],
            [
              145.6060981890003,
              -17.230971226465247
            ],
            [
              145.60593618900035,
              -17.230985726465267
            ],
            [
              145.60579768900033,
              -17.231037226465244
            ],
            [
              145.6055976890004,
              -17.230883226465235
            ],
            [
              145.6054526890004,
              -17.230715726465274
            ],
            [
              145.60549268900033,
              -17.230635726465252
            ],
            [
              145.60523618900038,
              -17.230619726465285
            ],
            [
              145.60489668900038,
              -17.230392226465312
            ],
            [
              145.60471418900042,
              -17.230222726465282
            ],
            [
              145.6045216890004,
              -17.2301732264653
            ],
            [
              145.60460018900037,
              -17.230085726465298
            ],
            [
              145.60424418900038,
              -17.23006672646529
            ],
            [
              145.60413368900038,
              -17.229937226465278
            ],
            [
              145.6042821890004,
              -17.229931726465303
            ],
            [
              145.60444218900042,
              -17.230009726465326
            ],
            [
              145.6045966890005,
              -17.229928726465307
            ],
            [
              145.60474518900034,
              -17.229936226465284
            ],
            [
              145.6050511890004,
              -17.230102726465315
            ],
            [
              145.60535018900043,
              -17.230096726465277
            ],
            [
              145.60553668900033,
              -17.230045726465292
            ],
            [
              145.60569568900038,
              -17.230120226465278
            ],
            [
              145.60586168900042,
              -17.230082226465317
            ],
            [
              145.60613368900044,
              -17.22991722646529
            ],
            [
              145.60657018900037,
              -17.229565726465356
            ],
            [
              145.60674268900036,
              -17.229453226465367
            ],
            [
              145.6068846890003,
              -17.229272226465373
            ],
            [
              145.60697868900033,
              -17.229076226465374
            ],
            [
              145.60696318900042,
              -17.22893822646538
            ],
            [
              145.60686918900046,
              -17.228904726465355
            ],
            [
              145.6067946890003,
              -17.228892226465394
            ],
            [
              145.60675368900033,
              -17.228897226465374
            ],
            [
              145.60672218900035,
              -17.228980726465387
            ],
            [
              145.6064021890004,
              -17.22919322646535
            ],
            [
              145.60603118900045,
              -17.229280726465337
            ],
            [
              145.60584118900044,
              -17.229413226465336
            ],
            [
              145.60572968900044,
              -17.22933922646536
            ],
            [
              145.60561418900042,
              -17.229410726465332
            ],
            [
              145.60565668900037,
              -17.229541726465357
            ],
            [
              145.60560568900038,
              -17.229654726465338
            ],
            [
              145.60542868900035,
              -17.22961722646532
            ],
            [
              145.60529268900038,
              -17.229566226465337
            ],
            [
              145.6051071890004,
              -17.22954072646535
            ],
            [
              145.6049141890004,
              -17.229561226465353
            ],
            [
              145.60493018900033,
              -17.229500726465332
            ],
            [
              145.60456618900037,
              -17.229223226465372
            ],
            [
              145.60442368900044,
              -17.229208726465345
            ],
            [
              145.60431668900037,
              -17.229329226465318
            ],
            [
              145.60428918900038,
              -17.229265226465312
            ],
            [
              145.6040366890004,
              -17.22926622646537
            ],
            [
              145.6038981890005,
              -17.22932222646534
            ],
            [
              145.60394118900035,
              -17.229219226465315
            ],
            [
              145.6040876890004,
              -17.229167726465334
            ],
            [
              145.6041841890004,
              -17.229113226465365
            ],
            [
              145.60432468900038,
              -17.228933726465378
            ],
            [
              145.6042421890004,
              -17.22887372646536
            ],
            [
              145.60409518900042,
              -17.22870672646539
            ],
            [
              145.60407368900042,
              -17.228435726465403
            ],
            [
              145.60394668900042,
              -17.228385226465363
            ],
            [
              145.60381668900044,
              -17.228238726465403
            ],
            [
              145.60380968900046,
              -17.228046726465383
            ],
            [
              145.60378018900045,
              -17.227683226465413
            ],
            [
              145.60383918900044,
              -17.227452226465438
            ],
            [
              145.60401568900048,
              -17.227254226465448
            ],
            [
              145.60409718900047,
              -17.227081226465444
            ],
            [
              145.6040216890005,
              -17.226829726465464
            ],
            [
              145.60387268900038,
              -17.226835726465495
            ],
            [
              145.60369718900043,
              -17.226869726465463
            ],
            [
              145.60368368900046,
              -17.227037726465486
            ],
            [
              145.6035751890004,
              -17.227112726465464
            ],
            [
              145.6035026890004,
              -17.227269726465458
            ],
            [
              145.60346968900052,
              -17.227379226465462
            ],
            [
              145.60351418900044,
              -17.22765722646543
            ],
            [
              145.60352168900047,
              -17.228103226465418
            ],
            [
              145.60355318900045,
              -17.228373726465396
            ],
            [
              145.6036631890004,
              -17.228537726465373
            ],
            [
              145.6037421890004,
              -17.228843726465374
            ],
            [
              145.60368818900045,
              -17.228896226465356
            ],
            [
              145.60348418900037,
              -17.228886726465376
            ],
            [
              145.60329818900044,
              -17.228826726465368
            ],
            [
              145.60295868900042,
              -17.228862226465388
            ],
            [
              145.6032541890004,
              -17.22896222646536
            ],
            [
              145.60351818900043,
              -17.229137726465357
            ],
            [
              145.60355268900037,
              -17.22933772646535
            ],
            [
              145.60340518900048,
              -17.22951272646529
            ],
            [
              145.6033736890004,
              -17.229695226465335
            ],
            [
              145.60340518900045,
              -17.2297987264653
            ],
            [
              145.60342118900044,
              -17.229915226465273
            ],
            [
              145.60330468900042,
              -17.230198226465298
            ],
            [
              145.60312868900044,
              -17.23043422646525
            ],
            [
              145.60297768900045,
              -17.230651226465266
            ],
            [
              145.6026661890004,
              -17.230905726465238
            ],
            [
              145.60227618900038,
              -17.231075726465242
            ],
            [
              145.6015841890004,
              -17.231336726465194
            ],
            [
              145.60111868900037,
              -17.231497226465248
            ],
            [
              145.60030718900046,
              -17.231673226465194
            ],
            [
              145.59972518900048,
              -17.231730226465228
            ],
            [
              145.59922368900044,
              -17.23182972646521
            ],
            [
              145.59892618900048,
              -17.23185572646526
            ],
            [
              145.5986886890004,
              -17.231996726465248
            ],
            [
              145.59818518900053,
              -17.231829725465236
            ],
            [
              145.5975011890005,
              -17.2316167254653
            ],
            [
              145.59734118900053,
              -17.231500225465325
            ],
            [
              145.59716818900054,
              -17.231091725465287
            ],
            [
              145.59705168900055,
              -17.230786225465348
            ],
            [
              145.59701068900048,
              -17.23053472546536
            ],
            [
              145.59705768900054,
              -17.229978225465388
            ],
            [
              145.5969256890005,
              -17.22939322546542
            ],
            [
              145.5967906900005,
              -17.229012225465436
            ],
            [
              145.59655469000054,
              -17.228575225465505
            ],
            [
              145.5964571900005,
              -17.2282227254655
            ],
            [
              145.59636919000047,
              -17.22779822546552
            ],
            [
              145.59625819000055,
              -17.226913725465582
            ],
            [
              145.59629569000052,
              -17.226602225465594
            ],
            [
              145.59653269000057,
              -17.226002225465606
            ],
            [
              145.5968281900006,
              -17.225552725465615
            ],
            [
              145.59765619000052,
              -17.224784725465646
            ],
            [
              145.5978351900005,
              -17.224594725465675
            ],
            [
              145.5979856900005,
              -17.224407225465704
            ],
            [
              145.5981071900005,
              -17.224288725465655
            ],
            [
              145.59822369000048,
              -17.224201225465666
            ],
            [
              145.59833469000054,
              -17.22398122546571
            ],
            [
              145.59848519000045,
              -17.2237217254657
            ],
            [
              145.5986461900005,
              -17.22351222546573
            ],
            [
              145.5987106900005,
              -17.2233437254657
            ],
            [
              145.59879669000048,
              -17.223074725465704
            ],
            [
              145.5988916900005,
              -17.222935725465728
            ],
            [
              145.59900819000052,
              -17.222882725465748
            ],
            [
              145.59903069000052,
              -17.222608225465773
            ],
            [
              145.59914069000047,
              -17.222320725465774
            ],
            [
              145.5992861900005,
              -17.222102225465765
            ],
            [
              145.59942319000046,
              -17.221910225465813
            ],
            [
              145.59952969000048,
              -17.221666225465803
            ],
            [
              145.5996626900005,
              -17.22112322546585
            ],
            [
              145.5997691900005,
              -17.220926725465834
            ],
            [
              145.60004719000048,
              -17.220734226465865
            ],
            [
              145.6004536900005,
              -17.220588726465834
            ],
            [
              145.60109069000055,
              -17.22052872646582
            ],
            [
              145.6014331900005,
              -17.220475726465835
            ],
            [
              145.60147519000049,
              -17.220335226465853
            ],
            [
              145.60172819000044,
              -17.22035972646585
            ],
            [
              145.6018216900005,
              -17.220247226465855
            ],
            [
              145.60196419000053,
              -17.220275726465832
            ],
            [
              145.6022691900004,
              -17.22010472646587
            ],
            [
              145.6024041900004,
              -17.220038226465874
            ],
            [
              145.6023296900005,
              -17.219957726465857
            ],
            [
              145.60210719000054,
              -17.219973226465875
            ],
            [
              145.60194169000053,
              -17.220072226465852
            ],
            [
              145.6017661900005,
              -17.22002872646585
            ],
            [
              145.60149419000047,
              -17.220091226465854
            ],
            [
              145.60137219000057,
              -17.220045726465862
            ],
            [
              145.6012081900005,
              -17.22014672646584
            ],
            [
              145.60101519000054,
              -17.220055226465846
            ],
            [
              145.60014819000043,
              -17.219702226465895
            ],
            [
              145.59991069000054,
              -17.219627725465877
            ],
            [
              145.59975269000049,
              -17.219511725465882
            ],
            [
              145.59966519000054,
              -17.219269725465875
            ],
            [
              145.59961919000054,
              -17.218914725465925
            ],
            [
              145.59966469000048,
              -17.218557725465914
            ],
            [
              145.59978119000047,
              -17.218262225465924
            ],
            [
              145.5999596900005,
              -17.218005225465884
            ],
            [
              145.60005519000043,
              -17.217812725465926
            ],
            [
              145.60001869000047,
              -17.217671725465873
            ],
            [
              145.5998286900005,
              -17.217519725465934
            ],
            [
              145.5996441900004,
              -17.21736322546593
            ],
            [
              145.59951919000042,
              -17.2172172254659
            ],
            [
              145.59947419000042,
              -17.216915725465917
            ],
            [
              145.59949819000042,
              -17.216432725465896
            ],
            [
              145.59957269000043,
              -17.215773225465924
            ],
            [
              145.59962869000037,
              -17.21559722546591
            ],
            [
              145.5996626900004,
              -17.215054725465926
            ],
            [
              145.5997701900004,
              -17.214884725465957
            ],
            [
              145.5999051900004,
              -17.21481072546591
            ],
            [
              145.60010519000036,
              -17.214792725465905
            ],
            [
              145.60032169000047,
              -17.21490822546595
            ],
            [
              145.60049269000035,
              -17.21503172546593
            ],
            [
              145.60050419000038,
              -17.215214225465918
            ],
            [
              145.60058819000042,
              -17.215317226465928
            ],
            [
              145.60057119000044,
              -17.215472726465933
            ],
            [
              145.60059169000044,
              -17.215603726465943
            ],
            [
              145.60070019000048,
              -17.215630226465944
            ],
            [
              145.60082819000036,
              -17.21572822646592
            ],
            [
              145.60084519000043,
              -17.215882726465928
            ],
            [
              145.60093319000046,
              -17.21594622646593
            ],
            [
              145.6011476900004,
              -17.216086726465917
            ],
            [
              145.60141319000036,
              -17.216277726465947
            ],
            [
              145.60160719000046,
              -17.216340226465903
            ],
            [
              145.60185469000044,
              -17.216373226465937
            ],
            [
              145.60220369000035,
              -17.216393726465945
            ],
            [
              145.6023856900005,
              -17.216376226465933
            ],
            [
              145.6026241900004,
              -17.216341726465913
            ],
            [
              145.6027826900004,
              -17.216194226465948
            ],
            [
              145.60297669000047,
              -17.216071726465916
            ],
            [
              145.60323319000045,
              -17.21585072646597
            ],
            [
              145.60350369000037,
              -17.215690726465986
            ],
            [
              145.60385819000047,
              -17.21561622646596
            ],
            [
              145.60392069000048,
              -17.215690726465994
            ],
            [
              145.60407119000038,
              -17.215561726465985
            ],
            [
              145.60427119000045,
              -17.215558726465996
            ],
            [
              145.60439469000045,
              -17.21559772646596
            ],
            [
              145.6045011900004,
              -17.21559972646596
            ],
            [
              145.6043071900005,
              -17.215466226466003
            ],
            [
              145.60415219000038,
              -17.215334726465993
            ],
            [
              145.60388069000044,
              -17.21500072646599
            ],
            [
              145.60382369000038,
              -17.214872226465985
            ],
            [
              145.6038026900004,
              -17.214675726465973
            ],
            [
              145.60381769000037,
              -17.21445772646601
            ],
            [
              145.60401769000043,
              -17.21413872646604
            ],
            [
              145.60419669000044,
              -17.21391472646604
            ],
            [
              145.60439669000036,
              -17.213753226466007
            ],
            [
              145.6046946900004,
              -17.213642726466073
            ],
            [
              145.6048201900004,
              -17.21364322646608
            ],
            [
              145.6050676900004,
              -17.213765726466054
            ],
            [
              145.6053356900004,
              -17.213857226466065
            ],
            [
              145.6053336900004,
              -17.213734226466084
            ],
            [
              145.60540069000038,
              -17.21368572646604
            ],
            [
              145.60555419000036,
              -17.213714726466083
            ],
            [
              145.60557019000044,
              -17.21359672646611
            ],
            [
              145.60556719000041,
              -17.213530226466105
            ],
            [
              145.60538319000048,
              -17.21353972646608
            ],
            [
              145.60528969000043,
              -17.21349972646606
            ],
            [
              145.60519219000037,
              -17.213467226466083
            ],
            [
              145.60513619000042,
              -17.21338972646605
            ],
            [
              145.60500819000038,
              -17.213306226466102
            ],
            [
              145.60494569000033,
              -17.213174726466082
            ],
            [
              145.6048916900004,
              -17.21307672646605
            ],
            [
              145.60477569000042,
              -17.212724226466097
            ],
            [
              145.60475169000037,
              -17.212590226466094
            ],
            [
              145.60474269000036,
              -17.212408226466103
            ],
            [
              145.60474569000039,
              -17.212271226466104
            ],
            [
              145.6047666900003,
              -17.212074226466108
            ],
            [
              145.6048111900004,
              -17.21187122646612
            ],
            [
              145.60483819000027,
              -17.211665226466128
            ],
            [
              145.6049126900004,
              -17.211405726466115
            ],
            [
              145.60495469000037,
              -17.21116722646616
            ],
            [
              145.60501419000028,
              -17.210934726466128
            ],
            [
              145.60505269000038,
              -17.21071672646618
            ],
            [
              145.60510369000033,
              -17.210612226466164
            ],
            [
              145.6052466900003,
              -17.21048122646616
            ],
            [
              145.6054286900003,
              -17.210287226466214
            ],
            [
              145.60555419000028,
              -17.210120226466184
            ],
            [
              145.60577469000032,
              -17.210111226466232
            ],
            [
              145.60607319000036,
              -17.210123226466212
            ],
            [
              145.60634769000038,
              -17.210230226466233
            ],
            [
              145.6064931900003,
              -17.21033822646625
            ],
            [
              145.60655869000033,
              -17.210517726466254
            ],
            [
              145.60660719000037,
              -17.210552226466223
            ],
            [
              145.60670319000036,
              -17.210503726466243
            ],
            [
              145.6067976900004,
              -17.21041922646624
            ],
            [
              145.60697219000036,
              -17.210449726466283
            ],
            [
              145.6071166900004,
              -17.21054272646628
            ],
            [
              145.6072486900004,
              -17.210609226466282
            ],
            [
              145.6073891900003,
              -17.210646226466256
            ],
            [
              145.60767469000038,
              -17.210797726466275
            ],
            [
              145.60788069000037,
              -17.21083922646629
            ],
            [
              145.60799919000038,
              -17.210833226466328
            ],
            [
              145.60836719000037,
              -17.210800226466315
            ],
            [
              145.6085461900004,
              -17.210830226466364
            ],
            [
              145.6087491900003,
              -17.210830226466378
            ],
            [
              145.6088931900004,
              -17.21097672646635
            ],
            [
              145.6089761900003,
              -17.21080072646636
            ],
            [
              145.60911619000032,
              -17.21080322646635
            ],
            [
              145.60939669000032,
              -17.210848226466368
            ],
            [
              145.60959619000033,
              -17.210916726466376
            ],
            [
              145.60985669000033,
              -17.210974726466418
            ],
            [
              145.6101471900003,
              -17.21102922646639
            ],
            [
              145.61027769000043,
              -17.21101972646641
            ],
            [
              145.61034219000035,
              -17.210907726466413
            ],
            [
              145.61052069000036,
              -17.21073172646641
            ],
            [
              145.61070619000034,
              -17.210560726466436
            ],
            [
              145.6108536900004,
              -17.210427226466443
            ],
            [
              145.61097719000034,
              -17.21032822646641
            ],
            [
              145.61125169000033,
              -17.210178726466435
            ],
            [
              145.61160369000032,
              -17.21013672646642
            ],
            [
              145.61184969000038,
              -17.210163226466406
            ],
            [
              145.61215369000027,
              -17.2102217264664
            ],
            [
              145.6124236900003,
              -17.210367226466367
            ],
            [
              145.61246619000036,
              -17.210505726466348
            ],
            [
              145.6126076900004,
              -17.210488726466327
            ],
            [
              145.61295269000033,
              -17.210674726466344
            ],
            [
              145.61309269000034,
              -17.21084222646631
            ],
            [
              145.6131671900003,
              -17.211035726466324
            ],
            [
              145.6132331900004,
              -17.211331226466296
            ],
            [
              145.6133046900004,
              -17.211555226466285
            ],
            [
              145.61338519000034,
              -17.211868226466272
            ],
            [
              145.61352519000033,
              -17.212342726466243
            ],
            [
              145.61365419000037,
              -17.212554226466207
            ],
            [
              145.6136331900004,
              -17.212703726466206
            ],
            [
              145.61383519000032,
              -17.212749226466205
            ],
            [
              145.61407419000042,
              -17.212981226466173
            ],
            [
              145.61420569000038,
              -17.213171726466182
            ],
            [
              145.61429819000043,
              -17.213365726466126
            ],
            [
              145.61462519000037,
              -17.213781726466138
            ],
            [
              145.61480869000033,
              -17.213858226466115
            ],
            [
              145.61492469000035,
              -17.213992226466104
            ],
            [
              145.61512418900037,
              -17.21411472746611
            ],
            [
              145.6152151890004,
              -17.21411472746611
            ],
            [
              145.61535968900043,
              -17.214267227466053
            ],
            [
              145.6154556890004,
              -17.21414372746608
            ],
            [
              145.6157171890004,
              -17.214110227466104
            ],
            [
              145.61593168900035,
              -17.214068727466096
            ],
            [
              145.6161971890004,
              -17.214140227466086
            ],
            [
              145.6164341890004,
              -17.214251727466074
            ],
            [
              145.61666368900043,
              -17.214475727466052
            ],
            [
              145.61683668900034,
              -17.214720227466053
            ],
            [
              145.61700668900033,
              -17.21500072746601
            ],
            [
              145.6172661890003,
              -17.215409227465976
            ],
            [
              145.61739468900038,
              -17.21575272746594
            ],
            [
              145.61742468900033,
              -17.215880727465947
            ],
            [
              145.61751618900038,
              -17.216095727465973
            ],
            [
              145.61773168900035,
              -17.21622972746595
            ],
            [
              145.61795868900035,
              -17.21630972746592
            ],
            [
              145.61814968900043,
              -17.216287727465915
            ],
            [
              145.6184626890003,
              -17.21640722746595
            ],
            [
              145.61879668900036,
              -17.216698227465866
            ],
            [
              145.61905118900034,
              -17.21715422746589
            ],
            [
              145.61900818900034,
              -17.217344727465868
            ],
            [
              145.61900568900037,
              -17.21751122746587
            ],
            [
              145.61885818900038,
              -17.217637227465843
            ],
            [
              145.61875568900035,
              -17.217813227465836
            ],
            [
              145.61861068900038,
              -17.217922727465844
            ],
            [
              145.61840868900032,
              -17.21818722746585
            ],
            [
              145.61830418900027,
              -17.218312227465816
            ],
            [
              145.61813768900032,
              -17.21840522746579
            ],
            [
              145.61792918900034,
              -17.218579227465806
            ],
            [
              145.61770818900033,
              -17.218501227465833
            ],
            [
              145.61757418900032,
              -17.218512727465807
            ],
            [
              145.61751168900028,
              -17.21858772746579
            ],
            [
              145.61752218900034,
              -17.218664227465815
            ],
            [
              145.6176466890003,
              -17.218705727465824
            ],
            [
              145.61790018900027,
              -17.21874972746582
            ],
            [
              145.6181671890003,
              -17.218666227465807
            ],
            [
              145.6184176890003,
              -17.2185147274658
            ],
            [
              145.61861018900032,
              -17.218286727465816
            ],
            [
              145.6187621890004,
              -17.218213227465846
            ],
            [
              145.61907268900032,
              -17.217804727465865
            ],
            [
              145.61920818900037,
              -17.217766727465854
            ],
            [
              145.6194826890003,
              -17.217988227465835
            ],
            [
              145.61967218900034,
              -17.218273727465792
            ],
            [
              145.61994568900028,
              -17.21851422746579
            ],
            [
              145.62013318900028,
              -17.218729227465804
            ],
            [
              145.62027518900027,
              -17.218996227465794
            ],
            [
              145.62037118900028,
              -17.219304727465737
            ],
            [
              145.62045018900028,
              -17.219540727465766
            ],
            [
              145.62071968900034,
              -17.21988972746571
            ],
            [
              145.62099468900033,
              -17.220183727465713
            ],
            [
              145.6212561890003,
              -17.220183727465713
            ],
            [
              145.62147818900027,
              -17.220019227465723
            ],
            [
              145.62161718900023,
              -17.220034227465746
            ],
            [
              145.62168568900026,
              -17.22015222746572
            ],
            [
              145.62179968900026,
              -17.220279727465748
            ],
            [
              145.62194068900033,
              -17.22038472746571
            ],
            [
              145.62178818900028,
              -17.220523727465697
            ],
            [
              145.6217166890003,
              -17.220673727465723
            ],
            [
              145.62178918900028,
              -17.220751727465753
            ],
            [
              145.62175668900034,
              -17.221046727465737
            ],
            [
              145.62168618900031,
              -17.221132727465697
            ],
            [
              145.6214386890003,
              -17.22116122746574
            ],
            [
              145.62125618900026,
              -17.22120872746573
            ],
            [
              145.62117618900027,
              -17.221336227465688
            ],
            [
              145.62097068900027,
              -17.221393227465715
            ],
            [
              145.62085718900028,
              -17.22148122746572
            ],
            [
              145.62089068900025,
              -17.221670727465693
            ],
            [
              145.62072518900027,
              -17.22181222746573
            ],
            [
              145.6209116890003,
              -17.2218442274657
            ],
            [
              145.6210966890003,
              -17.2215557274657
            ],
            [
              145.62134268900024,
              -17.22140672746574
            ],
            [
              145.6215246890002,
              -17.221381727465698
            ],
            [
              145.62145018900026,
              -17.221596727465716
            ],
            [
              145.62153968800033,
              -17.22188072746575
            ],
            [
              145.62142068800028,
              -17.222057727465742
            ],
            [
              145.62129418800032,
              -17.22222122746573
            ],
            [
              145.62136068800032,
              -17.222295727465713
            ],
            [
              145.62141218800022,
              -17.222497227465713
            ],
            [
              145.62134168800029,
              -17.222754227465693
            ],
            [
              145.62141418800024,
              -17.222921727465724
            ],
            [
              145.62131718800026,
              -17.223110727465702
            ],
            [
              145.62141068800028,
              -17.223285727465726
            ],
            [
              145.62132818800035,
              -17.22354822746573
            ],
            [
              145.62143268800025,
              -17.22373372746571
            ],
            [
              145.6214861880003,
              -17.22388522746573
            ],
            [
              145.6213491880003,
              -17.224041727465735
            ],
            [
              145.62141168800028,
              -17.22413572746573
            ],
            [
              145.62163268800032,
              -17.22385722746569
            ],
            [
              145.62155018800024,
              -17.223535227465703
            ],
            [
              145.62161168800026,
              -17.223305227465726
            ],
            [
              145.62158568800032,
              -17.22307522746573
            ],
            [
              145.62161818800027,
              -17.222767227465713
            ],
            [
              145.62167668800032,
              -17.222287727465734
            ],
            [
              145.6217216880003,
              -17.222148727465754
            ],
            [
              145.62190518800026,
              -17.221813727465744
            ],
            [
              145.62184818800029,
              -17.221667227465712
            ],
            [
              145.62192618800032,
              -17.22157422746573
            ],
            [
              145.62193768800032,
              -17.221425727465704
            ],
            [
              145.6220426880003,
              -17.221361227465753
            ],
            [
              145.6222231880002,
              -17.22118572746574
            ],
            [
              145.62219268900023,
              -17.220902227465714
            ],
            [
              145.62221768900028,
              -17.22079122746571
            ],
            [
              145.6223146890003,
              -17.22065072746573
            ],
            [
              145.62234318900028,
              -17.2204812274657
            ],
            [
              145.62254268900023,
              -17.220414727465755
            ],
            [
              145.62259218900027,
              -17.22049872746571
            ],
            [
              145.62266268900026,
              -17.22051972746572
            ],
            [
              145.62283018900027,
              -17.22045272746573
            ],
            [
              145.62282068900024,
              -17.22052322746571
            ],
            [
              145.6227351880003,
              -17.220635727465712
            ],
            [
              145.62259818900029,
              -17.220708227465764
            ],
            [
              145.62247418800027,
              -17.22086622746576
            ],
            [
              145.6225316880003,
              -17.220966727465733
            ],
            [
              145.62245568800026,
              -17.221059727465722
            ],
            [
              145.6224436880003,
              -17.221161227465746
            ],
            [
              145.62241168800026,
              -17.22125622746574
            ],
            [
              145.62256768800034,
              -17.221229727465744
            ],
            [
              145.6225736880003,
              -17.22111172746576
            ],
            [
              145.62269818800024,
              -17.221090227465766
            ],
            [
              145.62279918800024,
              -17.220958227465758
            ],
            [
              145.6226861880003,
              -17.22087172746575
            ],
            [
              145.62276718800018,
              -17.220822727465755
            ],
            [
              145.62298668800025,
              -17.22079422746571
            ],
            [
              145.6231856880002,
              -17.22086872746576
            ],
            [
              145.62331068800023,
              -17.220871727465756
            ],
            [
              145.6234801880002,
              -17.22102922746576
            ],
            [
              145.62369468800028,
              -17.22129722746578
            ],
            [
              145.62366168800028,
              -17.22155572746574
            ],
            [
              145.6237926880003,
              -17.221775727465758
            ],
            [
              145.6237001880002,
              -17.221903727465776
            ],
            [
              145.6236141880002,
              -17.222162727465758
            ],
            [
              145.62359318800026,
              -17.222442227465784
            ],
            [
              145.62360568800028,
              -17.22265572746576
            ],
            [
              145.6238931880002,
              -17.22300772746579
            ],
            [
              145.62439068800026,
              -17.223310727465776
            ],
            [
              145.62448818800027,
              -17.223423227465794
            ],
            [
              145.6243136880002,
              -17.22351222746579
            ],
            [
              145.6245351880003,
              -17.223546227465828
            ],
            [
              145.62445818800023,
              -17.22370622746581
            ],
            [
              145.62466218800031,
              -17.223597727465815
            ],
            [
              145.6247451880002,
              -17.22366172746582
            ],
            [
              145.62468368800026,
              -17.2238047274658
            ],
            [
              145.62489068800025,
              -17.223761727465806
            ],
            [
              145.6250976880003,
              -17.22377722746582
            ],
            [
              145.62527268800028,
              -17.22386772746582
            ],
            [
              145.62534268800027,
              -17.223973227465834
            ],
            [
              145.62532918800022,
              -17.224073227465816
            ],
            [
              145.62546168800029,
              -17.22416622746579
            ],
            [
              145.62564268800028,
              -17.224286227465832
            ],
            [
              145.62570368800021,
              -17.224414227465786
            ],
            [
              145.62582918800024,
              -17.224367227465788
            ],
            [
              145.6258996880003,
              -17.22443572746579
            ],
            [
              145.62583318800034,
              -17.224628727465817
            ],
            [
              145.6258421880003,
              -17.224814227465796
            ],
            [
              145.62576618800028,
              -17.224915727465778
            ],
            [
              145.62569368800027,
              -17.225086727465804
            ],
            [
              145.62570318800033,
              -17.2252677274658
            ],
            [
              145.62562968800032,
              -17.225389227465794
            ],
            [
              145.62561418800027,
              -17.22553172746582
            ],
            [
              145.6255466880003,
              -17.225652227465822
            ],
            [
              145.62539868800022,
              -17.22571972746582
            ],
            [
              145.62524168800027,
              -17.22584472746585
            ],
            [
              145.6251026880003,
              -17.225885227465863
            ],
            [
              145.62504218800032,
              -17.22603972746583
            ],
            [
              145.6250126880003,
              -17.226167727465853
            ],
            [
              145.62509818800024,
              -17.226186227465863
            ],
            [
              145.62521168800023,
              -17.226005727465857
            ],
            [
              145.6255381880003,
              -17.225859727465803
            ],
            [
              145.6255616880003,
              -17.225930227465863
            ],
            [
              145.6255466880003,
              -17.22601122746582
            ],
            [
              145.62555418800022,
              -17.226148727465812
            ],
            [
              145.62558618800028,
              -17.22641522746582
            ],
            [
              145.62563518800027,
              -17.226508727465813
            ],
            [
              145.6256951880002,
              -17.226427727465854
            ],
            [
              145.62572218800028,
              -17.22612672746581
            ],
            [
              145.62576468800034,
              -17.226053227465815
            ],
            [
              145.62578218800024,
              -17.22591072746583
            ],
            [
              145.6257826880003,
              -17.22571122746583
            ],
            [
              145.62585518800026,
              -17.225644727465813
            ],
            [
              145.62587718800032,
              -17.225484227465813
            ],
            [
              145.6259486880003,
              -17.225409227465782
            ],
            [
              145.62601118800032,
              -17.225282227465815
            ],
            [
              145.62594968800036,
              -17.2251297274658
            ],
            [
              145.62598068800025,
              -17.225077227465817
            ],
            [
              145.6260916880003,
              -17.22500472746577
            ],
            [
              145.6261431880002,
              -17.224919227465808
            ],
            [
              145.6261386880003,
              -17.224751727465776
            ],
            [
              145.62617818800027,
              -17.2246062274658
            ],
            [
              145.62631018800025,
              -17.224730227465763
            ],
            [
              145.62640318800024,
              -17.22486422746577
            ],
            [
              145.6264496880003,
              -17.22477722746576
            ],
            [
              145.62662968800032,
              -17.22481572746576
            ],
            [
              145.6267756880003,
              -17.22475372746575
            ],
            [
              145.62688068800023,
              -17.224635727465753
            ],
            [
              145.62696718800032,
              -17.224501727465732
            ],
            [
              145.62704918800037,
              -17.224536227465762
            ],
            [
              145.6271736880003,
              -17.224710227465717
            ],
            [
              145.6272476880002,
              -17.224805227465765
            ],
            [
              145.6273591880002,
              -17.224807227465753
            ],
            [
              145.62743718800024,
              -17.224843227465712
            ],
            [
              145.62737218800032,
              -17.224963727465756
            ],
            [
              145.62736218800035,
              -17.225053727465763
            ],
            [
              145.6274561880003,
              -17.22516322746571
            ],
            [
              145.62735968800027,
              -17.225242727465744
            ],
            [
              145.6272916880002,
              -17.22539022746577
            ],
            [
              145.6272241880002,
              -17.225437727465774
            ],
            [
              145.62702468800035,
              -17.225862727465785
            ],
            [
              145.62701418800032,
              -17.22606672746579
            ],
            [
              145.62715968800035,
              -17.226195227465748
            ],
            [
              145.62747718800026,
              -17.226279227465746
            ],
            [
              145.6276786880003,
              -17.226234227465742
            ],
            [
              145.62779918800027,
              -17.226131227465707
            ],
            [
              145.62791068800027,
              -17.226090228465733
            ],
            [
              145.62807368800028,
              -17.226111728465735
            ],
            [
              145.62829268800033,
              -17.225972228465746
            ],
            [
              145.62842768800036,
              -17.225972228465736
            ],
            [
              145.62864168800022,
              -17.225919228465685
            ],
            [
              145.62875168800028,
              -17.225774728465705
            ],
            [
              145.62885218800034,
              -17.22576422846568
            ],
            [
              145.6290011880003,
              -17.225925728465725
            ],
            [
              145.62917118800036,
              -17.226038728465713
            ],
            [
              145.62933168800032,
              -17.225979228465686
            ],
            [
              145.62943568800029,
              -17.225945228465655
            ],
            [
              145.6295421880003,
              -17.22594172846566
            ],
            [
              145.62949818800033,
              -17.226054728465666
            ],
            [
              145.62948068800026,
              -17.226252228465686
            ],
            [
              145.62952568800029,
              -17.22639472846566
            ],
            [
              145.62955568800035,
              -17.226459228465664
            ],
            [
              145.62948868800027,
              -17.226551728465665
            ],
            [
              145.62934018800024,
              -17.22657122846568
            ],
            [
              145.62913668800024,
              -17.226690728465673
            ],
            [
              145.6290881880003,
              -17.226749228465703
            ],
            [
              145.62906918800022,
              -17.226921228465724
            ],
            [
              145.6289891880003,
              -17.227001728465694
            ],
            [
              145.6289926880003,
              -17.22719822846571
            ],
            [
              145.6288951880003,
              -17.227257728465737
            ],
            [
              145.62901518800027,
              -17.227382228465704
            ],
            [
              145.62916068800033,
              -17.227265728465714
            ],
            [
              145.62914868800033,
              -17.227095728465688
            ],
            [
              145.62922118800032,
              -17.226966228465717
            ],
            [
              145.62924518800023,
              -17.22681722846569
            ],
            [
              145.62944068800027,
              -17.22670772846568
            ],
            [
              145.62956368800027,
              -17.226709728465657
            ],
            [
              145.62972218800033,
              -17.22669372846571
            ],
            [
              145.6298426880003,
              -17.226449228465686
            ],
            [
              145.6298171880003,
              -17.226324728465656
            ],
            [
              145.6296936880003,
              -17.2262437284657
            ],
            [
              145.62968668800033,
              -17.226169228465658
            ],
            [
              145.62981218800033,
              -17.22613522846568
            ],
            [
              145.62991318800027,
              -17.226237728465637
            ],
            [
              145.62995668800033,
              -17.22643222846566
            ],
            [
              145.6298916880003,
              -17.22653772846569
            ],
            [
              145.62991368800036,
              -17.226629228465686
            ],
            [
              145.63000518800027,
              -17.226661228465666
            ],
            [
              145.6301076880003,
              -17.22667122846569
            ],
            [
              145.63022668800033,
              -17.226797728465655
            ],
            [
              145.63031918800027,
              -17.226850728465685
            ],
            [
              145.63033618800034,
              -17.226912728465646
            ],
            [
              145.63036218800028,
              -17.22694922846566
            ],
            [
              145.63038568800027,
              -17.227011228465688
            ],
            [
              145.6304561880003,
              -17.22702072846566
            ],
            [
              145.63053918800026,
              -17.227137228465644
            ],
            [
              145.6306986870003,
              -17.227212228465678
            ],
            [
              145.63074418700035,
              -17.227472728465653
            ],
            [
              145.63072668700033,
              -17.227714728465664
            ],
            [
              145.63082168700032,
              -17.227880228465647
            ],
            [
              145.6309461870003,
              -17.228047228465673
            ],
            [
              145.63103768700034,
              -17.228097228465675
            ],
            [
              145.63116568700025,
              -17.22807122846567
            ],
            [
              145.63130468700027,
              -17.22822322846569
            ],
            [
              145.63146768700028,
              -17.228219728465632
            ],
            [
              145.6315536870003,
              -17.22814172846566
            ],
            [
              145.6315311870003,
              -17.22808022846564
            ],
            [
              145.63146918700036,
              -17.228029228465658
            ],
            [
              145.6313306870003,
              -17.22801022846565
            ],
            [
              145.6312561870003,
              -17.227906728465626
            ],
            [
              145.63105918700035,
              -17.227901728465646
            ],
            [
              145.63098568700028,
              -17.22777522846568
            ],
            [
              145.6309461870003,
              -17.22763622846563
            ],
            [
              145.63091718700028,
              -17.22734972846567
            ],
            [
              145.6309411870003,
              -17.22712822846566
            ],
            [
              145.63102518700032,
              -17.227054728465674
            ],
            [
              145.6312621870003,
              -17.227044228465633
            ],
            [
              145.63140518700027,
              -17.227075728465664
            ],
            [
              145.63159018700026,
              -17.226967728465645
            ],
            [
              145.63184518700027,
              -17.226982228465605
            ],
            [
              145.6320486870003,
              -17.227079728465636
            ],
            [
              145.63219818700034,
              -17.227276728465657
            ],
            [
              145.63221968700032,
              -17.2273432284656
            ],
            [
              145.63201768700026,
              -17.22728922846563
            ],
            [
              145.6318451870003,
              -17.227273228465616
            ],
            [
              145.6317511870003,
              -17.22739122846566
            ],
            [
              145.63183468700026,
              -17.227578228465646
            ],
            [
              145.63200718700034,
              -17.22776222846564
            ],
            [
              145.6320831870002,
              -17.227752728465664
            ],
            [
              145.6322046870003,
              -17.227726728465658
            ],
            [
              145.63225418700029,
              -17.227642228465644
            ],
            [
              145.6324271870003,
              -17.22757772846564
            ],
            [
              145.6325161870003,
              -17.227432728465605
            ],
            [
              145.63237968700025,
              -17.227242728465626
            ],
            [
              145.63226118700027,
              -17.227066228465613
            ],
            [
              145.63211518700032,
              -17.226880228465628
            ],
            [
              145.63194918700026,
              -17.226819228465615
            ],
            [
              145.63169518700033,
              -17.226690228465593
            ],
            [
              145.6315046870003,
              -17.226697728465645
            ],
            [
              145.6312896870003,
              -17.226803728465672
            ],
            [
              145.63114668700024,
              -17.226764728465664
            ],
            [
              145.63091618800024,
              -17.226724728465655
            ],
            [
              145.63080318800033,
              -17.226626728465675
            ],
            [
              145.63077818800025,
              -17.226520228465656
            ],
            [
              145.63071968800028,
              -17.226401728465664
            ],
            [
              145.63054168800036,
              -17.226365728465648
            ],
            [
              145.63060568800032,
              -17.226183728465656
            ],
            [
              145.63053168800022,
              -17.226088228465656
            ],
            [
              145.63043518800035,
              -17.225999228465668
            ],
            [
              145.63027968800034,
              -17.22596422846564
            ],
            [
              145.63014968800024,
              -17.22587272846565
            ],
            [
              145.63015118800027,
              -17.225676728465626
            ],
            [
              145.6299951880003,
              -17.225685228465665
            ],
            [
              145.62986918800027,
              -17.22561722846567
            ],
            [
              145.6298736880003,
              -17.225518728465637
            ],
            [
              145.62981518800032,
              -17.225409228465672
            ],
            [
              145.62970018800024,
              -17.225325728465673
            ],
            [
              145.62973318800027,
              -17.225243728465646
            ],
            [
              145.62989468800026,
              -17.225227728465686
            ],
            [
              145.63001218800025,
              -17.225165728465658
            ],
            [
              145.63014718800028,
              -17.225238228465646
            ],
            [
              145.63027168800028,
              -17.22538722846567
            ],
            [
              145.63046718800024,
              -17.22541072846566
            ],
            [
              145.63065518800033,
              -17.225397228465628
            ],
            [
              145.63086318800023,
              -17.22541622846564
            ],
            [
              145.63102768800024,
              -17.225481728465635
            ],
            [
              145.6311581880003,
              -17.225572228465634
            ],
            [
              145.6311791880003,
              -17.22567322846562
            ],
            [
              145.6312306880003,
              -17.225694728465605
            ],
            [
              145.63134168800025,
              -17.22570422846564
            ],
            [
              145.63145318800022,
              -17.225527228465634
            ],
            [
              145.63140068800033,
              -17.22548722846562
            ],
            [
              145.63131368800032,
              -17.2255172284656
            ],
            [
              145.63124418800032,
              -17.22545972846563
            ],
            [
              145.6311581880003,
              -17.22534872846563
            ],
            [
              145.63105518800035,
              -17.22526572846561
            ],
            [
              145.63094668800034,
              -17.225302228465633
            ],
            [
              145.63078018800024,
              -17.22521672846563
            ],
            [
              145.63067068800024,
              -17.225171228465634
            ],
            [
              145.63049368800034,
              -17.22520672846566
            ],
            [
              145.6303336880003,
              -17.22514222846566
            ],
            [
              145.62998168800027,
              -17.22492522846564
            ],
            [
              145.62989918800034,
              -17.22494422846566
            ],
            [
              145.6297231880003,
              -17.224831728465666
            ],
            [
              145.62954568800035,
              -17.22492322846566
            ],
            [
              145.62944068800027,
              -17.224863228465637
            ],
            [
              145.6294111880003,
              -17.224760728465675
            ],
            [
              145.62947668800027,
              -17.224596228465625
            ],
            [
              145.6297616880003,
              -17.224663228465626
            ],
            [
              145.6296336880002,
              -17.224561728465655
            ],
            [
              145.6295666880003,
              -17.224463228465673
            ],
            [
              145.62943618800037,
              -17.224412228465646
            ],
            [
              145.62940568800022,
              -17.22433872846565
            ],
            [
              145.62939818800032,
              -17.22415522846565
            ],
            [
              145.62930018800034,
              -17.22418622846564
            ],
            [
              145.6292026880003,
              -17.22420272846566
            ],
            [
              145.62911318800025,
              -17.22434522846564
            ],
            [
              145.62901168800028,
              -17.224259228465638
            ],
            [
              145.62888268800032,
              -17.224124728465696
            ],
            [
              145.62870268800032,
              -17.224080728465697
            ],
            [
              145.6285041880003,
              -17.224089228465687
            ],
            [
              145.62838718800026,
              -17.223977228465678
            ],
            [
              145.62828668800034,
              -17.223867228465686
            ],
            [
              145.62815118800026,
              -17.223826728465674
            ],
            [
              145.62798918800024,
              -17.223872227465677
            ],
            [
              145.62772268800026,
              -17.223753227465718
            ],
            [
              145.6276276880003,
              -17.22361722746572
            ],
            [
              145.62749168800028,
              -17.22349822746574
            ],
            [
              145.6275081880003,
              -17.22343522746572
            ],
            [
              145.6276741880002,
              -17.223393727465712
            ],
            [
              145.6279391880002,
              -17.223507727465698
            ],
            [
              145.6278866880003,
              -17.22333172746568
            ],
            [
              145.62776518800024,
              -17.22322372746568
            ],
            [
              145.6274396880003,
              -17.22324872746568
            ],
            [
              145.62706818800027,
              -17.223336727465696
            ],
            [
              145.62691768800025,
              -17.223457227465754
            ],
            [
              145.62673218800032,
              -17.223506227465755
            ],
            [
              145.62645468800028,
              -17.223315227465726
            ],
            [
              145.6264616880003,
              -17.223110727465734
            ],
            [
              145.62665668800028,
              -17.22295372746572
            ],
            [
              145.62681768800027,
              -17.222673727465736
            ],
            [
              145.62695168800028,
              -17.22257872746573
            ],
            [
              145.62711768800028,
              -17.222414727465683
            ],
            [
              145.62717868800024,
              -17.222217227465727
            ],
            [
              145.62713968800026,
              -17.221968227465723
            ],
            [
              145.6272761880003,
              -17.221531227465668
            ],
            [
              145.62743018800023,
              -17.221299727465688
            ],
            [
              145.62753268800026,
              -17.221096727465678
            ],
            [
              145.62754268800023,
              -17.220835727465655
            ],
            [
              145.62762368800026,
              -17.22073122746569
            ],
            [
              145.62755618800026,
              -17.220675227465673
            ],
            [
              145.62744418800023,
              -17.220676727465666
            ],
            [
              145.62736568800022,
              -17.22080672746569
            ],
            [
              145.62735918800018,
              -17.220923727465667
            ],
            [
              145.6271936880002,
              -17.22113122746567
            ],
            [
              145.62703968800025,
              -17.221311727465668
            ],
            [
              145.62691518800028,
              -17.2214827274657
            ],
            [
              145.6267661880002,
              -17.221738727465688
            ],
            [
              145.62673668800016,
              -17.22185622746574
            ],
            [
              145.62675768800028,
              -17.22210172746569
            ],
            [
              145.62664368800023,
              -17.22217422746575
            ],
            [
              145.62650268800027,
              -17.222396727465753
            ],
            [
              145.62632368800024,
              -17.222419727465756
            ],
            [
              145.62606918800026,
              -17.222480227465734
            ],
            [
              145.6258221880002,
              -17.222443727465773
            ],
            [
              145.62551068800028,
              -17.22228822746579
            ],
            [
              145.62538318800028,
              -17.222160727465777
            ],
            [
              145.62517718800027,
              -17.222064227465797
            ],
            [
              145.62502868800019,
              -17.221842227465796
            ],
            [
              145.62496818800017,
              -17.22160122746578
            ],
            [
              145.6248386880002,
              -17.22129272746581
            ],
            [
              145.6247096880002,
              -17.221074227465778
            ],
            [
              145.62480368800018,
              -17.2209552274658
            ],
            [
              145.62495918800022,
              -17.22067472746577
            ],
            [
              145.62496068800021,
              -17.220541227465766
            ],
            [
              145.62480868800017,
              -17.220714227465777
            ],
            [
              145.62467518800023,
              -17.2207292274658
            ],
            [
              145.62449118800023,
              -17.220823227465786
            ],
            [
              145.62429268800022,
              -17.220449727465756
            ],
            [
              145.62415168800027,
              -17.22030472746577
            ],
            [
              145.62407568800018,
              -17.220167727465775
            ],
            [
              145.62408518800024,
              -17.220044227465745
            ],
            [
              145.6239101880002,
              -17.21997772746574
            ],
            [
              145.62384218800017,
              -17.219783727465785
            ],
            [
              145.62382518900023,
              -17.219544727465777
            ],
            [
              145.62378368900028,
              -17.21928822746581
            ],
            [
              145.62380818900027,
              -17.219168727465778
            ],
            [
              145.62391168900018,
              -17.219023727465807
            ],
            [
              145.62383168900027,
              -17.21897822746582
            ],
            [
              145.62371768900024,
              -17.218951727465825
            ],
            [
              145.62363968900019,
              -17.218822227465818
            ],
            [
              145.6235711890002,
              -17.218519727465804
            ],
            [
              145.62344218900034,
              -17.217999727465834
            ],
            [
              145.6233711890003,
              -17.217596727465846
            ],
            [
              145.62330768900028,
              -17.217260227465868
            ],
            [
              145.6232416890003,
              -17.217098727465878
            ],
            [
              145.62311518900023,
              -17.21694822746593
            ],
            [
              145.6226716890003,
              -17.216694727465896
            ],
            [
              145.6224046890003,
              -17.216420227465917
            ],
            [
              145.62226268900028,
              -17.216231727465946
            ],
            [
              145.62213368900032,
              -17.216068227465907
            ],
            [
              145.6219456890003,
              -17.215934727465964
            ],
            [
              145.6217161890003,
              -17.21584672746597
            ],
            [
              145.6215231890003,
              -17.215821227465977
            ],
            [
              145.6213891890003,
              -17.215757727465967
            ],
            [
              145.62129168900026,
              -17.215685727465992
            ],
            [
              145.62110118900037,
              -17.215360727465974
            ],
            [
              145.62093918900032,
              -17.21503322746602
            ],
            [
              145.62085568900034,
              -17.214736227465977
            ],
            [
              145.62084618900033,
              -17.21452122746603
            ],
            [
              145.62088418900038,
              -17.21440422746604
            ],
            [
              145.62107068900028,
              -17.214227727466046
            ],
            [
              145.62131868900033,
              -17.214106727466024
            ],
            [
              145.62166518900028,
              -17.21407472746605
            ],
            [
              145.62190168900034,
              -17.214077227466042
            ],
            [
              145.62274618900028,
              -17.21405522746605
            ],
            [
              145.62311018900027,
              -17.214016227466036
            ],
            [
              145.62337868900036,
              -17.214013727466057
            ],
            [
              145.62364368900035,
              -17.214118227466066
            ],
            [
              145.62369568900033,
              -17.214250227466074
            ],
            [
              145.62367818900032,
              -17.214318227466062
            ],
            [
              145.62385768900026,
              -17.214450227466067
            ],
            [
              145.62402768900026,
              -17.214724227466043
            ],
            [
              145.62419368900035,
              -17.214973227466032
            ],
            [
              145.6241806890002,
              -17.215108727466024
            ],
            [
              145.62423918900024,
              -17.215196727466022
            ],
            [
              145.62421518900032,
              -17.21529772746598
            ],
            [
              145.6243001890003,
              -17.215444227466012
            ],
            [
              145.6243986890002,
              -17.215582227465998
            ],
            [
              145.62444668900022,
              -17.21578722746598
            ],
            [
              145.6244781890003,
              -17.21597072746597
            ],
            [
              145.62452118900032,
              -17.216092727465984
            ],
            [
              145.62455718900026,
              -17.21621172746596
            ],
            [
              145.62464118900024,
              -17.21627672746597
            ],
            [
              145.62467418900025,
              -17.21641122746597
            ],
            [
              145.6247361890002,
              -17.216544727465966
            ],
            [
              145.6248571890003,
              -17.216688227465937
            ],
            [
              145.62485518900024,
              -17.21683822746595
            ],
            [
              145.6249811890003,
              -17.216909727465936
            ],
            [
              145.62493368900022,
              -17.21674222746592
            ],
            [
              145.6248986890002,
              -17.21658372746592
            ],
            [
              145.62481418900026,
              -17.21638772746597
            ],
            [
              145.62483818900031,
              -17.216225727465936
            ],
            [
              145.62475568900024,
              -17.21612422746597
            ],
            [
              145.62473768900028,
              -17.215982227465986
            ],
            [
              145.6246681890003,
              -17.21587822746598
            ],
            [
              145.6246591890003,
              -17.215659227465974
            ],
            [
              145.62463018900027,
              -17.215503727465975
            ],
            [
              145.6245731890003,
              -17.21535672746602
            ],
            [
              145.62456318900024,
              -17.21516522746599
            ],
            [
              145.6242946890003,
              -17.21458172746602
            ],
            [
              145.62421118900028,
              -17.214413227466057
            ],
            [
              145.62430368900027,
              -17.214343227466067
            ],
            [
              145.62416468900028,
              -17.21428372746605
            ],
            [
              145.62413268900025,
              -17.214108727466037
            ],
            [
              145.62420868900028,
              -17.213962727466072
            ],
            [
              145.62445518900026,
              -17.213807727466076
            ],
            [
              145.6247351890003,
              -17.213673727466087
            ],
            [
              145.62509718900026,
              -17.213509227466123
            ],
            [
              145.62562668900037,
              -17.213435727466106
            ],
            [
              145.62608018900028,
              -17.213459727466095
            ],
            [
              145.6262336890003,
              -17.213497727466038
            ],
            [
              145.62647618900033,
              -17.213686727466047
            ],
            [
              145.6266211890003,
              -17.213750227466047
            ],
            [
              145.62674018900032,
              -17.213758227466034
            ],
            [
              145.62687418900035,
              -17.21386022746599
            ],
            [
              145.62708668900032,
              -17.213874227465993
            ],
            [
              145.6272256890003,
              -17.21404022746596
            ],
            [
              145.62754018900037,
              -17.21443922746595
            ],
            [
              145.62762568900033,
              -17.214537227465915
            ],
            [
              145.62777968900025,
              -17.214548727465942
            ],
            [
              145.62805468900027,
              -17.214559727465897
            ],
            [
              145.62781218900037,
              -17.21438072746597
            ],
            [
              145.62764968900026,
              -17.21413972746598
            ],
            [
              145.6275761890003,
              -17.213980227466
            ],
            [
              145.6274311890003,
              -17.213823227466
            ],
            [
              145.62741768900028,
              -17.213744727465983
            ],
            [
              145.62733418900032,
              -17.213640227466026
            ],
            [
              145.62721518900028,
              -17.21353672746601
            ],
            [
              145.62686568900034,
              -17.21342722746602
            ],
            [
              145.62681418900027,
              -17.213347227466063
            ],
            [
              145.62686268900032,
              -17.213287227466047
            ],
            [
              145.6270401890003,
              -17.213236727466054
            ],
            [
              145.62740868900033,
              -17.213271227466002
            ],
            [
              145.6275701890003,
              -17.213257227466038
            ],
            [
              145.62762668900032,
              -17.213197727466014
            ],
            [
              145.62760218900036,
              -17.21316772746604
            ],
            [
              145.6273021890003,
              -17.213146727466043
            ],
            [
              145.62714768900028,
              -17.213070227466023
            ],
            [
              145.62713268900032,
              -17.212978727466027
            ],
            [
              145.62725918900028,
              -17.212849727466068
            ],
            [
              145.62739218900032,
              -17.212578227466032
            ],
            [
              145.6275456890003,
              -17.212546727466044
            ],
            [
              145.62747668900042,
              -17.21246172746604
            ],
            [
              145.6273196890003,
              -17.21243422746606
            ],
            [
              145.62712168900038,
              -17.21249372746608
            ],
            [
              145.62706468900038,
              -17.212640727466052
            ],
            [
              145.62689568900038,
              -17.21285122746609
            ],
            [
              145.62689068900036,
              -17.212994227466055
            ],
            [
              145.62677168900035,
              -17.21300572746603
            ],
            [
              145.62655318900033,
              -17.213084227466073
            ],
            [
              145.62641518900037,
              -17.213074727466097
            ],
            [
              145.62628418900036,
              -17.212939227466116
            ],
            [
              145.62604918900027,
              -17.212978227466074
            ],
            [
              145.6256321890003,
              -17.2129557274661
            ],
            [
              145.62548468900022,
              -17.212836727466126
            ],
            [
              145.62516818900033,
              -17.212825227466126
            ],
            [
              145.6250151890002,
              -17.21280072746614
            ],
            [
              145.62499418900032,
              -17.212524727466157
            ],
            [
              145.62502418900033,
              -17.212212727466163
            ],
            [
              145.62500918900028,
              -17.21201772746622
            ],
            [
              145.6251861890003,
              -17.21178372746619
            ],
            [
              145.62504218900034,
              -17.21183322746618
            ],
            [
              145.62494668900027,
              -17.21176872746624
            ],
            [
              145.62485668900024,
              -17.21189722746618
            ],
            [
              145.62485018900028,
              -17.21220972746617
            ],
            [
              145.62477768900033,
              -17.21255372746614
            ],
            [
              145.62476118900034,
              -17.212825227466126
            ],
            [
              145.62454718900028,
              -17.212974727466133
            ],
            [
              145.62416618900036,
              -17.21303172746614
            ],
            [
              145.62394418900033,
              -17.213019727466115
            ],
            [
              145.62383918900028,
              -17.21293572746611
            ],
            [
              145.62380918900035,
              -17.212722727466137
            ],
            [
              145.6237821890003,
              -17.212572727466124
            ],
            [
              145.62383818900028,
              -17.21227322746617
            ],
            [
              145.62371318900037,
              -17.212524727466146
            ],
            [
              145.62367418900035,
              -17.21268072746613
            ],
            [
              145.62365318900027,
              -17.212986727466145
            ],
            [
              145.62348118900027,
              -17.213091727466093
            ],
            [
              145.62311218900027,
              -17.212982227466092
            ],
            [
              145.6230101890003,
              -17.213201227466094
            ],
            [
              145.62276518900038,
              -17.21329272746608
            ],
            [
              145.6223391890003,
              -17.21319372746611
            ],
            [
              145.6217001890003,
              -17.213130727466098
            ],
            [
              145.62135268900036,
              -17.213052727466113
            ],
            [
              145.62105268900032,
              -17.21293272746609
            ],
            [
              145.62076468900037,
              -17.212875727466134
            ],
            [
              145.6204736890003,
              -17.212917727466127
            ],
            [
              145.62005968900033,
              -17.21295972746607
            ],
            [
              145.6196306890003,
              -17.21299272746611
            ],
            [
              145.6193036890003,
              -17.21307672746612
            ],
            [
              145.61906068900038,
              -17.213109727466087
            ],
            [
              145.6189231890003,
              -17.21309422746608
            ],
            [
              145.6186326890003,
              -17.212841727466092
            ],
            [
              145.61831668900032,
              -17.212650727466144
            ],
            [
              145.6179956890003,
              -17.212479727466132
            ],
            [
              145.6177016890004,
              -17.212431727466136
            ],
            [
              145.61726368900037,
              -17.21241372746613
            ],
            [
              145.61694969000035,
              -17.21226772746618
            ],
            [
              145.61662519000035,
              -17.212089727466182
            ],
            [
              145.61642919000036,
              -17.2118457274662
            ],
            [
              145.61639919000032,
              -17.211565727466233
            ],
            [
              145.61631869000033,
              -17.21131622746619
            ],
            [
              145.61629819000035,
              -17.21108622746622
            ],
            [
              145.6163041900003,
              -17.210795727466227
            ],
            [
              145.6160981900004,
              -17.210432227466264
            ],
            [
              145.6161151900003,
              -17.21026022746631
            ],
            [
              145.61628119000036,
              -17.210140227466276
            ],
            [
              145.61660619000037,
              -17.210123727466257
            ],
            [
              145.6168901900003,
              -17.210173727466287
            ],
            [
              145.61763019000037,
              -17.210487727466276
            ],
            [
              145.61795469000026,
              -17.210682227466215
            ],
            [
              145.61890718900037,
              -17.21120922746622
            ],
            [
              145.61914468900036,
              -17.211347727466197
            ],
            [
              145.61908318900035,
              -17.211474727466154
            ],
            [
              145.61917018900036,
              -17.21160272746616
            ],
            [
              145.61938568900032,
              -17.21151472746616
            ],
            [
              145.6195071890003,
              -17.211601727466174
            ],
            [
              145.6195716890003,
              -17.21142472746617
            ],
            [
              145.6197156890003,
              -17.211300727466202
            ],
            [
              145.61994568900028,
              -17.21119772746619
            ],
            [
              145.62001418900027,
              -17.2109507274662
            ],
            [
              145.6202096890003,
              -17.21085372746622
            ],
            [
              145.6202496890003,
              -17.210676727466222
            ],
            [
              145.62059168900038,
              -17.21058572746623
            ],
            [
              145.6209451890003,
              -17.21038622746623
            ],
            [
              145.62128718900036,
              -17.210201227466253
            ],
            [
              145.62154618900027,
              -17.209994227466275
            ],
            [
              145.62174718900033,
              -17.209945227466292
            ],
            [
              145.6217641890003,
              -17.20971522746625
            ],
            [
              145.6220946890003,
              -17.20940572746631
            ],
            [
              145.62219068900026,
              -17.20916322746631
            ],
            [
              145.62237518900034,
              -17.20895222746631
            ],
            [
              145.62244068900037,
              -17.208713727466343
            ],
            [
              145.62221768900037,
              -17.208882727466307
            ],
            [
              145.62199468900027,
              -17.209178727466277
            ],
            [
              145.6217026890003,
              -17.209451727466302
            ],
            [
              145.6214461890003,
              -17.209710227466267
            ],
            [
              145.62121618900028,
              -17.209892727466258
            ],
            [
              145.62095068900038,
              -17.210011727466235
            ],
            [
              145.6207456890003,
              -17.210092727466254
            ],
            [
              145.62058368900034,
              -17.21027772746623
            ],
            [
              145.62045018900034,
              -17.210341727466233
            ],
            [
              145.62026168900027,
              -17.21039972746626
            ],
            [
              145.6201116890003,
              -17.21040522746624
            ],
            [
              145.61992318900027,
              -17.210436727466217
            ],
            [
              145.61969718900028,
              -17.21054072746623
            ],
            [
              145.61924218900032,
              -17.21044822746624
            ],
            [
              145.61893069000033,
              -17.210224727466255
            ],
            [
              145.61866169000032,
              -17.210047727466257
            ],
            [
              145.61833469000035,
              -17.209624727466267
            ],
            [
              145.61823869000037,
              -17.2094362274663
            ],
            [
              145.61808019000034,
              -17.209258227466307
            ],
            [
              145.61791969000038,
              -17.20922572746634
            ],
            [
              145.61778419000032,
              -17.208933727466345
            ],
            [
              145.61771519000027,
              -17.208707227466366
            ],
            [
              145.61764669000027,
              -17.20852122746633
            ],
            [
              145.61775069000032,
              -17.208413727466375
            ],
            [
              145.6179001900003,
              -17.20822522746636
            ],
            [
              145.61800819000032,
              -17.208040727466376
            ],
            [
              145.6181606900003,
              -17.207862727466377
            ],
            [
              145.61815069000036,
              -17.20764572746638
            ],
            [
              145.61826169000028,
              -17.20755272746638
            ],
            [
              145.61851169000033,
              -17.207410227466408
            ],
            [
              145.6186421900003,
              -17.207268227466432
            ],
            [
              145.61862819000032,
              -17.20711622746642
            ],
            [
              145.61860569000032,
              -17.207002227466432
            ],
            [
              145.61851169000036,
              -17.207195227466396
            ],
            [
              145.61835069000028,
              -17.2072812274664
            ],
            [
              145.6181066900003,
              -17.207284227466396
            ],
            [
              145.6179836900003,
              -17.20734022746642
            ],
            [
              145.61786969000028,
              -17.20759122746639
            ],
            [
              145.61782969000035,
              -17.20776172746642
            ],
            [
              145.61771669000026,
              -17.207845227466372
            ],
            [
              145.61728419000033,
              -17.20789022746637
            ],
            [
              145.61704919000033,
              -17.208006227466363
            ],
            [
              145.6165601900003,
              -17.208163227466372
            ],
            [
              145.61602869000038,
              -17.208249227466386
            ],
            [
              145.61562869000036,
              -17.20827772646638
            ],
            [
              145.61540719000027,
              -17.20821922646643
            ],
            [
              145.61525269000026,
              -17.208056226466397
            ],
            [
              145.61517869000033,
              -17.207383726466475
            ],
            [
              145.61509019000027,
              -17.207075726466478
            ],
            [
              145.61496719000021,
              -17.206822226466514
            ],
            [
              145.6148401900003,
              -17.206714726466505
            ],
            [
              145.6144981900003,
              -17.20667222646651
            ],
            [
              145.61398669000022,
              -17.206556726466538
            ],
            [
              145.61372169000023,
              -17.20642222646655
            ],
            [
              145.61350219000028,
              -17.206303226466577
            ],
            [
              145.61344869000024,
              -17.206026226466562
            ],
            [
              145.61360619000024,
              -17.205784226466605
            ],
            [
              145.6138946900002,
              -17.20549572646661
            ],
            [
              145.61410969000025,
              -17.20526922646661
            ],
            [
              145.61444619000028,
              -17.205073726466598
            ],
            [
              145.61494619000024,
              -17.204962226466577
            ],
            [
              145.61537069000028,
              -17.204900226466563
            ],
            [
              145.6158906900002,
              -17.204814726466545
            ],
            [
              145.6162586900003,
              -17.204869227466563
            ],
            [
              145.61669519000029,
              -17.204958727466547
            ],
            [
              145.61701569000022,
              -17.20481522746657
            ],
            [
              145.61740769000028,
              -17.204609227466555
            ],
            [
              145.61768519000032,
              -17.204437227466542
            ],
            [
              145.61775319000026,
              -17.20429022746651
            ],
            [
              145.61759919000028,
              -17.204136727466555
            ],
            [
              145.6173026900003,
              -17.204332227466516
            ],
            [
              145.61693919000024,
              -17.204556727466535
            ],
            [
              145.61667119000023,
              -17.204671727466536
            ],
            [
              145.61651819000028,
              -17.20457122746656
            ],
            [
              145.61619269000028,
              -17.20458572746653
            ],
            [
              145.61586519000022,
              -17.204440226466566
            ],
            [
              145.61546969000025,
              -17.20442722646655
            ],
            [
              145.61538369000024,
              -17.20430472646657
            ],
            [
              145.61551919000033,
              -17.20386972646653
            ],
            [
              145.61556419000027,
              -17.203395226466537
            ],
            [
              145.61546819000029,
              -17.20310172646652
            ],
            [
              145.61531019000026,
              -17.203773726466554
            ],
            [
              145.61510669000026,
              -17.204191726466583
            ],
            [
              145.6149371900003,
              -17.204394726466592
            ],
            [
              145.61460969000024,
              -17.204428726466567
            ],
            [
              145.61427569000026,
              -17.20439022646662
            ],
            [
              145.61414019000023,
              -17.204240226466606
            ],
            [
              145.61376269000021,
              -17.204287726466603
            ],
            [
              145.6134576900002,
              -17.20421972646661
            ],
            [
              145.6130681900002,
              -17.204178226466624
            ],
            [
              145.61259919000028,
              -17.204298726466668
            ],
            [
              145.6120456900002,
              -17.204157726466647
            ],
            [
              145.6117356900002,
              -17.20388072646666
            ],
            [
              145.61144669100025,
              -17.203592726466656
            ],
            [
              145.6112716910002,
              -17.203293726466686
            ],
            [
              145.61135669100025,
              -17.202830226466645
            ],
            [
              145.61114169100023,
              -17.20242372646665
            ],
            [
              145.6107956910002,
              -17.20228072646669
            ],
            [
              145.6105316910003,
              -17.202050726466705
            ],
            [
              145.6101926910002,
              -17.201683726466673
            ],
            [
              145.60996719100018,
              -17.201305226466715
            ],
            [
              145.60985969100025,
              -17.20087622646671
            ],
            [
              145.6097566910002,
              -17.200388226466668
            ],
            [
              145.6097811910002,
              -17.200146726466652
            ],
            [
              145.60977219100022,
              -17.199930726466686
            ],
            [
              145.60983169100024,
              -17.199749226466633
            ],
            [
              145.60994519100024,
              -17.199630726466655
            ],
            [
              145.61008469100022,
              -17.199647726466672
            ],
            [
              145.61019569100023,
              -17.199744226466652
            ],
            [
              145.61035169100026,
              -17.199974226466637
            ],
            [
              145.6107956910002,
              -17.200399226466626
            ],
            [
              145.61083819100028,
              -17.20060972646667
            ],
            [
              145.61095269100025,
              -17.20067722646667
            ],
            [
              145.61107019100027,
              -17.200388226466654
            ],
            [
              145.61139819100023,
              -17.200191726466606
            ],
            [
              145.61160919100024,
              -17.2003312264666
            ],
            [
              145.61162469100023,
              -17.200241226466602
            ],
            [
              145.6116126910003,
              -17.20003122646662
            ],
            [
              145.61167719100018,
              -17.199927726466584
            ],
            [
              145.61194119100023,
              -17.199913726466615
            ],
            [
              145.61204469100022,
              -17.199788726466586
            ],
            [
              145.6120056910002,
              -17.199624726466592
            ],
            [
              145.6123051910002,
              -17.199246226466567
            ],
            [
              145.61242319100023,
              -17.199356726466572
            ],
            [
              145.61245869100023,
              -17.199510226466575
            ],
            [
              145.61242669100025,
              -17.199735226466586
            ],
            [
              145.61245169100025,
              -17.199838726466556
            ],
            [
              145.61255869100026,
              -17.199831726466567
            ],
            [
              145.6125656910003,
              -17.19971372646658
            ],
            [
              145.61270919100016,
              -17.199660726466597
            ],
            [
              145.6129051910003,
              -17.19978522646656
            ],
            [
              145.6128906910003,
              -17.199478226466525
            ],
            [
              145.6130406910002,
              -17.19941772646657
            ],
            [
              145.61313669100022,
              -17.199299726466577
            ],
            [
              145.6130261910002,
              -17.19918922646658
            ],
            [
              145.6130086910003,
              -17.19909272646654
            ],
            [
              145.6134456910002,
              -17.1983312264665
            ],
            [
              145.6137426910003,
              -17.19825072646652
            ],
            [
              145.61401869100027,
              -17.198441726466488
            ],
            [
              145.61412219100032,
              -17.198801726466492
            ],
            [
              145.6141326910002,
              -17.199055226466534
            ],
            [
              145.61405769100028,
              -17.1994537264665
            ],
            [
              145.61400419100025,
              -17.19981722646656
            ],
            [
              145.6139436910002,
              -17.200077726466535
            ],
            [
              145.61403269100026,
              -17.200331226466517
            ],
            [
              145.61441469100032,
              -17.20045772646654
            ],
            [
              145.61462969100032,
              -17.200656226466545
            ],
            [
              145.6147286910003,
              -17.20058272646656
            ],
            [
              145.61465369100026,
              -17.200261726466504
            ],
            [
              145.61463419100022,
              -17.200041726466495
            ],
            [
              145.6146931910002,
              -17.199729726466536
            ],
            [
              145.61490369100034,
              -17.19946222646652
            ],
            [
              145.61515369100022,
              -17.199301726466512
            ],
            [
              145.61536619100025,
              -17.199205226466475
            ],
            [
              145.6157441910003,
              -17.19913322646647
            ],
            [
              145.61612769100032,
              -17.199137226466455
            ],
            [
              145.61652069100035,
              -17.199198226466468
            ],
            [
              145.61681619000024,
              -17.199326726466484
            ],
            [
              145.61707519000024,
              -17.19948822746646
            ],
            [
              145.61727719000032,
              -17.19986072746649
            ],
            [
              145.61730419000025,
              -17.20016122746647
            ],
            [
              145.61730119000026,
              -17.200422727466496
            ],
            [
              145.61734119000025,
              -17.200477227466475
            ],
            [
              145.6175361900002,
              -17.200407727466477
            ],
            [
              145.61747919000027,
              -17.200210727466462
            ],
            [
              145.6175566900002,
              -17.20010172746645
            ],
            [
              145.61773169000026,
              -17.200054727466448
            ],
            [
              145.6176011900003,
              -17.199798227466466
            ],
            [
              145.61760119000027,
              -17.199515727466437
            ],
            [
              145.61755969000035,
              -17.199132727466438
            ],
            [
              145.6176441900003,
              -17.198784227466458
            ],
            [
              145.61770819000026,
              -17.198580727466453
            ],
            [
              145.61810419000028,
              -17.198397227466454
            ],
            [
              145.61801769000033,
              -17.198272227466433
            ],
            [
              145.61783319100027,
              -17.198245727466446
            ],
            [
              145.6176011910003,
              -17.198016727466452
            ],
            [
              145.61768169100029,
              -17.197781727466417
            ],
            [
              145.61745469100023,
              -17.1971767274664
            ],
            [
              145.61746069100025,
              -17.196751727466438
            ],
            [
              145.61772719100028,
              -17.196440227466425
            ],
            [
              145.61793469100027,
              -17.19635122746642
            ],
            [
              145.6184016910003,
              -17.19635122746642
            ],
            [
              145.61857919100032,
              -17.196217227466406
            ],
            [
              145.6187046910003,
              -17.1963302274664
            ],
            [
              145.61875269100022,
              -17.196107227466396
            ],
            [
              145.6190386910002,
              -17.19607522746636
            ],
            [
              145.61958669100034,
              -17.195872227466356
            ],
            [
              145.62002869100027,
              -17.195731227466368
            ],
            [
              145.6202946910003,
              -17.195550727466358
            ],
            [
              145.62049519100023,
              -17.195392227466364
            ],
            [
              145.62086719100034,
              -17.195340227466378
            ],
            [
              145.6211486910003,
              -17.19524122746635
            ],
            [
              145.6215691910003,
              -17.194914227466374
            ],
            [
              145.62181019100026,
              -17.19488172746635
            ],
            [
              145.62188719000025,
              -17.194979727466375
            ],
            [
              145.62198869000036,
              -17.195092727466378
            ],
            [
              145.62203919000024,
              -17.195241727466346
            ],
            [
              145.62223219000037,
              -17.195188227466367
            ],
            [
              145.62251619000034,
              -17.195359227466405
            ],
            [
              145.62262619000037,
              -17.195434227466386
            ],
            [
              145.62271769000031,
              -17.19552572746638
            ],
            [
              145.62291719000035,
              -17.195676727466402
            ],
            [
              145.62309619000033,
              -17.195821227466393
            ],
            [
              145.62323369000038,
              -17.195940727466418
            ],
            [
              145.62322019000035,
              -17.196303227466426
            ],
            [
              145.62316819000043,
              -17.19643572746638
            ],
            [
              145.6231721900004,
              -17.19727922746642
            ],
            [
              145.62312169000035,
              -17.197374227466405
            ],
            [
              145.62312119000038,
              -17.197615727466435
            ],
            [
              145.62304619000037,
              -17.19784422746642
            ],
            [
              145.62290469000033,
              -17.197992227466443
            ],
            [
              145.62280469000032,
              -17.198178227466432
            ],
            [
              145.6227786900003,
              -17.198309227466446
            ],
            [
              145.6228331900003,
              -17.198518727466436
            ],
            [
              145.62304719000034,
              -17.198644227466456
            ],
            [
              145.62303919000033,
              -17.19878922746643
            ],
            [
              145.62314669000037,
              -17.198703227466428
            ],
            [
              145.62326469000033,
              -17.198769227466435
            ],
            [
              145.6232286900003,
              -17.198956727466417
            ],
            [
              145.62333969000036,
              -17.199067227466436
            ],
            [
              145.62340119000038,
              -17.19902472746642
            ],
            [
              145.6233686900004,
              -17.19884572746647
            ],
            [
              145.62341019000039,
              -17.198650227466448
            ],
            [
              145.62335469000033,
              -17.198570227466426
            ],
            [
              145.62307119000027,
              -17.198453727466422
            ],
            [
              145.62303269000031,
              -17.198233727466416
            ],
            [
              145.62323469000043,
              -17.19815922746643
            ],
            [
              145.62334469000035,
              -17.19822472746643
            ],
            [
              145.62358919000036,
              -17.19795522746643
            ],
            [
              145.62374319000028,
              -17.19767172746641
            ],
            [
              145.62369269000035,
              -17.19750222746644
            ],
            [
              145.62384919000039,
              -17.197100227466425
            ],
            [
              145.6239596900004,
              -17.19678472746642
            ],
            [
              145.62412569000026,
              -17.19653722746642
            ],
            [
              145.62442819000043,
              -17.19642672746641
            ],
            [
              145.6247306900004,
              -17.196449727466415
            ],
            [
              145.62500369000037,
              -17.196586227466423
            ],
            [
              145.62512719000034,
              -17.196719227466424
            ],
            [
              145.62524119000045,
              -17.196739227466434
            ],
            [
              145.6255531900004,
              -17.19669972746642
            ],
            [
              145.62623969000032,
              -17.196433227466393
            ],
            [
              145.62659069000037,
              -17.19622172746642
            ],
            [
              145.62701019000042,
              -17.196082227466427
            ],
            [
              145.62729669000043,
              -17.196030227466384
            ],
            [
              145.62751769000042,
              -17.196098227466447
            ],
            [
              145.6277711900004,
              -17.196251227466398
            ],
            [
              145.62800569000035,
              -17.196456227466392
            ],
            [
              145.62825269000038,
              -17.196651227466422
            ],
            [
              145.62857169000043,
              -17.19686572746644
            ],
            [
              145.62907869000043,
              -17.197077227466423
            ],
            [
              145.62940719000042,
              -17.197304727466413
            ],
            [
              145.62969319000035,
              -17.19757522746641
            ],
            [
              145.62987569000043,
              -17.198049227466406
            ],
            [
              145.62999969000046,
              -17.19849422746641
            ],
            [
              145.62999269000048,
              -17.198837227466402
            ],
            [
              145.6300726900004,
              -17.19953772746639
            ],
            [
              145.63023469000044,
              -17.2006532274664
            ],
            [
              145.63038618900046,
              -17.201061227466397
            ],
            [
              145.6304266890004,
              -17.20125672746641
            ],
            [
              145.63030518900044,
              -17.201438727466407
            ],
            [
              145.63051418900048,
              -17.201465727466385
            ],
            [
              145.63074368900038,
              -17.2017522274664
            ],
            [
              145.63099318900043,
              -17.202055728466355
            ],
            [
              145.63116168900038,
              -17.202227728466376
            ],
            [
              145.63134718900048,
              -17.202441728466344
            ],
            [
              145.63152918900045,
              -17.202598728466338
            ],
            [
              145.63198768900048,
              -17.20278722846637
            ],
            [
              145.63232168900043,
              -17.20287822846636
            ],
            [
              145.63249368900043,
              -17.202959228466323
            ],
            [
              145.6326956890005,
              -17.20299972846633
            ],
            [
              145.63279718900043,
              -17.203212228466352
            ],
            [
              145.63284418900045,
              -17.203417728466345
            ],
            [
              145.63288818900043,
              -17.203539228466322
            ],
            [
              145.63302318900043,
              -17.203603228466324
            ],
            [
              145.63312418900054,
              -17.203643728466336
            ],
            [
              145.63318468900044,
              -17.2038122284663
            ],
            [
              145.63329618900045,
              -17.203916728466318
            ],
            [
              145.63348818900047,
              -17.20387972846629
            ],
            [
              145.63360968900054,
              -17.203957228466336
            ],
            [
              145.63354218900054,
              -17.204088728466335
            ],
            [
              145.63357618900054,
              -17.204298228466314
            ],
            [
              145.63353568900047,
              -17.204513728466285
            ],
            [
              145.63345468900042,
              -17.20462822846632
            ],
            [
              145.63342418900046,
              -17.20479822846629
            ],
            [
              145.6332621890005,
              -17.204953228466298
            ],
            [
              145.63318468900042,
              -17.20522872846627
            ],
            [
              145.6331341890005,
              -17.205484728466285
            ],
            [
              145.6330801890005,
              -17.20572972846623
            ],
            [
              145.63300718900047,
              -17.205878728466242
            ],
            [
              145.6329276890005,
              -17.20600122846627
            ],
            [
              145.63288718900037,
              -17.20615122846623
            ],
            [
              145.6330116890005,
              -17.206359728466197
            ],
            [
              145.63317768900043,
              -17.206305728466226
            ],
            [
              145.63334218900044,
              -17.206382228466186
            ],
            [
              145.63341018900047,
              -17.206314728466204
            ],
            [
              145.63346118900043,
              -17.20623122846625
            ],
            [
              145.6333431890004,
              -17.206070228466256
            ],
            [
              145.63319718900044,
              -17.20604322846622
            ],
            [
              145.6331316890004,
              -17.20590272846624
            ],
            [
              145.6332101890004,
              -17.205758728466265
            ],
            [
              145.63335268900045,
              -17.205579228466277
            ],
            [
              145.63342218900047,
              -17.20540722846626
            ],
            [
              145.63346718900047,
              -17.205144728466255
            ],
            [
              145.63357218900055,
              -17.204939228466266
            ],
            [
              145.63374918900044,
              -17.204693228466276
            ],
            [
              145.6338096890005,
              -17.204478228466304
            ],
            [
              145.63386318900046,
              -17.20408572846629
            ],
            [
              145.63375268900046,
              -17.20376822846629
            ],
            [
              145.6338631890005,
              -17.20361472846634
            ],
            [
              145.6338121890005,
              -17.203519728466304
            ],
            [
              145.63364068900054,
              -17.203503228466353
            ],
            [
              145.63342218900047,
              -17.20338972846635
            ],
            [
              145.63322618900048,
              -17.20330422846635
            ],
            [
              145.63305918900048,
              -17.203313228466325
            ],
            [
              145.63300868900052,
              -17.203107728466343
            ],
            [
              145.63297318900047,
              -17.202893728466368
            ],
            [
              145.63274118900046,
              -17.20282122846633
            ],
            [
              145.63229968900052,
              -17.20262772846637
            ],
            [
              145.63172668900043,
              -17.20236772846635
            ],
            [
              145.63152118900044,
              -17.202226728466364
            ],
            [
              145.63133718900048,
              -17.202052228466364
            ],
            [
              145.63121318900042,
              -17.2018372284664
            ],
            [
              145.63108668900045,
              -17.2015917284664
            ],
            [
              145.63086918900038,
              -17.201295228466417
            ],
            [
              145.63074968900042,
              -17.201073227466363
            ],
            [
              145.63075218900045,
              -17.200796227466384
            ],
            [
              145.63067119000044,
              -17.20053622746641
            ],
            [
              145.63057069000038,
              -17.200318727466403
            ],
            [
              145.6305706900004,
              -17.199984227466395
            ],
            [
              145.6305921900004,
              -17.19967422746638
            ],
            [
              145.6305826900005,
              -17.19946872746639
            ],
            [
              145.63061119000045,
              -17.199117727466426
            ],
            [
              145.63071169000048,
              -17.198900227466407
            ],
            [
              145.6308861900004,
              -17.19875972746643
            ],
            [
              145.63115119000048,
              -17.1986377274664
            ],
            [
              145.63132069000042,
              -17.198549228466433
            ],
            [
              145.63155919000047,
              -17.198489728466427
            ],
            [
              145.6317456900005,
              -17.19843722846645
            ],
            [
              145.63179019000046,
              -17.19828172846644
            ],
            [
              145.63167969000045,
              -17.19817572846642
            ],
            [
              145.6316476900004,
              -17.19805522846645
            ],
            [
              145.6314306900005,
              -17.19802172846642
            ],
            [
              145.63116519000044,
              -17.198117227466412
            ],
            [
              145.6307951900004,
              -17.198179227466408
            ],
            [
              145.63053519000042,
              -17.198043227466417
            ],
            [
              145.63043469000038,
              -17.197828227466406
            ],
            [
              145.63042269000042,
              -17.197637227466426
            ],
            [
              145.63055169000043,
              -17.19748422746642
            ],
            [
              145.63090269000048,
              -17.197515227466397
            ],
            [
              145.6313326900004,
              -17.197575228466405
            ],
            [
              145.63179319000048,
              -17.197419728466407
            ],
            [
              145.6321086900005,
              -17.197221728466463
            ],
            [
              145.63240719000052,
              -17.196978228466463
            ],
            [
              145.6326321900005,
              -17.19680222846646
            ],
            [
              145.63290519000049,
              -17.196543728466445
            ],
            [
              145.6330536900005,
              -17.196337728466453
            ],
            [
              145.6331926900005,
              -17.19603822846648
            ],
            [
              145.63320219000045,
              -17.19567672846649
            ],
            [
              145.63331469000042,
              -17.1953872284665
            ],
            [
              145.6333001900005,
              -17.195021228466512
            ],
            [
              145.63324769000047,
              -17.194791228466542
            ],
            [
              145.63335319000052,
              -17.194503728466525
            ],
            [
              145.6333511900005,
              -17.194133728466507
            ],
            [
              145.63318319000044,
              -17.193895728466533
            ],
            [
              145.63306569000048,
              -17.193587228466523
            ],
            [
              145.6328256900005,
              -17.193392228466553
            ],
            [
              145.6321366900004,
              -17.19316822846653
            ],
            [
              145.6316951900004,
              -17.19299672746651
            ],
            [
              145.63145719000048,
              -17.192850727466475
            ],
            [
              145.63119119000044,
              -17.19286422746649
            ],
            [
              145.63107569000047,
              -17.192934727466476
            ],
            [
              145.63082369000043,
              -17.192714227466457
            ],
            [
              145.63069319000041,
              -17.192386727466488
            ],
            [
              145.63072919000032,
              -17.192054227466482
            ],
            [
              145.63085919000042,
              -17.191659227466463
            ],
            [
              145.63092069000038,
              -17.191360227466483
            ],
            [
              145.63091719000047,
              -17.19111222746649
            ],
            [
              145.63110869000036,
              -17.19087072746649
            ],
            [
              145.63105519000044,
              -17.190778727466487
            ],
            [
              145.63078119000045,
              -17.190684227466487
            ],
            [
              145.63091469000037,
              -17.190533727466477
            ],
            [
              145.63136219000046,
              -17.190358727466545
            ],
            [
              145.63183019000041,
              -17.190295227466557
            ],
            [
              145.63249169000042,
              -17.190240728466595
            ],
            [
              145.6329356900004,
              -17.19022872846659
            ],
            [
              145.63318369000038,
              -17.190276728466596
            ],
            [
              145.63338619000038,
              -17.190125728466594
            ],
            [
              145.6335416900004,
              -17.18997872846663
            ],
            [
              145.63386569000048,
              -17.190002228466646
            ],
            [
              145.63393269000042,
              -17.19016222846663
            ],
            [
              145.63407469000043,
              -17.190258728466624
            ],
            [
              145.63422269000048,
              -17.19037122846664
            ],
            [
              145.63431619000045,
              -17.19030022846665
            ],
            [
              145.63436219000042,
              -17.19019872846668
            ],
            [
              145.63430019000046,
              -17.189770228466696
            ],
            [
              145.63415719000048,
              -17.18962722846665
            ],
            [
              145.6346421900004,
              -17.18927622846671
            ],
            [
              145.6349436900005,
              -17.189076728466713
            ],
            [
              145.63520119000052,
              -17.188996728466712
            ],
            [
              145.6354571900004,
              -17.189142728466756
            ],
            [
              145.63575169000052,
              -17.189065228466745
            ],
            [
              145.63579619000043,
              -17.18883022846677
            ],
            [
              145.63595969000045,
              -17.18862222846679
            ],
            [
              145.63591219000054,
              -17.188434728466746
            ],
            [
              145.63597319000044,
              -17.188291728466776
            ],
            [
              145.6362291900005,
              -17.18816072846677
            ],
            [
              145.6362976900005,
              -17.1879277284668
            ],
            [
              145.6364386900005,
              -17.187628728466827
            ],
            [
              145.63650719000046,
              -17.187340228466823
            ],
            [
              145.63658769000045,
              -17.187324228466803
            ],
            [
              145.63671219000042,
              -17.187417728466805
            ],
            [
              145.63672019000052,
              -17.18781322846682
            ],
            [
              145.63677069000045,
              -17.18808222846684
            ],
            [
              145.63684019000044,
              -17.188309728466827
            ],
            [
              145.63701019000047,
              -17.188478228466817
            ],
            [
              145.63712669000043,
              -17.188486728466863
            ],
            [
              145.63729519000043,
              -17.188372228466875
            ],
            [
              145.63746719000048,
              -17.188295228466853
            ],
            [
              145.63754419000048,
              -17.188139228466845
            ],
            [
              145.63762119000054,
              -17.187937228466847
            ],
            [
              145.6376416900004,
              -17.187790228466877
            ],
            [
              145.63762019000052,
              -17.187696728466896
            ],
            [
              145.63748169000047,
              -17.187706728466857
            ],
            [
              145.63729169000047,
              -17.18816522846683
            ],
            [
              145.63721469000046,
              -17.188303728466813
            ],
            [
              145.63712069000047,
              -17.188320728466817
            ],
            [
              145.6370541900005,
              -17.18816472846682
            ],
            [
              145.63711469000054,
              -17.187927228466844
            ],
            [
              145.63723569000044,
              -17.18775172846684
            ],
            [
              145.6372231900005,
              -17.18759972846683
            ],
            [
              145.63715419000044,
              -17.187424728466805
            ],
            [
              145.63708319000054,
              -17.187191228466823
            ],
            [
              145.63733769000046,
              -17.18702872846686
            ],
            [
              145.6374481900005,
              -17.186772728466813
            ],
            [
              145.63744119000052,
              -17.186302228466865
            ],
            [
              145.63734819000044,
              -17.186072228466813
            ],
            [
              145.63711069000053,
              -17.18587222846679
            ],
            [
              145.6368896900005,
              -17.185736728466786
            ],
            [
              145.63667869000045,
              -17.185788728466814
            ],
            [
              145.63649969000045,
              -17.18602422846679
            ],
            [
              145.6364251900005,
              -17.186292728466775
            ],
            [
              145.6363381900005,
              -17.186451728466775
            ],
            [
              145.6361571900005,
              -17.1866417284668
            ],
            [
              145.6360851900004,
              -17.18694522846677
            ],
            [
              145.63592769000041,
              -17.18717172846676
            ],
            [
              145.63578369000044,
              -17.187455728466777
            ],
            [
              145.6356921900005,
              -17.187787228466775
            ],
            [
              145.6354346900004,
              -17.188060228466757
            ],
            [
              145.63531719000042,
              -17.188247228466736
            ],
            [
              145.63507919000043,
              -17.188271228466714
            ],
            [
              145.63484419000048,
              -17.188675728466702
            ],
            [
              145.63445069000045,
              -17.188849728466703
            ],
            [
              145.63414969000044,
              -17.188871728466683
            ],
            [
              145.63394219000043,
              -17.18875622846669
            ],
            [
              145.63384219000048,
              -17.188588228466653
            ],
            [
              145.63379869000042,
              -17.18818822846664
            ],
            [
              145.6338841900005,
              -17.187535228466643
            ],
            [
              145.63382719000043,
              -17.187185728466677
            ],
            [
              145.63389119000047,
              -17.186864228466703
            ],
            [
              145.63406619000048,
              -17.18654972846671
            ],
            [
              145.63421069000046,
              -17.186314228466696
            ],
            [
              145.63451119000038,
              -17.1861327284667
            ],
            [
              145.63461219000047,
              -17.18600772846674
            ],
            [
              145.6345611900005,
              -17.185690728466696
            ],
            [
              145.63455819000052,
              -17.185208728466723
            ],
            [
              145.63460369000046,
              -17.185085728466746
            ],
            [
              145.6345216900004,
              -17.18475922846672
            ],
            [
              145.63446969000046,
              -17.18465122846671
            ],
            [
              145.63435119000047,
              -17.184726228466737
            ],
            [
              145.63428219000042,
              -17.1852342284667
            ],
            [
              145.6341901900004,
              -17.185362228466705
            ],
            [
              145.63403519000045,
              -17.185267228466714
            ],
            [
              145.63388219000035,
              -17.185297728466704
            ],
            [
              145.6337856900005,
              -17.1854067284667
            ],
            [
              145.63376919000044,
              -17.185790728466692
            ],
            [
              145.63373269000047,
              -17.18595122846669
            ],
            [
              145.63367669000039,
              -17.1861482284667
            ],
            [
              145.63357369000042,
              -17.186321728466645
            ],
            [
              145.63344119000047,
              -17.18640222846667
            ],
            [
              145.63332369000048,
              -17.186521728466634
            ],
            [
              145.63324269000046,
              -17.18671872846665
            ],
            [
              145.63285669000038,
              -17.186939728466644
            ],
            [
              145.63269169000048,
              -17.187060728466612
            ],
            [
              145.63262769000042,
              -17.1872412284666
            ],
            [
              145.6324676900005,
              -17.187757227466612
            ],
            [
              145.6324446900004,
              -17.187971727466632
            ],
            [
              145.63245419000043,
              -17.188227228466594
            ],
            [
              145.63252269000046,
              -17.188441728466618
            ],
            [
              145.63266419000036,
              -17.1885877284666
            ],
            [
              145.63283769000043,
              -17.1887022284666
            ],
            [
              145.6329741900004,
              -17.188852728466625
            ],
            [
              145.6329881900005,
              -17.188989728466616
            ],
            [
              145.6328921900005,
              -17.189135728466585
            ],
            [
              145.63275969000043,
              -17.18921772846659
            ],
            [
              145.6326276900004,
              -17.18931372846657
            ],
            [
              145.63251819000038,
              -17.18944172846658
            ],
            [
              145.63253169000043,
              -17.18957822846657
            ],
            [
              145.63244469000043,
              -17.18967422846656
            ],
            [
              145.6322766900004,
              -17.18965622846659
            ],
            [
              145.63210269000035,
              -17.189532727466574
            ],
            [
              145.63195219000048,
              -17.189509727466564
            ],
            [
              145.6317421900004,
              -17.18951922746654
            ],
            [
              145.6315181900004,
              -17.189478227466513
            ],
            [
              145.63123969000037,
              -17.189373227466536
            ],
            [
              145.63117619000036,
              -17.189236227466548
            ],
            [
              145.63118519000045,
              -17.18904422746652
            ],
            [
              145.6311396900004,
              -17.18887572746656
            ],
            [
              145.63112119000039,
              -17.188724727466543
            ],
            [
              145.63118069000038,
              -17.18855122746653
            ],
            [
              145.63108019000038,
              -17.188373227466528
            ],
            [
              145.63087919000046,
              -17.188204727466555
            ],
            [
              145.63068319000035,
              -17.188076727466534
            ],
            [
              145.63048669000045,
              -17.187889727466544
            ],
            [
              145.63029069000035,
              -17.18795322746655
            ],
            [
              145.63016469100046,
              -17.187944727466512
            ],
            [
              145.6301171910004,
              -17.18782222746653
            ],
            [
              145.62997119100044,
              -17.187615727466547
            ],
            [
              145.6299786910004,
              -17.187495227466513
            ],
            [
              145.63014919100044,
              -17.187300727466564
            ],
            [
              145.63019919100046,
              -17.187090727466533
            ],
            [
              145.63011269100036,
              -17.186835227466553
            ],
            [
              145.63009469100044,
              -17.18666322746654
            ],
            [
              145.63013769100039,
              -17.18642922746657
            ],
            [
              145.6300351910004,
              -17.18630872746659
            ],
            [
              145.6298816910004,
              -17.18643022746655
            ],
            [
              145.62978419100048,
              -17.186520727466544
            ],
            [
              145.6296391910004,
              -17.186714227466567
            ],
            [
              145.62964419100035,
              -17.18707522746655
            ],
            [
              145.62958569100044,
              -17.187202727466506
            ],
            [
              145.62950719100036,
              -17.187329727466523
            ],
            [
              145.6294001910004,
              -17.18753572746651
            ],
            [
              145.62926269100046,
              -17.187634727466538
            ],
            [
              145.62912469100033,
              -17.187677227466487
            ],
            [
              145.62901219100038,
              -17.187565227466532
            ],
            [
              145.6288776910004,
              -17.18754772746652
            ],
            [
              145.62885219100042,
              -17.187637727466516
            ],
            [
              145.62895619100036,
              -17.187818227466515
            ],
            [
              145.62926169100035,
              -17.18794372746648
            ],
            [
              145.62944769100045,
              -17.188098727466492
            ],
            [
              145.6295761910004,
              -17.188247227466512
            ],
            [
              145.62971719000038,
              -17.188375727466525
            ],
            [
              145.62993019000035,
              -17.188497227466513
            ],
            [
              145.6300986900004,
              -17.188546727466502
            ],
            [
              145.63018269000042,
              -17.188618727466498
            ],
            [
              145.63027919000035,
              -17.188727227466504
            ],
            [
              145.63029419000043,
              -17.188923227466518
            ],
            [
              145.6301211900004,
              -17.189160227466473
            ],
            [
              145.6301101900004,
              -17.189317227466468
            ],
            [
              145.63018869000038,
              -17.189599227466495
            ],
            [
              145.62998469000033,
              -17.189975227466487
            ],
            [
              145.6298931900004,
              -17.19026722746648
            ],
            [
              145.62985319000035,
              -17.190530727466438
            ],
            [
              145.63010119000046,
              -17.190745227466483
            ],
            [
              145.63022219000035,
              -17.19097272746648
            ],
            [
              145.63021269000043,
              -17.19123022746644
            ],
            [
              145.63013819000037,
              -17.191324227466435
            ],
            [
              145.6299586900004,
              -17.19128822746646
            ],
            [
              145.62987769000037,
              -17.191310727466462
            ],
            [
              145.62987219000036,
              -17.191408727466435
            ],
            [
              145.63007169000034,
              -17.19145372746645
            ],
            [
              145.63025369000036,
              -17.19159472746644
            ],
            [
              145.63026719000038,
              -17.191722227466446
            ],
            [
              145.63011119000043,
              -17.19193572746648
            ],
            [
              145.63008619000038,
              -17.192485227466452
            ],
            [
              145.6301751900004,
              -17.19280972746643
            ],
            [
              145.63028669000042,
              -17.193005227466443
            ],
            [
              145.63048469000046,
              -17.193121727466437
            ],
            [
              145.63062369000045,
              -17.193176227466473
            ],
            [
              145.6307816900004,
              -17.193245227466473
            ],
            [
              145.63119519000045,
              -17.193552227466455
            ],
            [
              145.63138369000046,
              -17.193735727466496
            ],
            [
              145.63159169000036,
              -17.193983227466497
            ],
            [
              145.63179919000038,
              -17.19415422846646
            ],
            [
              145.6320321900004,
              -17.194302728466496
            ],
            [
              145.6321781900005,
              -17.194456228466507
            ],
            [
              145.6324206900005,
              -17.194767728466505
            ],
            [
              145.63251719000044,
              -17.19507472846648
            ],
            [
              145.63249569000044,
              -17.1952642284665
            ],
            [
              145.63240069000045,
              -17.19566872846649
            ],
            [
              145.63214369000042,
              -17.195921228466474
            ],
            [
              145.6319911900005,
              -17.196078728466464
            ],
            [
              145.63169119000045,
              -17.196164228466465
            ],
            [
              145.63134819000038,
              -17.196202227466443
            ],
            [
              145.63097719000046,
              -17.19613572746643
            ],
            [
              145.63043869000046,
              -17.195878727466454
            ],
            [
              145.63029619000042,
              -17.19574072746645
            ],
            [
              145.63017219000042,
              -17.195592727466433
            ],
            [
              145.6301876900004,
              -17.195390727466428
            ],
            [
              145.6300291900004,
              -17.195097727466433
            ],
            [
              145.62993419000045,
              -17.194969227466416
            ],
            [
              145.6297866900004,
              -17.194883227466462
            ],
            [
              145.62949669000045,
              -17.194855727466415
            ],
            [
              145.6292221900004,
              -17.194844727466432
            ],
            [
              145.6290096900004,
              -17.194793727466443
            ],
            [
              145.6289276900004,
              -17.19464922746641
            ],
            [
              145.62868369000046,
              -17.19461772746643
            ],
            [
              145.6284316900004,
              -17.194620727466415
            ],
            [
              145.62821369000036,
              -17.194615227466436
            ],
            [
              145.62799469000038,
              -17.194589227466388
            ],
            [
              145.62758519000042,
              -17.194634727466433
            ],
            [
              145.62734769000042,
              -17.194579727466397
            ],
            [
              145.62699769000037,
              -17.194703727466425
            ],
            [
              145.62675519000032,
              -17.1947392274664
            ],
            [
              145.62652819000033,
              -17.1948927274664
            ],
            [
              145.6262731900004,
              -17.19500872746641
            ],
            [
              145.6259276900003,
              -17.195289227466432
            ],
            [
              145.6254131900003,
              -17.195477227466426
            ],
            [
              145.62514169000036,
              -17.195384227466423
            ],
            [
              145.62494919000036,
              -17.195384227466423
            ],
            [
              145.62469419000033,
              -17.19528922746644
            ],
            [
              145.62459419000032,
              -17.19516772746639
            ],
            [
              145.6243871900004,
              -17.195055727466382
            ],
            [
              145.62429869000033,
              -17.1948912274664
            ],
            [
              145.62397569000035,
              -17.19473922746638
            ],
            [
              145.62376469000029,
              -17.19467922746636
            ],
            [
              145.62354519000036,
              -17.19462772746637
            ],
            [
              145.6232236900003,
              -17.19442772746635
            ],
            [
              145.62295069100028,
              -17.19405072746639
            ],
            [
              145.62291069100027,
              -17.19380722746637
            ],
            [
              145.62311419100024,
              -17.193437727466343
            ],
            [
              145.62290719100034,
              -17.19346872746637
            ],
            [
              145.62263519100037,
              -17.19353272746638
            ],
            [
              145.62245669100028,
              -17.193490227466363
            ],
            [
              145.62227669100028,
              -17.193377227466367
            ],
            [
              145.62214919100032,
              -17.193167727466317
            ],
            [
              145.62214869100035,
              -17.192932227466347
            ],
            [
              145.62198769100033,
              -17.19281322746635
            ],
            [
              145.62175519100023,
              -17.192889727466333
            ],
            [
              145.62142669100024,
              -17.19277672746634
            ],
            [
              145.62119169100026,
              -17.19279372746634
            ],
            [
              145.6207921910003,
              -17.19296372746632
            ],
            [
              145.62029619100034,
              -17.19313922746633
            ],
            [
              145.61999319100028,
              -17.193371727466314
            ],
            [
              145.6197921910003,
              -17.193561227466347
            ],
            [
              145.61966469100025,
              -17.19377672746632
            ],
            [
              145.6195086910003,
              -17.193838727466343
            ],
            [
              145.6193531910003,
              -17.193680227466356
            ],
            [
              145.61923719100025,
              -17.19349622746635
            ],
            [
              145.61914369100032,
              -17.19343372746633
            ],
            [
              145.61889669100026,
              -17.19341222746633
            ],
            [
              145.61860519100026,
              -17.193651727466367
            ],
            [
              145.6183501910003,
              -17.193748227466354
            ],
            [
              145.61802719100027,
              -17.19369722746637
            ],
            [
              145.61779519100023,
              -17.193592227466347
            ],
            [
              145.61733319100026,
              -17.193402726466385
            ],
            [
              145.61691969100022,
              -17.193207226466377
            ],
            [
              145.61658569100024,
              -17.19300022646638
            ],
            [
              145.61631669100024,
              -17.192878726466354
            ],
            [
              145.6159706910002,
              -17.192844726466387
            ],
            [
              145.61560269100025,
              -17.192762726466363
            ],
            [
              145.6154156910002,
              -17.192623726466383
            ],
            [
              145.6153816910002,
              -17.192476226466354
            ],
            [
              145.61544669100027,
              -17.19237722646637
            ],
            [
              145.61553169100029,
              -17.192297726466407
            ],
            [
              145.61561419100025,
              -17.192062726466368
            ],
            [
              145.61563369100026,
              -17.191932726466344
            ],
            [
              145.6157076910002,
              -17.191759726466383
            ],
            [
              145.61601619100026,
              -17.191473226466357
            ],
            [
              145.61600569100025,
              -17.19132972646638
            ],
            [
              145.6158291910003,
              -17.191326226466334
            ],
            [
              145.6155461910002,
              -17.191516726466382
            ],
            [
              145.6153386910002,
              -17.191575726466336
            ],
            [
              145.6150566910002,
              -17.19158522646638
            ],
            [
              145.61476769100028,
              -17.191539726466385
            ],
            [
              145.61455619100022,
              -17.1914942264664
            ],
            [
              145.61435619100024,
              -17.191581226466415
            ],
            [
              145.6142626910002,
              -17.191714226466424
            ],
            [
              145.61408169100025,
              -17.191686226466384
            ],
            [
              145.61388869100023,
              -17.19183322646642
            ],
            [
              145.61360869100022,
              -17.191915726466444
            ],
            [
              145.61332819100022,
              -17.191892726466456
            ],
            [
              145.6131776910002,
              -17.19183072646644
            ],
            [
              145.6130466910002,
              -17.19181772646643
            ],
            [
              145.6129401910003,
              -17.191837726466428
            ],
            [
              145.61276919100024,
              -17.19195072646644
            ],
            [
              145.61267719100027,
              -17.19207922646646
            ],
            [
              145.61268969100018,
              -17.19224722646644
            ],
            [
              145.6128331910002,
              -17.19246722646645
            ],
            [
              145.61297969100025,
              -17.192589726466412
            ],
            [
              145.6131541910002,
              -17.192770226466465
            ],
            [
              145.61325319100018,
              -17.192998226466475
            ],
            [
              145.61333069100027,
              -17.19329222646646
            ],
            [
              145.6133461910003,
              -17.19349372646647
            ],
            [
              145.6132581910003,
              -17.193616726466445
            ],
            [
              145.6132396910003,
              -17.193769726466464
            ],
            [
              145.61311769100027,
              -17.193879726466477
            ],
            [
              145.61289719100031,
              -17.193959226466447
            ],
            [
              145.6128451910002,
              -17.194130226466473
            ],
            [
              145.61312069100023,
              -17.19424022646648
            ],
            [
              145.6132856910003,
              -17.194322726466442
            ],
            [
              145.61349019100027,
              -17.19452172646645
            ],
            [
              145.61358219100026,
              -17.194793726466447
            ],
            [
              145.61364619100024,
              -17.194958726466485
            ],
            [
              145.61359119100024,
              -17.19517272646646
            ],
            [
              145.6135056910003,
              -17.195411226466486
            ],
            [
              145.61332519100023,
              -17.195829726466478
            ],
            [
              145.61323669100028,
              -17.19592772646651
            ],
            [
              145.6130411910003,
              -17.19598872646647
            ],
            [
              145.61276269100023,
              -17.195939726466495
            ],
            [
              145.61253069100027,
              -17.195970726466534
            ],
            [
              145.61222169100023,
              -17.196049726466523
            ],
            [
              145.6118671910003,
              -17.196230226466533
            ],
            [
              145.61154319100018,
              -17.196370726466533
            ],
            [
              145.61129569100015,
              -17.196459726466546
            ],
            [
              145.61108469100026,
              -17.196557226466602
            ],
            [
              145.61084019100022,
              -17.196768226466602
            ],
            [
              145.61060819100027,
              -17.197017226466606
            ],
            [
              145.6103631910002,
              -17.197177726466602
            ],
            [
              145.61015219100028,
              -17.197245226466617
            ],
            [
              145.60988319100028,
              -17.19724222646662
            ],
            [
              145.60968169100025,
              -17.197116726466632
            ],
            [
              145.60954719100025,
              -17.196930226466595
            ],
            [
              145.60943419100025,
              -17.19663072646659
            ],
            [
              145.60935469100016,
              -17.19638922646658
            ],
            [
              145.6092566910002,
              -17.19620272646658
            ],
            [
              145.60910369100026,
              -17.1958787264666
            ],
            [
              145.6088196910003,
              -17.195444726466533
            ],
            [
              145.6086416910003,
              -17.195201226466516
            ],
            [
              145.60837719100022,
              -17.19485472646652
            ],
            [
              145.60823269100015,
              -17.19479672646655
            ],
            [
              145.60817569100016,
              -17.194584726466513
            ],
            [
              145.60813569100014,
              -17.194324726466544
            ],
            [
              145.60813469100017,
              -17.193901226466526
            ],
            [
              145.60810119100023,
              -17.193459226466487
            ],
            [
              145.6079791920002,
              -17.193156726466515
            ],
            [
              145.6077986920002,
              -17.1928922264665
            ],
            [
              145.6076686920002,
              -17.19251722646647
            ],
            [
              145.6076481920002,
              -17.192068226466457
            ],
            [
              145.60760819200016,
              -17.191923226466486
            ],
            [
              145.60773769200026,
              -17.191746226466478
            ],
            [
              145.60755669200026,
              -17.191160226466476
            ],
            [
              145.60740069200017,
              -17.190931726466484
            ],
            [
              145.60748419200013,
              -17.19077172646649
            ],
            [
              145.6074251920002,
              -17.19071922646645
            ],
            [
              145.6073721920002,
              -17.19077922646648
            ],
            [
              145.6071911920002,
              -17.190929726466486
            ],
            [
              145.60718169200015,
              -17.191154726466486
            ],
            [
              145.60736119200024,
              -17.191374226466454
            ],
            [
              145.6074831920002,
              -17.19156222646648
            ],
            [
              145.60752519200014,
              -17.191760726466505
            ],
            [
              145.6075051920002,
              -17.19188922646646
            ],
            [
              145.60732269200014,
              -17.191921726466486
            ],
            [
              145.60725569200022,
              -17.192009226466492
            ],
            [
              145.60707869200021,
              -17.192108226466463
            ],
            [
              145.60696069200017,
              -17.192233726466487
            ],
            [
              145.60688919200018,
              -17.19244522646646
            ],
            [
              145.60693219200022,
              -17.192760726466464
            ],
            [
              145.60680619200016,
              -17.19298772646646
            ],
            [
              145.6064056920002,
              -17.19323022646646
            ],
            [
              145.60622519200015,
              -17.193159726466465
            ],
            [
              145.6061581920002,
              -17.193279726466443
            ],
            [
              145.60599669200022,
              -17.193264726466417
            ],
            [
              145.6057746920002,
              -17.193095726466446
            ],
            [
              145.60557019200022,
              -17.193098726466435
            ],
            [
              145.60521669200025,
              -17.192911726466445
            ],
            [
              145.60512469200026,
              -17.192838226466453
            ],
            [
              145.6051331920002,
              -17.192611226466404
            ],
            [
              145.60501719200025,
              -17.192554226466434
            ],
            [
              145.60484219200023,
              -17.192342726466457
            ],
            [
              145.60474269200017,
              -17.192294726466407
            ],
            [
              145.60481169200025,
              -17.19275572646643
            ],
            [
              145.6048951920002,
              -17.192856726466406
            ],
            [
              145.6048636920002,
              -17.193058726466404
            ],
            [
              145.60477069200024,
              -17.193160726466427
            ],
            [
              145.60507319200022,
              -17.19322422646646
            ],
            [
              145.60546969200018,
              -17.19344472646641
            ],
            [
              145.6056611920002,
              -17.193385726466445
            ],
            [
              145.60614969200017,
              -17.193624726466414
            ],
            [
              145.60636619200025,
              -17.193709226466442
            ],
            [
              145.60658269200022,
              -17.19371772646648
            ],
            [
              145.6067921920002,
              -17.19386722646645
            ],
            [
              145.60689169200023,
              -17.194168226466495
            ],
            [
              145.6068841920002,
              -17.19445822646643
            ],
            [
              145.60682919100023,
              -17.194660726466438
            ],
            [
              145.6067041910002,
              -17.19484422646648
            ],
            [
              145.6065461910003,
              -17.194980226466473
            ],
            [
              145.60634769100025,
              -17.19509372646647
            ],
            [
              145.6061861910003,
              -17.195127226466425
            ],
            [
              145.6058996920002,
              -17.19514522646643
            ],
            [
              145.60560969200017,
              -17.195138226466447
            ],
            [
              145.60537819200025,
              -17.19516022646644
            ],
            [
              145.6050511920002,
              -17.195218726466397
            ],
            [
              145.60477219200018,
              -17.195292226466435
            ],
            [
              145.60450769200023,
              -17.195413726466402
            ],
            [
              145.60432019200016,
              -17.19560472646636
            ],
            [
              145.6040336920002,
              -17.195832226466408
            ],
            [
              145.60366619200025,
              -17.196133726466375
            ],
            [
              145.60350069200013,
              -17.19628772646637
            ],
            [
              145.60340169200018,
              -17.196497226466352
            ],
            [
              145.60332069200012,
              -17.196710226466376
            ],
            [
              145.6032401920002,
              -17.19680972646635
            ],
            [
              145.60315569200023,
              -17.1968902264663
            ],
            [
              145.60303419200025,
              -17.196974726466316
            ],
            [
              145.60287669200025,
              -17.19702272646631
            ],
            [
              145.60294519200025,
              -17.197074226466345
            ],
            [
              145.6030921920002,
              -17.197161226466363
            ],
            [
              145.60322519200025,
              -17.19729422646631
            ],
            [
              145.60337219100023,
              -17.19762872646632
            ],
            [
              145.60354119100026,
              -17.1977902264663
            ],
            [
              145.60370269100022,
              -17.197863726466355
            ],
            [
              145.6037716910002,
              -17.19796072646634
            ],
            [
              145.60387169100025,
              -17.198032226466324
            ],
            [
              145.60385619100023,
              -17.198464226466314
            ],
            [
              145.6037606910002,
              -17.198802226466302
            ],
            [
              145.60355619100022,
              -17.19912772646633
            ],
            [
              145.60336119100023,
              -17.199336726466296
            ],
            [
              145.60304919100025,
              -17.19954272646627
            ],
            [
              145.6027846910002,
              -17.199671226466275
            ],
            [
              145.60256719100016,
              -17.199735226466277
            ],
            [
              145.60212669100025,
              -17.199785725466256
            ],
            [
              145.60237369100017,
              -17.199898725466262
            ],
            [
              145.60260869100026,
              -17.19996722646625
            ],
            [
              145.60250769100014,
              -17.200157726466273
            ],
            [
              145.6029666910003,
              -17.200551726466262
            ],
            [
              145.6033986910002,
              -17.201048226466273
            ],
            [
              145.60359019100022,
              -17.20136022646629
            ],
            [
              145.60400769100022,
              -17.201980226466333
            ],
            [
              145.60421769100017,
              -17.202415226466314
            ],
            [
              145.60442119100017,
              -17.202619226466318
            ],
            [
              145.6046016910002,
              -17.202885226466332
            ],
            [
              145.60478319100014,
              -17.203051726466327
            ],
            [
              145.60463169100012,
              -17.203310726466338
            ],
            [
              145.6043906910002,
              -17.203701726466303
            ],
            [
              145.60425919100018,
              -17.20404772646626
            ],
            [
              145.60414269100022,
              -17.2042772264663
            ],
            [
              145.60396219100016,
              -17.204528726466283
            ],
            [
              145.60384219100015,
              -17.204683226466265
            ],
            [
              145.6037291910002,
              -17.204750726466266
            ],
            [
              145.60358269100018,
              -17.204799726466245
            ],
            [
              145.60341369100016,
              -17.2048147264662
            ],
            [
              145.60320769100022,
              -17.204721726466182
            ],
            [
              145.6029966910002,
              -17.204503726466218
            ],
            [
              145.6029171910002,
              -17.204325726466216
            ],
            [
              145.6028296910001,
              -17.204209226466215
            ],
            [
              145.6026696910002,
              -17.20407122646617
            ],
            [
              145.60248119100012,
              -17.20384172646617
            ],
            [
              145.6023086910002,
              -17.203758726466194
            ],
            [
              145.60226219100016,
              -17.20363222646619
            ],
            [
              145.60211169100023,
              -17.203571226466153
            ],
            [
              145.60190819100026,
              -17.203356225466184
            ],
            [
              145.6016266910002,
              -17.20331222546617
            ],
            [
              145.60141319100026,
              -17.202992225466126
            ],
            [
              145.60124369100015,
              -17.20295422546615
            ],
            [
              145.60124769100014,
              -17.202705225466172
            ],
            [
              145.60112769100022,
              -17.20258122546614
            ],
            [
              145.60103819100019,
              -17.202454225466116
            ],
            [
              145.60092769100015,
              -17.202619225466147
            ],
            [
              145.6010926910002,
              -17.2030392254661
            ],
            [
              145.60128869100015,
              -17.203344225466125
            ],
            [
              145.60138969100015,
              -17.20356222546615
            ],
            [
              145.60150869100016,
              -17.203639225466127
            ],
            [
              145.60174669100013,
              -17.203678225466156
            ],
            [
              145.60186669100017,
              -17.203755225466136
            ],
            [
              145.60180519100015,
              -17.20394772546615
            ],
            [
              145.60191019100023,
              -17.20413322546614
            ],
            [
              145.60200869100012,
              -17.204383726466123
            ],
            [
              145.60203769100016,
              -17.204689226466144
            ],
            [
              145.60199569100018,
              -17.205074226466127
            ],
            [
              145.60185019100015,
              -17.20541072646611
            ],
            [
              145.6017101910002,
              -17.20570772546611
            ],
            [
              145.60157669100025,
              -17.205901225466114
            ],
            [
              145.60136819100026,
              -17.2060142254661
            ],
            [
              145.60114219100026,
              -17.206091725466063
            ],
            [
              145.6009401910002,
              -17.206136225466064
            ],
            [
              145.60108269100024,
              -17.20628522546608
            ],
            [
              145.60135069100025,
              -17.20631172546609
            ],
            [
              145.60157969100024,
              -17.20643972546606
            ],
            [
              145.60175519100022,
              -17.20668372646606
            ],
            [
              145.60183219100023,
              -17.2069602264661
            ],
            [
              145.60188269100018,
              -17.207248726466112
            ],
            [
              145.60196919100025,
              -17.20746572646608
            ],
            [
              145.60223669100023,
              -17.207680226466113
            ],
            [
              145.6023946910003,
              -17.207953726466105
            ],
            [
              145.60249269100026,
              -17.20826322646611
            ],
            [
              145.60255219100029,
              -17.208605226466098
            ],
            [
              145.60257319100026,
              -17.209078226466094
            ],
            [
              145.60252819100026,
              -17.20948572646608
            ],
            [
              145.60239169100032,
              -17.209777226466073
            ],
            [
              145.60232019100033,
              -17.209940726466048
            ],
            [
              145.60219219100028,
              -17.210027226466046
            ],
            [
              145.60204669100028,
              -17.209937726466038
            ],
            [
              145.6019006910003,
              -17.209928726466057
            ],
            [
              145.6018146910003,
              -17.210071726466026
            ],
            [
              145.60178169100027,
              -17.210259226466015
            ],
            [
              145.60178769100028,
              -17.210416726466
            ],
            [
              145.6016361910003,
              -17.210613226466016
            ],
            [
              145.6014636910003,
              -17.21069022646599
            ],
            [
              145.60126419100033,
              -17.21076472646602
            ],
            [
              145.60111269100028,
              -17.210803225465988
            ],
            [
              145.60093369100028,
              -17.210785225465965
            ],
            [
              145.60073169100036,
              -17.21071072546598
            ],
            [
              145.6006096910003,
              -17.21059472546598
            ],
            [
              145.6004696910003,
              -17.210472725466012
            ],
            [
              145.60023519100025,
              -17.210199725465948
            ],
            [
              145.60018469100032,
              -17.210057225465963
            ],
            [
              145.6000771910003,
              -17.20991672546598
            ],
            [
              145.59997869100027,
              -17.209862725465946
            ],
            [
              145.60003869100024,
              -17.209649225465977
            ],
            [
              145.59975319100033,
              -17.209753725465994
            ],
            [
              145.59960119100026,
              -17.20974422546595
            ],
            [
              145.59945569100034,
              -17.209664225465982
            ],
            [
              145.59930719100032,
              -17.209524725465933
            ],
            [
              145.59917019100033,
              -17.20943222546593
            ],
            [
              145.59911969100025,
              -17.209283225465967
            ],
            [
              145.5989021910003,
              -17.20936072546593
            ],
            [
              145.5989796910003,
              -17.209598725465963
            ],
            [
              145.59920569100026,
              -17.209872225465958
            ],
            [
              145.59934569100028,
              -17.210104225465933
            ],
            [
              145.59939919100034,
              -17.210378225465927
            ],
            [
              145.59939919100037,
              -17.21066672546594
            ],
            [
              145.59936069100024,
              -17.210830225465923
            ],
            [
              145.59928619100026,
              -17.211047225465936
            ],
            [
              145.59919969100036,
              -17.211184225465942
            ],
            [
              145.59910469100035,
              -17.21129722546593
            ],
            [
              145.59895569100027,
              -17.211383225465934
            ],
            [
              145.59881919100033,
              -17.211445725465943
            ],
            [
              145.5986671910004,
              -17.211403725465935
            ],
            [
              145.5985396910003,
              -17.21140722546593
            ],
            [
              145.5984021910004,
              -17.211394725465954
            ],
            [
              145.5983996910003,
              -17.211513725465938
            ],
            [
              145.59855119100033,
              -17.21157972546594
            ],
            [
              145.59846519100034,
              -17.211805725465943
            ],
            [
              145.59826869100033,
              -17.21194772546591
            ],
            [
              145.59846219100038,
              -17.211936725465947
            ],
            [
              145.5986971910003,
              -17.211865225465907
            ],
            [
              145.59890219100035,
              -17.211871225465952
            ],
            [
              145.59914919100032,
              -17.211993225465935
            ],
            [
              145.5992531910004,
              -17.212070725465964
            ],
            [
              145.5993246910004,
              -17.212156725465917
            ],
            [
              145.59951219100031,
              -17.212189725465947
            ],
            [
              145.5995836910003,
              -17.212362225465967
            ],
            [
              145.5996041910003,
              -17.21248422546594
            ],
            [
              145.59956869100034,
              -17.212680225465967
            ],
            [
              145.59944619100037,
              -17.21279572546596
            ],
            [
              145.59924419100034,
              -17.212884725465955
            ],
            [
              145.59906019100035,
              -17.212995725465955
            ],
            [
              145.59894119100042,
              -17.21314122546592
            ],
            [
              145.59885469100035,
              -17.213227725465938
            ],
            [
              145.59865869100042,
              -17.213299225465924
            ],
            [
              145.59847119100036,
              -17.213290225465933
            ],
            [
              145.5982596910004,
              -17.213218725465946
            ],
            [
              145.5980666910004,
              -17.213165225465914
            ],
            [
              145.59783419100035,
              -17.21303972546594
            ],
            [
              145.5976976910004,
              -17.213051225465907
            ],
            [
              145.5977986910004,
              -17.2133697254659
            ],
            [
              145.59796819100038,
              -17.213560225465944
            ],
            [
              145.5980216910004,
              -17.213741225465927
            ],
            [
              145.59792969100045,
              -17.21404472546591
            ],
            [
              145.59798019100037,
              -17.214175725465918
            ],
            [
              145.59792369100043,
              -17.21442022546593
            ],
            [
              145.5977751910004,
              -17.214655225465908
            ],
            [
              145.59764119100043,
              -17.21481922546595
            ],
            [
              145.59750719100046,
              -17.214914225465932
            ],
            [
              145.5973496910004,
              -17.214987725465914
            ],
            [
              145.59748069100044,
              -17.215149225465908
            ],
            [
              145.59743019100043,
              -17.215333725465896
            ],
            [
              145.59741819100043,
              -17.21553272546591
            ],
            [
              145.59734369100045,
              -17.215735225465906
            ],
            [
              145.5972306900004,
              -17.215970225465945
            ],
            [
              145.5970226900004,
              -17.21623472546596
            ],
            [
              145.59692419000046,
              -17.21632722546596
            ],
            [
              145.59676969000046,
              -17.21637172546596
            ],
            [
              145.59660619100046,
              -17.216333225465938
            ],
            [
              145.59646319100045,
              -17.216240725465944
            ],
            [
              145.59616569100035,
              -17.21596722546596
            ],
            [
              145.59603769100045,
              -17.21570272546595
            ],
            [
              145.5958326910004,
              -17.215738225465913
            ],
            [
              145.5959041910004,
              -17.21597922546593
            ],
            [
              145.5960676910004,
              -17.21627972546597
            ],
            [
              145.59616869100049,
              -17.21654722546591
            ],
            [
              145.59624019000046,
              -17.216852725465937
            ],
            [
              145.59624319000048,
              -17.217045725465965
            ],
            [
              145.59618369000046,
              -17.217148225465937
            ],
            [
              145.59603169000036,
              -17.21718972546595
            ],
            [
              145.59571069000043,
              -17.217237225465954
            ],
            [
              145.59454169100042,
              -17.21697872546599
            ],
            [
              145.5941906910005,
              -17.216889225465977
            ],
            [
              145.5939616910005,
              -17.216719725465943
            ],
            [
              145.59369669100047,
              -17.216553225465965
            ],
            [
              145.5934706910005,
              -17.216392725465962
            ],
            [
              145.5933401910004,
              -17.216264725465944
            ],
            [
              145.5930516910004,
              -17.216068225465925
            ],
            [
              145.5928966910004,
              -17.215907725465936
            ],
            [
              145.5926916910004,
              -17.21572922546593
            ],
            [
              145.59252819100038,
              -17.21552322546594
            ],
            [
              145.59236419100046,
              -17.215107725465902
            ],
            [
              145.5923136910004,
              -17.2148577254659
            ],
            [
              145.59250419100042,
              -17.214355225465926
            ],
            [
              145.59264969100036,
              -17.21410822546592
            ],
            [
              145.59287869100032,
              -17.213855225465934
            ],
            [
              145.59335169100035,
              -17.21345972546591
            ],
            [
              145.5936881910004,
              -17.2132367254659
            ],
            [
              145.5939911910004,
              -17.21316222546591
            ],
            [
              145.5942711910004,
              -17.213174225465945
            ],
            [
              145.59451219100035,
              -17.21315922546592
            ],
            [
              145.5947646910003,
              -17.213066225465923
            ],
            [
              145.5948986910003,
              -17.21283422546588
            ],
            [
              145.59453569100032,
              -17.2129422254659
            ],
            [
              145.59424119100035,
              -17.212954225465925
            ],
            [
              145.5937326910003,
              -17.212903725465942
            ],
            [
              145.59334869100036,
              -17.212957225465928
            ],
            [
              145.5928971910003,
              -17.21304572546593
            ],
            [
              145.59235269100037,
              -17.212989225465904
            ],
            [
              145.59238819100034,
              -17.21270072546595
            ],
            [
              145.59231369100036,
              -17.212370225465943
            ],
            [
              145.59218019100032,
              -17.21225422546595
            ],
            [
              145.59213269100036,
              -17.212043225465916
            ],
            [
              145.59208169100037,
              -17.21171372546594
            ],
            [
              145.59210569100028,
              -17.211383225465934
            ],
            [
              145.5921496910003,
              -17.21099422546594
            ],
            [
              145.5922621910003,
              -17.210792225465934
            ],
            [
              145.59238219100033,
              -17.21055622546591
            ],
            [
              145.59259269100028,
              -17.210410225465925
            ],
            [
              145.59277769100024,
              -17.21018222546593
            ],
            [
              145.59302769100032,
              -17.21002872546591
            ],
            [
              145.59322719100032,
              -17.209889725465917
            ],
            [
              145.59332669100024,
              -17.209761725465903
            ],
            [
              145.5935906910003,
              -17.209565225465877
            ],
            [
              145.59370119100026,
              -17.2096472254659
            ],
            [
              145.59381319100032,
              -17.209720225465887
            ],
            [
              145.5939026910003,
              -17.209717725465882
            ],
            [
              145.5941996910003,
              -17.20950922546589
            ],
            [
              145.5943661910003,
              -17.209485225465897
            ],
            [
              145.59447619100024,
              -17.2093482254659
            ],
            [
              145.59453419100032,
              -17.20898922546588
            ],
            [
              145.5944246910003,
              -17.20894322546589
            ],
            [
              145.59421469100025,
              -17.209110225465878
            ],
            [
              145.59410419100027,
              -17.209353225465893
            ],
            [
              145.59395919100027,
              -17.209471225465872
            ],
            [
              145.59378619100025,
              -17.20949122546589
            ],
            [
              145.5936411910003,
              -17.209362225465867
            ],
            [
              145.59353369100032,
              -17.20940522546588
            ],
            [
              145.59326969100027,
              -17.20957272546593
            ],
            [
              145.59316269100026,
              -17.2096047254659
            ],
            [
              145.59305619100033,
              -17.209483225465924
            ],
            [
              145.59299519100034,
              -17.209708225465928
            ],
            [
              145.59282769100028,
              -17.209825725465926
            ],
            [
              145.59256069100024,
              -17.209911225465934
            ],
            [
              145.59244469100034,
              -17.210011725465918
            ],
            [
              145.59220419100032,
              -17.210050225465938
            ],
            [
              145.59200769100028,
              -17.21014272546594
            ],
            [
              145.59183319100035,
              -17.21026422546592
            ],
            [
              145.59164419100037,
              -17.21036022546597
            ],
            [
              145.59138519100034,
              -17.21044672546592
            ],
            [
              145.59114969100034,
              -17.210450225465976
            ],
            [
              145.59095269100033,
              -17.210346225465965
            ],
            [
              145.59071369100025,
              -17.210246225465998
            ],
            [
              145.59052119100036,
              -17.21020722546599
            ],
            [
              145.59069619100038,
              -17.21063522546598
            ],
            [
              145.5907671910003,
              -17.21087022546594
            ],
            [
              145.59080719100035,
              -17.211300225465934
            ],
            [
              145.59080019100037,
              -17.211731725465985
            ],
            [
              145.59078319100027,
              -17.212119225465965
            ],
            [
              145.5906986910003,
              -17.212450725465928
            ],
            [
              145.5907176910003,
              -17.212748725465968
            ],
            [
              145.59066019100038,
              -17.213219225465977
            ],
            [
              145.59061069100036,
              -17.21349372546596
            ],
            [
              145.5904891910004,
              -17.213836225465954
            ],
            [
              145.5904431910004,
              -17.21404272546594
            ],
            [
              145.5903001910004,
              -17.214211225465966
            ],
            [
              145.59040169100035,
              -17.214386725465914
            ],
            [
              145.59035369100033,
              -17.214645225465947
            ],
            [
              145.59022919100036,
              -17.21483422546593
            ],
            [
              145.58996519100037,
              -17.214998225465962
            ],
            [
              145.5897291910004,
              -17.214949225465922
            ],
            [
              145.5892596910004,
              -17.214916225465956
            ],
            [
              145.58893169100043,
              -17.21494472546595
            ],
            [
              145.5886531910004,
              -17.214926725465933
            ],
            [
              145.58837869100043,
              -17.214784225465966
            ],
            [
              145.58807969100042,
              -17.21451322546597
            ],
            [
              145.58783019100042,
              -17.214502725466012
            ],
            [
              145.58770869100042,
              -17.214381725465987
            ],
            [
              145.58754119100035,
              -17.214224725465986
            ],
            [
              145.58740919100046,
              -17.214003725465986
            ],
            [
              145.5873861910004,
              -17.213836225466018
            ],
            [
              145.58752169100043,
              -17.213650725466024
            ],
            [
              145.58765169100033,
              -17.213526225465994
            ],
            [
              145.58781219100035,
              -17.21336222546601
            ],
            [
              145.5879446910004,
              -17.21317922546602
            ],
            [
              145.58781569100037,
              -17.212962725466003
            ],
            [
              145.58784369100036,
              -17.21259622546603
            ],
            [
              145.58764419100044,
              -17.212646725466016
            ],
            [
              145.58748769100038,
              -17.21269522546601
            ],
            [
              145.58721319100036,
              -17.212712225466046
            ],
            [
              145.5867961910004,
              -17.212923725466034
            ],
            [
              145.58652869100032,
              -17.212905724466033
            ],
            [
              145.58633619100038,
              -17.212777224466095
            ],
            [
              145.58615469100036,
              -17.212670224466077
            ],
            [
              145.58590469100045,
              -17.2126207244661
            ],
            [
              145.5857121910004,
              -17.212534724466103
            ],
            [
              145.58566269200034,
              -17.21230672446612
            ],
            [
              145.58574469200033,
              -17.212146224466128
            ],
            [
              145.58572319200033,
              -17.211928724466112
            ],
            [
              145.58558069200038,
              -17.2117792244661
            ],
            [
              145.5855806920004,
              -17.211608224466143
            ],
            [
              145.58568369200037,
              -17.21139422446612
            ],
            [
              145.58568769200036,
              -17.211269224466157
            ],
            [
              145.5855946920003,
              -17.211134224466157
            ],
            [
              145.5854416920003,
              -17.211087724466168
            ],
            [
              145.58529169200034,
              -17.21114822446614
            ],
            [
              145.58519219200028,
              -17.211269224466182
            ],
            [
              145.58504219200034,
              -17.211469224466185
            ],
            [
              145.58487819200028,
              -17.211593724466148
            ],
            [
              145.5846466920004,
              -17.21172222446618
            ],
            [
              145.58446819200034,
              -17.21173622446621
            ],
            [
              145.58422569200033,
              -17.211658224466188
            ],
            [
              145.58400619200034,
              -17.211496224466224
            ],
            [
              145.58384569200038,
              -17.21130372446622
            ],
            [
              145.5838301920003,
              -17.211105224466216
            ],
            [
              145.58379119200032,
              -17.210955724466253
            ],
            [
              145.5835701920003,
              -17.211073224466247
            ],
            [
              145.58336869200028,
              -17.211130724466283
            ],
            [
              145.58321469200035,
              -17.211034224466257
            ],
            [
              145.5831231920003,
              -17.210874224466277
            ],
            [
              145.5828706920003,
              -17.21077622446631
            ],
            [
              145.5828061920003,
              -17.210609724466295
            ],
            [
              145.58257719200031,
              -17.21056522446635
            ],
            [
              145.58249419200033,
              -17.210332224466338
            ],
            [
              145.58227119200038,
              -17.21025822446638
            ],
            [
              145.58215669200027,
              -17.210356724466354
            ],
            [
              145.5818581920003,
              -17.21035872446636
            ],
            [
              145.58151619200038,
              -17.210239224466413
            ],
            [
              145.58119669200033,
              -17.21011072446642
            ],
            [
              145.58108869200032,
              -17.209958224466494
            ],
            [
              145.58116919200035,
              -17.209785724466467
            ],
            [
              145.58074369200034,
              -17.209628224466506
            ],
            [
              145.58066619200036,
              -17.209515724466517
            ],
            [
              145.58082969200032,
              -17.20909172446652
            ],
            [
              145.58110119200038,
              -17.208871224466503
            ],
            [
              145.58135069200034,
              -17.20876522446653
            ],
            [
              145.58166019200033,
              -17.20890822446648
            ],
            [
              145.58163069200035,
              -17.208652724466507
            ],
            [
              145.58177869200028,
              -17.2084782244665
            ],
            [
              145.5822666920003,
              -17.20825372446648
            ],
            [
              145.58251069200023,
              -17.208283724466426
            ],
            [
              145.5826621920003,
              -17.208459224466417
            ],
            [
              145.58295269200025,
              -17.20829072446638
            ],
            [
              145.58329269200036,
              -17.20834572446639
            ],
            [
              145.58367469200027,
              -17.208456224466357
            ],
            [
              145.58391969200036,
              -17.208674724466352
            ],
            [
              145.58417969200025,
              -17.20866372446631
            ],
            [
              145.5844886920003,
              -17.208674724466313
            ],
            [
              145.58469219200023,
              -17.20857522446627
            ],
            [
              145.5848001920003,
              -17.20841622446628
            ],
            [
              145.5848311920002,
              -17.207895724466294
            ],
            [
              145.58500469200033,
              -17.2076907244663
            ],
            [
              145.5853166920003,
              -17.207692724466266
            ],
            [
              145.5855216920002,
              -17.20775272446628
            ],
            [
              145.58582419200022,
              -17.20810222446622
            ],
            [
              145.58591619200018,
              -17.207718724466222
            ],
            [
              145.58610669200024,
              -17.207612224466203
            ],
            [
              145.5863896920002,
              -17.207614224466184
            ],
            [
              145.5865366920003,
              -17.20776522446619
            ],
            [
              145.58668069200027,
              -17.20806072446616
            ],
            [
              145.5868291920003,
              -17.20811122446619
            ],
            [
              145.58681569200027,
              -17.207872724466178
            ],
            [
              145.58687769200026,
              -17.207620724466192
            ],
            [
              145.58697669200032,
              -17.207488224466175
            ],
            [
              145.58718369200022,
              -17.20742622446615
            ],
            [
              145.58737769200022,
              -17.207424225466134
            ],
            [
              145.5876011920003,
              -17.207517225466116
            ],
            [
              145.58789869200024,
              -17.207527725466136
            ],
            [
              145.5880721920002,
              -17.20761422546612
            ],
            [
              145.58815019200026,
              -17.2079327254661
            ],
            [
              145.58826619200033,
              -17.208009725466077
            ],
            [
              145.5882471920002,
              -17.20776772546607
            ],
            [
              145.58829769200025,
              -17.207610225466073
            ],
            [
              145.58855169200015,
              -17.207602725466078
            ],
            [
              145.58876869200023,
              -17.20789672546606
            ],
            [
              145.58877169200022,
              -17.207620225466076
            ],
            [
              145.58848569200023,
              -17.207358225466077
            ],
            [
              145.5882726920002,
              -17.207221725466095
            ],
            [
              145.58814269200025,
              -17.2070892254661
            ],
            [
              145.58815069200026,
              -17.206859725466114
            ],
            [
              145.58857819200028,
              -17.206757725466115
            ],
            [
              145.58876469200024,
              -17.20688072546608
            ],
            [
              145.5890581920002,
              -17.206890725466042
            ],
            [
              145.58950269200025,
              -17.20686622546603
            ],
            [
              145.58966969200023,
              -17.20695722546601
            ],
            [
              145.5896996920002,
              -17.20681122546604
            ],
            [
              145.58985419200025,
              -17.206736725466044
            ],
            [
              145.58960419200017,
              -17.206623725466066
            ],
            [
              145.58920519200018,
              -17.206607725466064
            ],
            [
              145.58893619200026,
              -17.206479725466068
            ],
            [
              145.58865519200018,
              -17.206201725466105
            ],
            [
              145.5884626920003,
              -17.206063725466123
            ],
            [
              145.58822669200018,
              -17.20592622546615
            ],
            [
              145.5880151920002,
              -17.205661225466155
            ],
            [
              145.58789619200016,
              -17.205766225466178
            ],
            [
              145.58770169200028,
              -17.205972725466175
            ],
            [
              145.58758469200023,
              -17.20612422546614
            ],
            [
              145.58744219200014,
              -17.2061062254662
            ],
            [
              145.5873351920002,
              -17.206003724466186
            ],
            [
              145.5871786920002,
              -17.205733724466207
            ],
            [
              145.58708569200022,
              -17.205914224466202
            ],
            [
              145.58704969200022,
              -17.206189724466192
            ],
            [
              145.58696019200028,
              -17.206377224466163
            ],
            [
              145.58681169200025,
              -17.206391724466194
            ],
            [
              145.58665019200026,
              -17.20631872446623
            ],
            [
              145.58636769200024,
              -17.20621022446624
            ],
            [
              145.5862101920002,
              -17.206094724466254
            ],
            [
              145.58612069200015,
              -17.205771724466295
            ],
            [
              145.58634769200026,
              -17.205487724466263
            ],
            [
              145.58609719200015,
              -17.205461724466286
            ],
            [
              145.5859891920002,
              -17.20532372446631
            ],
            [
              145.5859481920002,
              -17.2051707244663
            ],
            [
              145.58613219200018,
              -17.20495222446628
            ],
            [
              145.58636719200015,
              -17.204825724466303
            ],
            [
              145.58658819200016,
              -17.204807224466276
            ],
            [
              145.58661819200023,
              -17.204655224466258
            ],
            [
              145.5867881920002,
              -17.204505724466227
            ],
            [
              145.5870251920002,
              -17.20435122446627
            ],
            [
              145.5872716920002,
              -17.20424572446624
            ],
            [
              145.58728319200023,
              -17.20409122446622
            ],
            [
              145.5872071920002,
              -17.20385672446626
            ],
            [
              145.58726719200016,
              -17.203525224466254
            ],
            [
              145.58750669200018,
              -17.20330422446623
            ],
            [
              145.5878496920002,
              -17.203119725466212
            ],
            [
              145.58816269200022,
              -17.20293122546623
            ],
            [
              145.58853969200018,
              -17.202724725466155
            ],
            [
              145.5888876920002,
              -17.202493725466162
            ],
            [
              145.58918819200017,
              -17.202635225466118
            ],
            [
              145.58935269200015,
              -17.202516725466136
            ],
            [
              145.5895596920002,
              -17.202457225466162
            ],
            [
              145.58975519200027,
              -17.20250322546614
            ],
            [
              145.59001069200022,
              -17.202696225466095
            ],
            [
              145.59020669200018,
              -17.202866725466105
            ],
            [
              145.59034169200018,
              -17.20301422546606
            ],
            [
              145.59042919200024,
              -17.203032725466073
            ],
            [
              145.59042819200022,
              -17.20288172546606
            ],
            [
              145.59033019200015,
              -17.202610225466074
            ],
            [
              145.59028969200017,
              -17.202394225466122
            ],
            [
              145.5903386920002,
              -17.202168725466127
            ],
            [
              145.5904481920002,
              -17.201961225466142
            ],
            [
              145.59121019200018,
              -17.201415725466084
            ],
            [
              145.59153069200025,
              -17.201204725466106
            ],
            [
              145.59185569200022,
              -17.201281225466065
            ],
            [
              145.59202469200025,
              -17.20119372546607
            ],
            [
              145.59218169200017,
              -17.201044725466097
            ],
            [
              145.5921071920002,
              -17.200949725466117
            ],
            [
              145.59204369200015,
              -17.200896725466084
            ],
            [
              145.59186919200022,
              -17.20097472546612
            ],
            [
              145.59178119200024,
              -17.201063725466117
            ],
            [
              145.5915796920002,
              -17.20098972546609
            ],
            [
              145.59139469200025,
              -17.200970725466142
            ],
            [
              145.59117519200018,
              -17.201048225466124
            ],
            [
              145.59096819200025,
              -17.20124322546614
            ],
            [
              145.59077719200013,
              -17.20117422546615
            ],
            [
              145.59058569200025,
              -17.201264225466154
            ],
            [
              145.59041569200022,
              -17.20115572546616
            ],
            [
              145.5901711920002,
              -17.200927725466173
            ],
            [
              145.59000469200024,
              -17.200729725466175
            ],
            [
              145.58984319200022,
              -17.200515225466177
            ],
            [
              145.5896821920002,
              -17.200193225466204
            ],
            [
              145.58947269200021,
              -17.200003725466246
            ],
            [
              145.58953319200023,
              -17.200290725466186
            ],
            [
              145.58965069200022,
              -17.200533725466183
            ],
            [
              145.58984219200025,
              -17.200831725466156
            ],
            [
              145.58994169200014,
              -17.201111225466178
            ],
            [
              145.58991569200023,
              -17.201295225466158
            ],
            [
              145.58979069200018,
              -17.201405725466167
            ],
            [
              145.58955519200015,
              -17.201505225466153
            ],
            [
              145.58921669200018,
              -17.201438725466158
            ],
            [
              145.58898119200023,
              -17.2014497254662
            ],
            [
              145.58873369200026,
              -17.201455225466205
            ],
            [
              145.58852669200022,
              -17.20144472546624
            ],
            [
              145.5883321920002,
              -17.20137122546621
            ],
            [
              145.58831519200024,
              -17.20159522546621
            ],
            [
              145.58822219200025,
              -17.2017542254662
            ],
            [
              145.5879841920002,
              -17.20191722546625
            ],
            [
              145.58771519200013,
              -17.20204922446623
            ],
            [
              145.58741819200026,
              -17.202145724466277
            ],
            [
              145.5871346920002,
              -17.202164724466247
            ],
            [
              145.58697319200022,
              -17.202127224466295
            ],
            [
              145.58689369200025,
              -17.201879224466314
            ],
            [
              145.58685369200026,
              -17.201496724466313
            ],
            [
              145.5868401920002,
              -17.2011897244663
            ],
            [
              145.5868851920002,
              -17.200841224466338
            ],
            [
              145.5868676920002,
              -17.200606224466302
            ],
            [
              145.5869146920002,
              -17.200469724466316
            ],
            [
              145.58688869200023,
              -17.20031072446632
            ],
            [
              145.5867951920002,
              -17.20021572446634
            ],
            [
              145.58668619200026,
              -17.200122224466348
            ],
            [
              145.58676169200024,
              -17.199863224466327
            ],
            [
              145.58656869200016,
              -17.19989922446635
            ],
            [
              145.58648769200025,
              -17.199973724466343
            ],
            [
              145.58647869200016,
              -17.200080724466357
            ],
            [
              145.58639569200028,
              -17.200156724466332
            ],
            [
              145.58631269200026,
              -17.200056724466368
            ],
            [
              145.58610719200024,
              -17.20000022446635
            ],
            [
              145.58615719200023,
              -17.200179224466346
            ],
            [
              145.5862956920002,
              -17.200297224466333
            ],
            [
              145.5863251920003,
              -17.200449224466336
            ],
            [
              145.58625569200012,
              -17.200639224466364
            ],
            [
              145.58605219200018,
              -17.20134472446634
            ],
            [
              145.58597219200024,
              -17.201655724466367
            ],
            [
              145.58583569200022,
              -17.201873224466322
            ],
            [
              145.5856941920003,
              -17.202030724466344
            ],
            [
              145.5854556920002,
              -17.20195722446637
            ],
            [
              145.58529519200025,
              -17.2019722244664
            ],
            [
              145.58546519200016,
              -17.202240224466383
            ],
            [
              145.58548419200025,
              -17.202433724466346
            ],
            [
              145.58540869200024,
              -17.202723724466356
            ],
            [
              145.58521869200018,
              -17.202877724466376
            ],
            [
              145.58496469200023,
              -17.202993724466392
            ],
            [
              145.58484369200016,
              -17.20308872446638
            ],
            [
              145.5847036920002,
              -17.20330622446641
            ],
            [
              145.58464669200023,
              -17.203543224466443
            ],
            [
              145.5846481920002,
              -17.203716224466405
            ],
            [
              145.58454969200022,
              -17.203864724466424
            ],
            [
              145.5844531920002,
              -17.20396322446641
            ],
            [
              145.58446519200015,
              -17.204103224466397
            ],
            [
              145.5844531920002,
              -17.20427272446643
            ],
            [
              145.58439269200022,
              -17.204388224466427
            ],
            [
              145.5842281920002,
              -17.204438724466417
            ],
            [
              145.5842161920002,
              -17.204616724466423
            ],
            [
              145.58418319200018,
              -17.204796224466424
            ],
            [
              145.58409369200015,
              -17.20491572446648
            ],
            [
              145.58396119200017,
              -17.20503622446647
            ],
            [
              145.5838421920002,
              -17.20523072446649
            ],
            [
              145.58369969200024,
              -17.205427724466443
            ],
            [
              145.58353119200015,
              -17.205541724466446
            ],
            [
              145.58332919200024,
              -17.205505224466503
            ],
            [
              145.58317119200015,
              -17.205388724466534
            ],
            [
              145.5830651920002,
              -17.205285224466525
            ],
            [
              145.5828656920002,
              -17.20518922446656
            ],
            [
              145.58273869200016,
              -17.205114224466534
            ],
            [
              145.5825831920002,
              -17.20517872446656
            ],
            [
              145.58245869200022,
              -17.20514522446659
            ],
            [
              145.58233419200022,
              -17.20508022446661
            ],
            [
              145.58222019200016,
              -17.20508572446659
            ],
            [
              145.5819821920002,
              -17.20507772446664
            ],
            [
              145.58175169200018,
              -17.20497922446663
            ],
            [
              145.58169969200017,
              -17.204847224466686
            ],
            [
              145.58172319200017,
              -17.20469172446667
            ],
            [
              145.5817101920002,
              -17.20449222446666
            ],
            [
              145.58171769200027,
              -17.204336724466664
            ],
            [
              145.58196919200023,
              -17.204222724466632
            ],
            [
              145.58208069200026,
              -17.204137224466614
            ],
            [
              145.58215569200019,
              -17.204023224466617
            ],
            [
              145.58214769200015,
              -17.203886224466615
            ],
            [
              145.58210119200024,
              -17.2037127244666
            ],
            [
              145.58229319200024,
              -17.203663224466606
            ],
            [
              145.58249519200018,
              -17.20374122446656
            ],
            [
              145.58263219200026,
              -17.20395622446658
            ],
            [
              145.5827231920003,
              -17.20407522446655
            ],
            [
              145.5828271920002,
              -17.204148724466577
            ],
            [
              145.58294419200016,
              -17.204125724466525
            ],
            [
              145.5831246920002,
              -17.203994724466558
            ],
            [
              145.5833411920002,
              -17.203851724466492
            ],
            [
              145.58331119200028,
              -17.203658224466537
            ],
            [
              145.58350769200018,
              -17.203616724466514
            ],
            [
              145.58371769200022,
              -17.203557224466476
            ],
            [
              145.58378769200027,
              -17.20346372446648
            ],
            [
              145.58371019200015,
              -17.2033017244665
            ],
            [
              145.58354919200022,
              -17.203313724466476
            ],
            [
              145.58342769200027,
              -17.2032412244665
            ],
            [
              145.58330319200016,
              -17.203160724466546
            ],
            [
              145.5833911920002,
              -17.20297922446654
            ],
            [
              145.58348469200024,
              -17.202940724466515
            ],
            [
              145.5836501920002,
              -17.202925224466483
            ],
            [
              145.5838936920002,
              -17.202925224466465
            ],
            [
              145.58405219200023,
              -17.20288872446649
            ],
            [
              145.58403619200024,
              -17.202748724466453
            ],
            [
              145.5839066920002,
              -17.202653224466466
            ],
            [
              145.58374869200026,
              -17.202590724466468
            ],
            [
              145.58362969200022,
              -17.202526224466464
            ],
            [
              145.5834896920002,
              -17.202352724466525
            ],
            [
              145.5833811920002,
              -17.202256724466487
            ],
            [
              145.5831816920002,
              -17.202220224466533
            ],
            [
              145.58311669200026,
              -17.202134724466532
            ],
            [
              145.58301819200022,
              -17.201925224466553
            ],
            [
              145.58286569200024,
              -17.201906724466557
            ],
            [
              145.5825416920002,
              -17.202064724466577
            ],
            [
              145.58228019300026,
              -17.202062224466612
            ],
            [
              145.58216069300028,
              -17.202008224466585
            ],
            [
              145.58209069300023,
              -17.201912224466597
            ],
            [
              145.58205969300022,
              -17.20170222446662
            ],
            [
              145.5820781930002,
              -17.20157772446659
            ],
            [
              145.5822566930003,
              -17.201518224466614
            ],
            [
              145.5824251930003,
              -17.201412224466583
            ],
            [
              145.5827201930003,
              -17.20132672446655
            ],
            [
              145.5828981930003,
              -17.20115422446657
            ],
            [
              145.58276719300028,
              -17.20108272446654
            ],
            [
              145.58271969300023,
              -17.200966724466557
            ],
            [
              145.5827591930002,
              -17.200824224466565
            ],
            [
              145.58283719300022,
              -17.200673724466544
            ],
            [
              145.5828941930002,
              -17.200539224466542
            ],
            [
              145.5829381930002,
              -17.20041222446657
            ],
            [
              145.58302619300022,
              -17.200264724466543
            ],
            [
              145.58323569300032,
              -17.200135224466514
            ],
            [
              145.58332119300024,
              -17.20006222446652
            ],
            [
              145.58340419300026,
              -17.199997724466513
            ],
            [
              145.5834536930002,
              -17.199886224466496
            ],
            [
              145.58348119300018,
              -17.199744224466514
            ],
            [
              145.5833681930002,
              -17.19960672446654
            ],
            [
              145.58323569300026,
              -17.199614224466522
            ],
            [
              145.58296119300027,
              -17.199689224466514
            ],
            [
              145.58280569300024,
              -17.19960922446656
            ],
            [
              145.58266869300027,
              -17.199546724466558
            ],
            [
              145.58251069300022,
              -17.199575224466557
            ],
            [
              145.58236569300024,
              -17.199591224466573
            ],
            [
              145.58216869300026,
              -17.199585724466598
            ],
            [
              145.58204669300025,
              -17.199557224466623
            ],
            [
              145.58200519300027,
              -17.1994357244666
            ],
            [
              145.58199769300023,
              -17.199241224466636
            ],
            [
              145.58192519300027,
              -17.19915322446663
            ],
            [
              145.5818966930003,
              -17.199308724466633
            ],
            [
              145.58179819300025,
              -17.19943022446662
            ],
            [
              145.58162719300023,
              -17.19942522446665
            ],
            [
              145.58144319300027,
              -17.199352724466607
            ],
            [
              145.58141669300025,
              -17.199619224466627
            ],
            [
              145.58152119300027,
              -17.19986322446663
            ],
            [
              145.58148719300027,
              -17.200072724466615
            ],
            [
              145.58138869300032,
              -17.200298224466632
            ],
            [
              145.5812646930003,
              -17.200417224466676
            ],
            [
              145.58105469300025,
              -17.200445724466682
            ],
            [
              145.58092769300023,
              -17.20043272446666
            ],
            [
              145.5807256930003,
              -17.200329224466717
            ],
            [
              145.58062219300024,
              -17.200223224466704
            ],
            [
              145.58058569300027,
              -17.200098724466734
            ],
            [
              145.58052369300023,
              -17.19992772446671
            ],
            [
              145.58046669300026,
              -17.19983472446672
            ],
            [
              145.58037869300026,
              -17.199715224466743
            ],
            [
              145.5802461930003,
              -17.199629724466742
            ],
            [
              145.5799536930003,
              -17.199671224466762
            ],
            [
              145.5795571930002,
              -17.19945372446672
            ],
            [
              145.5794276930003,
              -17.199313724466737
            ],
            [
              145.57939669300026,
              -17.199184224466716
            ],
            [
              145.57945069300024,
              -17.198997724466732
            ],
            [
              145.57930069300028,
              -17.1987852244667
            ],
            [
              145.57922069300025,
              -17.1986247244667
            ],
            [
              145.57910919300022,
              -17.19857022446672
            ],
            [
              145.57889919300032,
              -17.19854172446666
            ],
            [
              145.57874669300034,
              -17.198531224466677
            ],
            [
              145.57865819300025,
              -17.198635224466702
            ],
            [
              145.57841469300024,
              -17.19857572446668
            ],
            [
              145.57831669300026,
              -17.198506724466682
            ],
            [
              145.57833469300033,
              -17.198367224466686
            ],
            [
              145.57850319300033,
              -17.198205224466697
            ],
            [
              145.57861419300025,
              -17.19808572446665
            ],
            [
              145.57865819300025,
              -17.19794622446667
            ],
            [
              145.5785756930003,
              -17.197868224466692
            ],
            [
              145.57840719300032,
              -17.197889224466635
            ],
            [
              145.57823869300034,
              -17.197878724466648
            ],
            [
              145.5780626930003,
              -17.19766372446662
            ],
            [
              145.57784769300028,
              -17.197549724466622
            ],
            [
              145.57778269300022,
              -17.197409724466635
            ],
            [
              145.57781119300034,
              -17.19722072446665
            ],
            [
              145.57790719300036,
              -17.19704972446663
            ],
            [
              145.57791769300022,
              -17.196819224466637
            ],
            [
              145.57804969300025,
              -17.196668724466623
            ],
            [
              145.57827769300022,
              -17.196510724466627
            ],
            [
              145.57837069300024,
              -17.196363224466655
            ],
            [
              145.5785316930003,
              -17.196244224466625
            ],
            [
              145.57862369300028,
              -17.19641922446664
            ],
            [
              145.5788141930003,
              -17.19631172446664
            ],
            [
              145.57885519300032,
              -17.196142724466657
            ],
            [
              145.57898719300033,
              -17.196117224466676
            ],
            [
              145.5791841930003,
              -17.196189724466667
            ],
            [
              145.57930069300025,
              -17.19627772446668
            ],
            [
              145.57935769300025,
              -17.196373724466664
            ],
            [
              145.57935769300025,
              -17.196585724466704
            ],
            [
              145.57956519300038,
              -17.196580724466667
            ],
            [
              145.5796946930003,
              -17.196645724466684
            ],
            [
              145.57980869300022,
              -17.196759724466684
            ],
            [
              145.5798706930003,
              -17.19688372446672
            ],
            [
              145.57985269300022,
              -17.197104224466734
            ],
            [
              145.57989169300023,
              -17.197262224466726
            ],
            [
              145.57995369300033,
              -17.197438224466687
            ],
            [
              145.5800626930003,
              -17.197624724466724
            ],
            [
              145.58045369300027,
              -17.197145724466655
            ],
            [
              145.58075419300027,
              -17.19700572446665
            ],
            [
              145.5809016930003,
              -17.19700572446665
            ],
            [
              145.58101819300032,
              -17.197085724466657
            ],
            [
              145.5810726930002,
              -17.197357724466656
            ],
            [
              145.58144319300024,
              -17.197199724466625
            ],
            [
              145.58167919300024,
              -17.197189724466586
            ],
            [
              145.58184619300022,
              -17.197264724466617
            ],
            [
              145.58200669300024,
              -17.197430224466594
            ],
            [
              145.58209369300022,
              -17.197567724466587
            ],
            [
              145.58210069300026,
              -17.19780222446662
            ],
            [
              145.58250219300027,
              -17.197638724466547
            ],
            [
              145.58274019300026,
              -17.197659224466534
            ],
            [
              145.58294569300023,
              -17.197570224466524
            ],
            [
              145.5831891930002,
              -17.197583224466534
            ],
            [
              145.58333419300024,
              -17.197645724466543
            ],
            [
              145.58345619300025,
              -17.197661224466493
            ],
            [
              145.58363469300022,
              -17.197523724466496
            ],
            [
              145.58396119300022,
              -17.197482224466476
            ],
            [
              145.58420719300034,
              -17.197518724466473
            ],
            [
              145.58444819300027,
              -17.197544224466466
            ],
            [
              145.5846736930002,
              -17.197578224466483
            ],
            [
              145.58485219300024,
              -17.19769222446646
            ],
            [
              145.58497919300027,
              -17.197847724466456
            ],
            [
              145.58501819300028,
              -17.198021224466412
            ],
            [
              145.58498719300022,
              -17.198163724466458
            ],
            [
              145.58497919300024,
              -17.198293224466425
            ],
            [
              145.5850676930002,
              -17.198241224466422
            ],
            [
              145.58527769300025,
              -17.19808472446641
            ],
            [
              145.58534719300022,
              -17.19792272446642
            ],
            [
              145.58558019300023,
              -17.197834724466418
            ],
            [
              145.5859586930002,
              -17.1978577244664
            ],
            [
              145.58606269300023,
              -17.19769822446639
            ],
            [
              145.5857771930002,
              -17.197707724466387
            ],
            [
              145.5856451930003,
              -17.19753172446643
            ],
            [
              145.58575919300023,
              -17.19742022446643
            ],
            [
              145.5858731930003,
              -17.197345224466392
            ],
            [
              145.58597919300027,
              -17.197112224466412
            ],
            [
              145.5857711930002,
              -17.197138724466402
            ],
            [
              145.5856811930002,
              -17.197256724466406
            ],
            [
              145.58550269300025,
              -17.197262224466456
            ],
            [
              145.58538619300026,
              -17.197176724466438
            ],
            [
              145.58517619300022,
              -17.197109224466455
            ],
            [
              145.5850051930002,
              -17.197031724466424
            ],
            [
              145.5849266930002,
              -17.196900724466474
            ],
            [
              145.58477219300022,
              -17.196956224466454
            ],
            [
              145.58460619300018,
              -17.19694622446649
            ],
            [
              145.58428419300023,
              -17.19674322446651
            ],
            [
              145.58389669300024,
              -17.19667922446652
            ],
            [
              145.5836141930002,
              -17.196580724466497
            ],
            [
              145.5834276930003,
              -17.19644072446651
            ],
            [
              145.58328019300023,
              -17.19625972446652
            ],
            [
              145.5832756930002,
              -17.19594022446654
            ],
            [
              145.58316869300023,
              -17.195916224466544
            ],
            [
              145.58304169300024,
              -17.19616622446654
            ],
            [
              145.5828421930002,
              -17.196259724466547
            ],
            [
              145.5826556930003,
              -17.19623122446656
            ],
            [
              145.58249219300032,
              -17.196153224466542
            ],
            [
              145.5824371930002,
              -17.196002724466588
            ],
            [
              145.58224969300028,
              -17.195975724466603
            ],
            [
              145.5821306930003,
              -17.196014724466576
            ],
            [
              145.58167919300024,
              -17.19581372446658
            ],
            [
              145.5814641930003,
              -17.19566872446662
            ],
            [
              145.58136019300022,
              -17.195535724466627
            ],
            [
              145.58116719300025,
              -17.195262224466635
            ],
            [
              145.58082419300024,
              -17.195075724466665
            ],
            [
              145.58066369300022,
              -17.194873724466675
            ],
            [
              145.5806141930003,
              -17.194661724466638
            ],
            [
              145.58063769300028,
              -17.194550724466627
            ],
            [
              145.58077419300025,
              -17.194411224466638
            ],
            [
              145.58103119300026,
              -17.194259724466608
            ],
            [
              145.58137869300026,
              -17.19410672446659
            ],
            [
              145.5816921930003,
              -17.194070724466595
            ],
            [
              145.5819896930003,
              -17.194057724466564
            ],
            [
              145.58216319300024,
              -17.194075724466565
            ],
            [
              145.58230569300025,
              -17.194135224466585
            ],
            [
              145.5824606930002,
              -17.193953224466576
            ],
            [
              145.5821996930003,
              -17.19379872446659
            ],
            [
              145.5819561930003,
              -17.193464224466588
            ],
            [
              145.5819641930003,
              -17.193238724466582
            ],
            [
              145.58206819300025,
              -17.193037224466572
            ],
            [
              145.58190469300027,
              -17.193037224466572
            ],
            [
              145.58177219300032,
              -17.192961724466592
            ],
            [
              145.58153119300022,
              -17.193034224466597
            ],
            [
              145.5812776930003,
              -17.193000724466586
            ],
            [
              145.5810261930003,
              -17.19292572446661
            ],
            [
              145.58090719300023,
              -17.192834724466607
            ],
            [
              145.58082669300026,
              -17.192744224466615
            ],
            [
              145.5807801930002,
              -17.192567224466615
            ],
            [
              145.58063169300027,
              -17.1926207244666
            ],
            [
              145.58050019300026,
              -17.192832224466642
            ],
            [
              145.58039169300025,
              -17.192886724466618
            ],
            [
              145.58021269300022,
              -17.192858224466647
            ],
            [
              145.58008419300026,
              -17.19268922446668
            ],
            [
              145.57998569300022,
              -17.19241922446667
            ],
            [
              145.57995219300028,
              -17.19225872446662
            ],
            [
              145.57996919300024,
              -17.192088724466647
            ],
            [
              145.58002869300026,
              -17.19195422446665
            ],
            [
              145.5799516930003,
              -17.19185972446665
            ],
            [
              145.57988969300024,
              -17.191587724466647
            ],
            [
              145.5798911930003,
              -17.191335724466608
            ],
            [
              145.58001019300025,
              -17.191199224466605
            ],
            [
              145.57997169300026,
              -17.190868724466636
            ],
            [
              145.5802001940003,
              -17.19041672446664
            ],
            [
              145.5801971940003,
              -17.190024224466594
            ],
            [
              145.58021819400025,
              -17.1898697244666
            ],
            [
              145.58031919400023,
              -17.189739224466642
            ],
            [
              145.5804201940003,
              -17.189691224466607
            ],
            [
              145.58054819400022,
              -17.18975672446659
            ],
            [
              145.58060919400026,
              -17.189860724466612
            ],
            [
              145.5806296940003,
              -17.189974724466595
            ],
            [
              145.58054419400023,
              -17.190208224466577
            ],
            [
              145.5804691940003,
              -17.190350724466626
            ],
            [
              145.58047169300022,
              -17.190526724466572
            ],
            [
              145.58053119300027,
              -17.19066372446663
            ],
            [
              145.58069719300028,
              -17.190840224466577
            ],
            [
              145.58086019300023,
              -17.191003224466616
            ],
            [
              145.58098719300025,
              -17.19109672446661
            ],
            [
              145.58115819300025,
              -17.191213224466587
            ],
            [
              145.5811451930003,
              -17.1910032244666
            ],
            [
              145.58117619300023,
              -17.190806224466588
            ],
            [
              145.58124119300027,
              -17.19055272446661
            ],
            [
              145.5813501930002,
              -17.190373724466596
            ],
            [
              145.5814716930002,
              -17.190283224466594
            ],
            [
              145.58162969300025,
              -17.190259724466596
            ],
            [
              145.58181619300018,
              -17.190109724466563
            ],
            [
              145.5818941930002,
              -17.189850724466535
            ],
            [
              145.5820236930003,
              -17.1896742244666
            ],
            [
              145.58231819300028,
              -17.18958422446659
            ],
            [
              145.58246669300019,
              -17.189700224466574
            ],
            [
              145.58256219300023,
              -17.189897224466588
            ],
            [
              145.58268919300025,
              -17.190016224466557
            ],
            [
              145.58278519300023,
              -17.19004972446653
            ],
            [
              145.58289119300022,
              -17.190099224466504
            ],
            [
              145.5830116930003,
              -17.190277224466513
            ],
            [
              145.5827931930002,
              -17.190420224466557
            ],
            [
              145.58273319300025,
              -17.19050322446653
            ],
            [
              145.5826866930002,
              -17.19066072446652
            ],
            [
              145.58249069300024,
              -17.190735224466568
            ],
            [
              145.58251719300023,
              -17.190854224466555
            ],
            [
              145.5827076930003,
              -17.19082472446655
            ],
            [
              145.58296119300022,
              -17.190907224466514
            ],
            [
              145.58315819300023,
              -17.190982724466547
            ],
            [
              145.58328019300023,
              -17.191114724466555
            ],
            [
              145.58317769300018,
              -17.19139522446653
            ],
            [
              145.5836786930002,
              -17.191459224466527
            ],
            [
              145.5840001930002,
              -17.19148272446653
            ],
            [
              145.58419419300017,
              -17.19151872446654
            ],
            [
              145.58449769300023,
              -17.19168722446651
            ],
            [
              145.58468419300021,
              -17.19179622446651
            ],
            [
              145.58468669300026,
              -17.191943724466473
            ],
            [
              145.58459619300018,
              -17.192132724466514
            ],
            [
              145.5845156930003,
              -17.192350224466473
            ],
            [
              145.58477969300023,
              -17.192283224466465
            ],
            [
              145.58495869300026,
              -17.19227272446649
            ],
            [
              145.58515819300027,
              -17.192384224466483
            ],
            [
              145.58528069300027,
              -17.192525724466464
            ],
            [
              145.58526769300028,
              -17.192714224466503
            ],
            [
              145.5852046930002,
              -17.192881724466474
            ],
            [
              145.5851476930002,
              -17.192987724466484
            ],
            [
              145.58535219300026,
              -17.19294372446648
            ],
            [
              145.58546169300024,
              -17.192971224466472
            ],
            [
              145.58565969300017,
              -17.193224724466443
            ],
            [
              145.5857711930002,
              -17.19344722446645
            ],
            [
              145.58573419300032,
              -17.193742224466448
            ],
            [
              145.5858551930002,
              -17.193746724466482
            ],
            [
              145.58610869300017,
              -17.19380372446645
            ],
            [
              145.58635219300018,
              -17.193956724466457
            ],
            [
              145.58650519300028,
              -17.19416122446644
            ],
            [
              145.5865371930002,
              -17.194307724466412
            ],
            [
              145.58645169300024,
              -17.194581724466452
            ],
            [
              145.58633719300022,
              -17.194654224466433
            ],
            [
              145.58632419300028,
              -17.194730224466422
            ],
            [
              145.5865371930002,
              -17.194654224466433
            ],
            [
              145.58659569300022,
              -17.194565224466434
            ],
            [
              145.58671869300028,
              -17.1944167244664
            ],
            [
              145.58684819300018,
              -17.194336224466443
            ],
            [
              145.58699719300026,
              -17.19431922446643
            ],
            [
              145.58712419300016,
              -17.19438922446642
            ],
            [
              145.58720369300025,
              -17.19446572446639
            ],
            [
              145.58722069300023,
              -17.194661724466407
            ],
            [
              145.58728519300024,
              -17.194711224466392
            ],
            [
              145.58749669300022,
              -17.194741724466418
            ],
            [
              145.58760519300023,
              -17.194688224466383
            ],
            [
              145.5875076930002,
              -17.194648224466434
            ],
            [
              145.5874261930002,
              -17.194338224466424
            ],
            [
              145.58730819300018,
              -17.194231224466414
            ],
            [
              145.5872776930002,
              -17.194014224466397
            ],
            [
              145.58733469300026,
              -17.19394972446645
            ],
            [
              145.58747869300024,
              -17.193817724466438
            ],
            [
              145.5872306930002,
              -17.1938112244664
            ],
            [
              145.58712569300022,
              -17.19386422446645
            ],
            [
              145.5869311930002,
              -17.19378022446643
            ],
            [
              145.58689369300026,
              -17.193669224466433
            ],
            [
              145.58671969300025,
              -17.19359322446645
            ],
            [
              145.58664219300027,
              -17.19343472446647
            ],
            [
              145.58676019300017,
              -17.193221224466438
            ],
            [
              145.58671769300025,
              -17.193060224466453
            ],
            [
              145.58654819300028,
              -17.193043724466435
            ],
            [
              145.58641069300023,
              -17.192963224466478
            ],
            [
              145.5863041930002,
              -17.192730724466443
            ],
            [
              145.58627819300028,
              -17.19253372446649
            ],
            [
              145.58621769300024,
              -17.192167724466444
            ],
            [
              145.5862536930003,
              -17.191971724466494
            ],
            [
              145.58609869300022,
              -17.191894224466463
            ],
            [
              145.5860466930002,
              -17.19176222446646
            ],
            [
              145.5860831930002,
              -17.191568224466497
            ],
            [
              145.58591719300028,
              -17.191422724466474
            ],
            [
              145.58576269300022,
              -17.1912987244665
            ],
            [
              145.58569819300027,
              -17.19116122446651
            ],
            [
              145.5857416930002,
              -17.191025724466506
            ],
            [
              145.5855186930002,
              -17.190947724466483
            ],
            [
              145.58536019300024,
              -17.190720724466495
            ],
            [
              145.58518019300018,
              -17.190553724466522
            ],
            [
              145.58506369300017,
              -17.190338724466507
            ],
            [
              145.58506969300018,
              -17.190195724466523
            ],
            [
              145.58527919300016,
              -17.190024724466493
            ],
            [
              145.58529719300026,
              -17.189917724466483
            ],
            [
              145.5852331930002,
              -17.18973222446651
            ],
            [
              145.58505969300023,
              -17.189684724466517
            ],
            [
              145.58487619300018,
              -17.18967372446655
            ],
            [
              145.58478769300024,
              -17.189579224466513
            ],
            [
              145.58478119300017,
              -17.18946472446652
            ],
            [
              145.58480369300017,
              -17.189334724466573
            ],
            [
              145.58492819300025,
              -17.189245724466566
            ],
            [
              145.58511169300021,
              -17.189187224466554
            ],
            [
              145.58536019300018,
              -17.18931922446655
            ],
            [
              145.58560069300023,
              -17.189406224466552
            ],
            [
              145.5855621930003,
              -17.18949822446654
            ],
            [
              145.5856841930002,
              -17.189630224466544
            ],
            [
              145.58584469300018,
              -17.189695224466547
            ],
            [
              145.58592169300022,
              -17.189855224466527
            ],
            [
              145.58606769300016,
              -17.189849224466478
            ],
            [
              145.58603369300025,
              -17.189689724466504
            ],
            [
              145.58606219300026,
              -17.18950572446652
            ],
            [
              145.58612169300025,
              -17.18937922446656
            ],
            [
              145.58604669300024,
              -17.189179724466563
            ],
            [
              145.58601569300018,
              -17.18898022446656
            ],
            [
              145.58605469300022,
              -17.188819224466588
            ],
            [
              145.58619419300027,
              -17.188767724466555
            ],
            [
              145.58640169300023,
              -17.188767724466555
            ],
            [
              145.5866426930002,
              -17.18873672446657
            ],
            [
              145.58700269300022,
              -17.188614724466596
            ],
            [
              145.58720469300025,
              -17.1885942244666
            ],
            [
              145.5873366930003,
              -17.18857322446659
            ],
            [
              145.58740169300017,
              -17.188809224466556
            ],
            [
              145.58744769300023,
              -17.189114724466556
            ],
            [
              145.58736669300018,
              -17.18926072446652
            ],
            [
              145.5871036930002,
              -17.189342724466528
            ],
            [
              145.5870826930002,
              -17.18944872446655
            ],
            [
              145.5873076930002,
              -17.18952822446652
            ],
            [
              145.58747169300025,
              -17.18977272446651
            ],
            [
              145.5875931930002,
              -17.189980224466478
            ],
            [
              145.58751919300022,
              -17.19019422446651
            ],
            [
              145.58768869300016,
              -17.190274724466473
            ],
            [
              145.58768669300017,
              -17.1904177244665
            ],
            [
              145.58776569300022,
              -17.19053672446649
            ],
            [
              145.5878461930002,
              -17.19040272446649
            ],
            [
              145.58779769300023,
              -17.19020272446648
            ],
            [
              145.5878056930002,
              -17.189972224466516
            ],
            [
              145.58787919300022,
              -17.189757224466494
            ],
            [
              145.58803669300022,
              -17.189650224466536
            ],
            [
              145.58795619300025,
              -17.189489724466497
            ],
            [
              145.58800269300016,
              -17.189289224466563
            ],
            [
              145.5881111930002,
              -17.189001724466568
            ],
            [
              145.58825069300022,
              -17.18870122446655
            ],
            [
              145.58833119300022,
              -17.18838322446657
            ],
            [
              145.5884066930002,
              -17.188210724466618
            ],
            [
              145.58862419300027,
              -17.1880887244666
            ],
            [
              145.58885719300025,
              -17.18799572446661
            ],
            [
              145.5891891930002,
              -17.187850724466642
            ],
            [
              145.5895491930002,
              -17.187741724466637
            ],
            [
              145.58984719300028,
              -17.187643225466665
            ],
            [
              145.59009969300024,
              -17.187635725466624
            ],
            [
              145.59034319300025,
              -17.187762225466642
            ],
            [
              145.59057769300028,
              -17.187933225466605
            ],
            [
              145.5909431930002,
              -17.18840122546659
            ],
            [
              145.59109619300025,
              -17.18868322546661
            ],
            [
              145.5912191930002,
              -17.189016725466608
            ],
            [
              145.59131569300018,
              -17.189430725466558
            ],
            [
              145.5913106930002,
              -17.189674225466554
            ],
            [
              145.59124869300015,
              -17.18979072546654
            ],
            [
              145.5910906930002,
              -17.189873725466544
            ],
            [
              145.59099319300017,
              -17.189962225466548
            ],
            [
              145.59120019300025,
              -17.190079225466533
            ],
            [
              145.59152119300018,
              -17.190079225466548
            ],
            [
              145.59170469300022,
              -17.190166725466554
            ],
            [
              145.59186769300018,
              -17.190306225466532
            ],
            [
              145.59206969300024,
              -17.190487725466525
            ],
            [
              145.59223269300017,
              -17.19077022546649
            ],
            [
              145.59247719300015,
              -17.191214225466478
            ],
            [
              145.59240869300015,
              -17.191361225466505
            ],
            [
              145.5924541930002,
              -17.191397225466467
            ],
            [
              145.59265519300016,
              -17.191446225466514
            ],
            [
              145.59277969300015,
              -17.19118222546652
            ],
            [
              145.59270419300015,
              -17.190992725466494
            ],
            [
              145.5924971930002,
              -17.190746725466493
            ],
            [
              145.59242469300023,
              -17.190596725466534
            ],
            [
              145.59241169300014,
              -17.190407225466508
            ],
            [
              145.59242169300023,
              -17.190078725466556
            ],
            [
              145.5923106930002,
              -17.190011225466556
            ],
            [
              145.59213169300017,
              -17.18970272546655
            ],
            [
              145.59205419300022,
              -17.189482725466547
            ],
            [
              145.59202569300024,
              -17.18903472546658
            ],
            [
              145.59203069300023,
              -17.188687225466616
            ],
            [
              145.59195569300022,
              -17.18835322546662
            ],
            [
              145.5919541930003,
              -17.18812672546663
            ],
            [
              145.59202819300015,
              -17.187936225466665
            ],
            [
              145.59222819300027,
              -17.18791522546668
            ],
            [
              145.59246619300023,
              -17.187970725466656
            ],
            [
              145.5927801930002,
              -17.187974225466654
            ],
            [
              145.59301069300028,
              -17.187982225466687
            ],
            [
              145.59332469300028,
              -17.188031725466693
            ],
            [
              145.59349969300015,
              -17.188024225466698
            ],
            [
              145.59379269300024,
              -17.188021725466673
            ],
            [
              145.59401369300025,
              -17.18798022546672
            ],
            [
              145.5942586930002,
              -17.187964725466717
            ],
            [
              145.5945386930003,
              -17.188166725466715
            ],
            [
              145.5947196930003,
              -17.18831172546668
            ],
            [
              145.5950026930002,
              -17.18862172546669
            ],
            [
              145.59529369300017,
              -17.188987225466654
            ],
            [
              145.59550069300025,
              -17.189268725466636
            ],
            [
              145.5957206930002,
              -17.189559725466637
            ],
            [
              145.59583069300018,
              -17.189625725466634
            ],
            [
              145.5959436930002,
              -17.189546725466595
            ],
            [
              145.59583069300018,
              -17.189281725466603
            ],
            [
              145.5956136930002,
              -17.18891322546664
            ],
            [
              145.59535169300025,
              -17.1885702254667
            ],
            [
              145.59522269300027,
              -17.188259725466704
            ],
            [
              145.5950491930002,
              -17.18798722546673
            ],
            [
              145.5949091930002,
              -17.18780422546674
            ],
            [
              145.59481669300027,
              -17.187578725466757
            ],
            [
              145.5952441930003,
              -17.187304225466775
            ],
            [
              145.59529369300023,
              -17.18719922546676
            ],
            [
              145.5954436930003,
              -17.187183725466742
            ],
            [
              145.59559219300021,
              -17.187189725466713
            ],
            [
              145.59576369300032,
              -17.187101725466775
            ],
            [
              145.5959006930003,
              -17.187044725466745
            ],
            [
              145.59597469300022,
              -17.18715572546673
            ],
            [
              145.59614919300026,
              -17.187139225466712
            ],
            [
              145.5963931930002,
              -17.18693372546673
            ],
            [
              145.5965136930002,
              -17.186940225466707
            ],
            [
              145.5966316930003,
              -17.186978225466717
            ],
            [
              145.5967651930002,
              -17.186844725466717
            ],
            [
              145.5970206930003,
              -17.1867172254667
            ],
            [
              145.59723419300028,
              -17.18678522546669
            ],
            [
              145.59744269300026,
              -17.186778225466696
            ],
            [
              145.5976501930002,
              -17.186822225466695
            ],
            [
              145.5977701930003,
              -17.186978225466685
            ],
            [
              145.5979126930002,
              -17.186970725466708
            ],
            [
              145.59806719300022,
              -17.18686972546668
            ],
            [
              145.5982266930002,
              -17.18687222546666
            ],
            [
              145.59842719300022,
              -17.187021725466668
            ],
            [
              145.59852569300023,
              -17.18719922546666
            ],
            [
              145.59892569300027,
              -17.187199225466653
            ],
            [
              145.59917319300024,
              -17.187212225466624
            ],
            [
              145.59935019300025,
              -17.187117225466636
            ],
            [
              145.59941669300022,
              -17.18704572546665
            ],
            [
              145.59931019300024,
              -17.186967225466677
            ],
            [
              145.5991631930003,
              -17.186937725466642
            ],
            [
              145.59886869300027,
              -17.187034725466688
            ],
            [
              145.59869619300025,
              -17.187033225466692
            ],
            [
              145.59868819300024,
              -17.18691572546666
            ],
            [
              145.59836369300018,
              -17.186727225466697
            ],
            [
              145.59815969300024,
              -17.186559725466672
            ],
            [
              145.5978756930003,
              -17.18643622546672
            ],
            [
              145.59774819300026,
              -17.18653672546669
            ],
            [
              145.5975076930002,
              -17.1865367254667
            ],
            [
              145.5972466930003,
              -17.18633922546676
            ],
            [
              145.59705919300026,
              -17.186409225466754
            ],
            [
              145.59676519300024,
              -17.18636572546676
            ],
            [
              145.59668819300026,
              -17.18651622546677
            ],
            [
              145.59657119300024,
              -17.186603225466726
            ],
            [
              145.59638719300028,
              -17.186539725466773
            ],
            [
              145.5962066930003,
              -17.186536725466738
            ],
            [
              145.59600269300026,
              -17.18642922546679
            ],
            [
              145.59569819300023,
              -17.186556725466758
            ],
            [
              145.59541369300027,
              -17.18669372546676
            ],
            [
              145.59506269300027,
              -17.1867472254668
            ],
            [
              145.5948586930003,
              -17.186927725466788
            ],
            [
              145.59456769300027,
              -17.187051725466755
            ],
            [
              145.59422069300018,
              -17.18712322546672
            ],
            [
              145.59398069300022,
              -17.187256725466707
            ],
            [
              145.59369369300026,
              -17.187078225466703
            ],
            [
              145.59343069300024,
              -17.187082725466748
            ],
            [
              145.59326319300027,
              -17.18711172546672
            ],
            [
              145.59286219300026,
              -17.187030725466695
            ],
            [
              145.59256219300025,
              -17.18685272546669
            ],
            [
              145.59227769300023,
              -17.18672922546672
            ],
            [
              145.5920391930003,
              -17.186573725466722
            ],
            [
              145.5917106930003,
              -17.18651872546674
            ],
            [
              145.59145719300028,
              -17.186580225466695
            ],
            [
              145.59093519300026,
              -17.186623225466693
            ],
            [
              145.5904301930003,
              -17.18659322546671
            ],
            [
              145.59011919300028,
              -17.186486225466695
            ],
            [
              145.58978769300023,
              -17.186355724466697
            ],
            [
              145.58963219300023,
              -17.186131224466706
            ],
            [
              145.5896151930003,
              -17.185890224466757
            ],
            [
              145.5897176930002,
              -17.185590724466728
            ],
            [
              145.58986819300023,
              -17.185336724466758
            ],
            [
              145.58998519300027,
              -17.185111725466772
            ],
            [
              145.5901926930003,
              -17.185041225466783
            ],
            [
              145.5905281930003,
              -17.1849912254668
            ],
            [
              145.59074219300027,
              -17.184998225466785
            ],
            [
              145.5909466930003,
              -17.184922225466813
            ],
            [
              145.59112569300032,
              -17.18493772546677
            ],
            [
              145.5913396930002,
              -17.184834225466815
            ],
            [
              145.59157419300027,
              -17.184760225466846
            ],
            [
              145.59197869300033,
              -17.184757225466797
            ],
            [
              145.59225619300025,
              -17.184733725466813
            ],
            [
              145.5923966930003,
              -17.184556225466814
            ],
            [
              145.5925906930003,
              -17.184278725466854
            ],
            [
              145.59278169300038,
              -17.184101725466856
            ],
            [
              145.59303919300035,
              -17.183934225466892
            ],
            [
              145.59314919300033,
              -17.183803725466888
            ],
            [
              145.59334019300024,
              -17.183713725466905
            ],
            [
              145.59348069300032,
              -17.183629725466897
            ],
            [
              145.59361119300027,
              -17.18351372546692
            ],
            [
              145.59363369300027,
              -17.183385725466913
            ],
            [
              145.59351369300038,
              -17.183363725466958
            ],
            [
              145.59307569300032,
              -17.183596225466907
            ],
            [
              145.59285519300036,
              -17.183747225466917
            ],
            [
              145.59265769300035,
              -17.183810725466866
            ],
            [
              145.5924781930003,
              -17.183731225466897
            ],
            [
              145.5922931930003,
              -17.183573225466894
            ],
            [
              145.59218669300026,
              -17.183254725466927
            ],
            [
              145.59212019300026,
              -17.183269225466887
            ],
            [
              145.59207569300034,
              -17.183399225466886
            ],
            [
              145.5920691930003,
              -17.183650225466867
            ],
            [
              145.5921761930004,
              -17.18384422546688
            ],
            [
              145.59218619300034,
              -17.184027225466867
            ],
            [
              145.59211869300032,
              -17.18410472546684
            ],
            [
              145.59192619300032,
              -17.184123725466833
            ],
            [
              145.5917401930003,
              -17.184064225466877
            ],
            [
              145.59150719300033,
              -17.184165225466845
            ],
            [
              145.59115569300025,
              -17.184245225466857
            ],
            [
              145.59079819300027,
              -17.184272225466835
            ],
            [
              145.59016569300024,
              -17.184392725466804
            ],
            [
              145.58975119300032,
              -17.184449224466828
            ],
            [
              145.58949019300027,
              -17.18444622446678
            ],
            [
              145.58926269300022,
              -17.184409224466823
            ],
            [
              145.58887819300023,
              -17.184148224466803
            ],
            [
              145.58872419300027,
              -17.18397772446685
            ],
            [
              145.58859719300025,
              -17.183767224466823
            ],
            [
              145.58860419400023,
              -17.183514224466848
            ],
            [
              145.58848519400033,
              -17.183397724466865
            ],
            [
              145.58831269400025,
              -17.182874224466907
            ],
            [
              145.5881591940002,
              -17.18305472446689
            ],
            [
              145.58813219400028,
              -17.183241724466875
            ],
            [
              145.58814919400027,
              -17.18352272446682
            ],
            [
              145.58823619300028,
              -17.184011224466808
            ],
            [
              145.58829269300028,
              -17.184178224466844
            ],
            [
              145.58849019300033,
              -17.1843922244668
            ],
            [
              145.5885066930003,
              -17.184539224466814
            ],
            [
              145.58837319300025,
              -17.184640224466786
            ],
            [
              145.58806869300028,
              -17.18463022446681
            ],
            [
              145.5875801930003,
              -17.184512724466774
            ],
            [
              145.58739619400032,
              -17.1843457244668
            ],
            [
              145.5872926940003,
              -17.184218724466792
            ],
            [
              145.5871691940002,
              -17.18424472446678
            ],
            [
              145.58735319400031,
              -17.184559724466762
            ],
            [
              145.58762369300024,
              -17.184763724466812
            ],
            [
              145.58786819300028,
              -17.184961224466754
            ],
            [
              145.5880551930003,
              -17.18508472446678
            ],
            [
              145.5882491930002,
              -17.185222224466767
            ],
            [
              145.58834619300032,
              -17.185375724466773
            ],
            [
              145.5882826930003,
              -17.185573224466708
            ],
            [
              145.58809219300022,
              -17.185840724466704
            ],
            [
              145.58794069300026,
              -17.18608622446669
            ],
            [
              145.58776369300026,
              -17.186223224466676
            ],
            [
              145.58750819300028,
              -17.1863037244667
            ],
            [
              145.58733769300028,
              -17.186210224466716
            ],
            [
              145.58718119300028,
              -17.18601922446669
            ],
            [
              145.5870586930002,
              -17.186084724466692
            ],
            [
              145.5869181930003,
              -17.18626872446668
            ],
            [
              145.5867676930003,
              -17.186386224466716
            ],
            [
              145.58659369300022,
              -17.186386224466727
            ],
            [
              145.5864901930002,
              -17.186318224466724
            ],
            [
              145.5863796930002,
              -17.186287724466684
            ],
            [
              145.5861891930003,
              -17.18642672446667
            ],
            [
              145.58604019300026,
              -17.18641322446671
            ],
            [
              145.5859261930003,
              -17.18631922446672
            ],
            [
              145.58578719300027,
              -17.18613022446671
            ],
            [
              145.5857771940003,
              -17.185899224466727
            ],
            [
              145.58584469400031,
              -17.18563122446674
            ],
            [
              145.58567369400026,
              -17.18552972446677
            ],
            [
              145.5855766940003,
              -17.185332224466766
            ],
            [
              145.58552019400028,
              -17.18513172446678
            ],
            [
              145.5854396940003,
              -17.18492422446681
            ],
            [
              145.58533919400026,
              -17.18502472446677
            ],
            [
              145.58536269400025,
              -17.185449224466755
            ],
            [
              145.5852391940003,
              -17.185740224466738
            ],
            [
              145.58511519400028,
              -17.18592122446673
            ],
            [
              145.58501169400023,
              -17.18619522446671
            ],
            [
              145.58491469400022,
              -17.1863327244667
            ],
            [
              145.58481119400022,
              -17.18645972446672
            ],
            [
              145.5847006940002,
              -17.186523224466722
            ],
            [
              145.5845501940002,
              -17.186523224466722
            ],
            [
              145.5844596940003,
              -17.1864427244667
            ],
            [
              145.58439619400025,
              -17.18630222446672
            ],
            [
              145.58433269400024,
              -17.1861817244667
            ],
            [
              145.5842086940002,
              -17.186218724466706
            ],
            [
              145.5840816940002,
              -17.186268724466697
            ],
            [
              145.5839311940003,
              -17.186275724466743
            ],
            [
              145.58345319400024,
              -17.186332724466716
            ],
            [
              145.58321869400024,
              -17.186389224466748
            ],
            [
              145.5830551940002,
              -17.186523224466736
            ],
            [
              145.58272069400022,
              -17.186653724466705
            ],
            [
              145.58248619400018,
              -17.186646724466723
            ],
            [
              145.58227919400028,
              -17.186580224466717
            ],
            [
              145.58198469400025,
              -17.18651972446677
            ],
            [
              145.58182419400026,
              -17.186469724466736
            ],
            [
              145.58177669400018,
              -17.186352224466763
            ],
            [
              145.58166969400025,
              -17.18614172446679
            ],
            [
              145.58161519400022,
              -17.185835724466784
            ],
            [
              145.58154669400025,
              -17.18519472446685
            ],
            [
              145.58154069400024,
              -17.18485272446682
            ],
            [
              145.58154819400028,
              -17.184684724466866
            ],
            [
              145.58161219400023,
              -17.184549224466874
            ],
            [
              145.58144819400016,
              -17.184477724466888
            ],
            [
              145.58137669400017,
              -17.184358224466912
            ],
            [
              145.58136369400023,
              -17.184200724466915
            ],
            [
              145.58138369400018,
              -17.183997724466867
            ],
            [
              145.58144369400026,
              -17.183833724466897
            ],
            [
              145.58145969400022,
              -17.183693224466914
            ],
            [
              145.5816636940002,
              -17.183512724466922
            ],
            [
              145.58196069400017,
              -17.18327972446695
            ],
            [
              145.58183019400022,
              -17.183132724466923
            ],
            [
              145.5815396940002,
              -17.183318724466908
            ],
            [
              145.58128569400017,
              -17.18329872446692
            ],
            [
              145.58114519400024,
              -17.183502724466955
            ],
            [
              145.58099119400018,
              -17.18365022446693
            ],
            [
              145.58081419400017,
              -17.18369322446694
            ],
            [
              145.58067369400024,
              -17.18377022446692
            ],
            [
              145.5807771940003,
              -17.18391422446694
            ],
            [
              145.58071019400023,
              -17.184138224466928
            ],
            [
              145.58057969400028,
              -17.18445272446692
            ],
            [
              145.58043619400024,
              -17.184706724466885
            ],
            [
              145.58028619400025,
              -17.184882224466897
            ],
            [
              145.58052619400024,
              -17.185212224466827
            ],
            [
              145.58056969400016,
              -17.185509724466854
            ],
            [
              145.58053319400028,
              -17.185720224466834
            ],
            [
              145.58042619400027,
              -17.185967724466817
            ],
            [
              145.5802956940002,
              -17.1861317244668
            ],
            [
              145.58013169400027,
              -17.1862187244668
            ],
            [
              145.5799241940003,
              -17.1862187244668
            ],
            [
              145.5796766940003,
              -17.186105224466804
            ],
            [
              145.57955319400023,
              -17.18598122446684
            ],
            [
              145.57948269400023,
              -17.185757224466844
            ],
            [
              145.57935569400018,
              -17.185439224466865
            ],
            [
              145.5791351940002,
              -17.185212224466813
            ],
            [
              145.57900119400026,
              -17.185161724466823
            ],
            [
              145.5788506940002,
              -17.185071724466827
            ],
            [
              145.57844919400029,
              -17.184994724466844
            ],
            [
              145.57828219400022,
              -17.184877724466855
            ],
            [
              145.5781681940003,
              -17.184706724466846
            ],
            [
              145.57815819400022,
              -17.184539724466873
            ],
            [
              145.5781981940002,
              -17.18438922446687
            ],
            [
              145.5782951940002,
              -17.184198724466842
            ],
            [
              145.5783956940002,
              -17.184021224466907
            ],
            [
              145.5785396940002,
              -17.183780224466915
            ],
            [
              145.57856969400024,
              -17.18361322446689
            ],
            [
              145.5786396940003,
              -17.183345724466957
            ],
            [
              145.57875019400015,
              -17.183114724466932
            ],
            [
              145.5788621940002,
              -17.18292572446697
            ],
            [
              145.57887569400023,
              -17.18276872446697
            ],
            [
              145.5786431940002,
              -17.182810224466976
            ],
            [
              145.5782871940002,
              -17.182825724466912
            ],
            [
              145.57795969400019,
              -17.182763224466964
            ],
            [
              145.57776419400025,
              -17.182663224466925
            ],
            [
              145.57763719400023,
              -17.182563224466957
            ],
            [
              145.57758419400025,
              -17.182418724466924
            ],
            [
              145.57765969400023,
              -17.182108224466983
            ],
            [
              145.57779719400017,
              -17.181934224466993
            ],
            [
              145.5779811940002,
              -17.18178022446698
            ],
            [
              145.57806819400017,
              -17.18156372446699
            ],
            [
              145.5776971940002,
              -17.181672224466976
            ],
            [
              145.5775091940002,
              -17.181744724466956
            ],
            [
              145.5772981940002,
              -17.181674224466953
            ],
            [
              145.57714719400025,
              -17.181534224466983
            ],
            [
              145.5770771940002,
              -17.181276724467015
            ],
            [
              145.5770576940002,
              -17.181064724467003
            ],
            [
              145.5772716940002,
              -17.180994224467018
            ],
            [
              145.57743669400026,
              -17.180900724467026
            ],
            [
              145.57725169400024,
              -17.180688224467
            ],
            [
              145.5771336940002,
              -17.180648224467046
            ],
            [
              145.57710469400018,
              -17.18057272446702
            ],
            [
              145.57720169400025,
              -17.180224724467056
            ],
            [
              145.57740219400023,
              -17.17989072446707
            ],
            [
              145.57763669400018,
              -17.179636224467117
            ],
            [
              145.57783369400022,
              -17.17949222446709
            ],
            [
              145.57802119400017,
              -17.179375224467115
            ],
            [
              145.5781546940002,
              -17.179345224467138
            ],
            [
              145.57834569400018,
              -17.179418724467126
            ],
            [
              145.57848269400017,
              -17.17962972446709
            ],
            [
              145.57866319400023,
              -17.179847224467107
            ],
            [
              145.57880119400025,
              -17.180036724467136
            ],
            [
              145.57890069400014,
              -17.179870224467113
            ],
            [
              145.5787436940002,
              -17.179422224467125
            ],
            [
              145.57874019400015,
              -17.17918122446718
            ],
            [
              145.57878719400017,
              -17.17897422446715
            ],
            [
              145.57894419400017,
              -17.1788237244672
            ],
            [
              145.57911819400022,
              -17.178729724467225
            ],
            [
              145.5793321940001,
              -17.178632724467196
            ],
            [
              145.57953619400016,
              -17.17858272446722
            ],
            [
              145.57972019400015,
              -17.178632724467217
            ],
            [
              145.57976719400014,
              -17.17882322446723
            ],
            [
              145.57978219400013,
              -17.17902722446722
            ],
            [
              145.57994419400012,
              -17.178820224467238
            ],
            [
              145.58001469400014,
              -17.178676224467214
            ],
            [
              145.58034219400017,
              -17.178659724467195
            ],
            [
              145.58061019400017,
              -17.178719724467207
            ],
            [
              145.58077369400016,
              -17.178823724467215
            ],
            [
              145.58086769400015,
              -17.178987224467196
            ],
            [
              145.58096769400015,
              -17.179181224467197
            ],
            [
              145.5810111940002,
              -17.179418724467155
            ],
            [
              145.58097019400023,
              -17.17960972446717
            ],
            [
              145.58108419400014,
              -17.17963622446715
            ],
            [
              145.5811621940002,
              -17.179384224467185
            ],
            [
              145.5811266940002,
              -17.179146224467168
            ],
            [
              145.58119169400015,
              -17.17900072446721
            ],
            [
              145.5812221940001,
              -17.178903724467162
            ],
            [
              145.58141919400023,
              -17.178913724467197
            ],
            [
              145.5817271940002,
              -17.178974224467137
            ],
            [
              145.5818841940002,
              -17.17890372446715
            ],
            [
              145.58203819400023,
              -17.178893724467166
            ],
            [
              145.58219869400028,
              -17.17896722446715
            ],
            [
              145.5823526940002,
              -17.178967224467144
            ],
            [
              145.58260669400028,
              -17.178943724467146
            ],
            [
              145.5827806940003,
              -17.179050724467146
            ],
            [
              145.58285869400018,
              -17.178932724467167
            ],
            [
              145.58287769400025,
              -17.17879672446712
            ],
            [
              145.58279019400015,
              -17.17861172446715
            ],
            [
              145.58259669400016,
              -17.17863272446716
            ],
            [
              145.58237869400023,
              -17.178593224467136
            ],
            [
              145.58218119400024,
              -17.1786632244672
            ],
            [
              145.58203519400016,
              -17.178479724467163
            ],
            [
              145.58171519400014,
              -17.178574724467207
            ],
            [
              145.5813826940001,
              -17.178428724467192
            ],
            [
              145.58134519400014,
              -17.178253724467194
            ],
            [
              145.58118819400025,
              -17.178144224467257
            ],
            [
              145.58109469400017,
              -17.17798722446726
            ],
            [
              145.58089419400014,
              -17.177927224467243
            ],
            [
              145.5807636940002,
              -17.17783022446728
            ],
            [
              145.58060669400015,
              -17.17779672446725
            ],
            [
              145.5805021940001,
              -17.17772722446726
            ],
            [
              145.58038169400012,
              -17.17762022446725
            ],
            [
              145.5802321940001,
              -17.177525724467284
            ],
            [
              145.58017169500013,
              -17.17742222446727
            ],
            [
              145.5801146950001,
              -17.177258224467284
            ],
            [
              145.58012519500014,
              -17.17714122446731
            ],
            [
              145.58026869500014,
              -17.176937224467324
            ],
            [
              145.58025519500012,
              -17.176699724467305
            ],
            [
              145.58021169500017,
              -17.176502224467363
            ],
            [
              145.58015819500014,
              -17.176368224467367
            ],
            [
              145.5800646950001,
              -17.176181224467346
            ],
            [
              145.57994119500012,
              -17.176385224467328
            ],
            [
              145.57992069500014,
              -17.176672724467323
            ],
            [
              145.5798671950001,
              -17.176910224467335
            ],
            [
              145.57975719500016,
              -17.177147724467286
            ],
            [
              145.57963669500012,
              -17.17732522446728
            ],
            [
              145.57945519500012,
              -17.177422224467257
            ],
            [
              145.57895419500014,
              -17.177509224467233
            ],
            [
              145.5787166950001,
              -17.177468724467218
            ],
            [
              145.57859819500015,
              -17.177598724467217
            ],
            [
              145.57832719500013,
              -17.177695724467245
            ],
            [
              145.57810819500008,
              -17.177699724467235
            ],
            [
              145.57794769500015,
              -17.177582724467243
            ],
            [
              145.57779369500017,
              -17.177438724467216
            ],
            [
              145.57766969500014,
              -17.177301724467224
            ],
            [
              145.57756269500018,
              -17.177211224467225
            ],
            [
              145.57746919500016,
              -17.177335224467246
            ],
            [
              145.57751619500016,
              -17.177525724467216
            ],
            [
              145.57750919500018,
              -17.177813224467208
            ],
            [
              145.57741569500013,
              -17.17798722446721
            ],
            [
              145.57729219500015,
              -17.178097724467154
            ],
            [
              145.57712469500018,
              -17.17817822446716
            ],
            [
              145.57700119500018,
              -17.17818122446715
            ],
            [
              145.5768571950003,
              -17.17813122446716
            ],
            [
              145.57682369500014,
              -17.178308224467155
            ],
            [
              145.57671319500017,
              -17.17846872446714
            ],
            [
              145.57628519500022,
              -17.178646223467137
            ],
            [
              145.57608469500025,
              -17.17865972346709
            ],
            [
              145.57590719500013,
              -17.178562723467127
            ],
            [
              145.57580669500027,
              -17.178468723467137
            ],
            [
              145.5755291950002,
              -17.17830822346715
            ],
            [
              145.57554269500022,
              -17.178489223467142
            ],
            [
              145.57562969500023,
              -17.178673223467115
            ],
            [
              145.5756396950002,
              -17.1789872234671
            ],
            [
              145.5755291950002,
              -17.17918472346711
            ],
            [
              145.57536219500017,
              -17.179355223467052
            ],
            [
              145.57516119500025,
              -17.179482223467065
            ],
            [
              145.57496069500021,
              -17.179475723467018
            ],
            [
              145.5747731950002,
              -17.17939222346706
            ],
            [
              145.5746096950002,
              -17.179271723467036
            ],
            [
              145.5743921950002,
              -17.179121223467074
            ],
            [
              145.57429819500027,
              -17.17895722346704
            ],
            [
              145.57419819500026,
              -17.178806723467094
            ],
            [
              145.5740911950002,
              -17.178693223467096
            ],
            [
              145.57401069500023,
              -17.17858272346709
            ],
            [
              145.5739171950002,
              -17.178673223467086
            ],
            [
              145.57400069500028,
              -17.178964223467073
            ],
            [
              145.5737431950002,
              -17.17922172346703
            ],
            [
              145.5735456950003,
              -17.179355223467034
            ],
            [
              145.5734251950002,
              -17.179432223467053
            ],
            [
              145.57361619500028,
              -17.179622723467016
            ],
            [
              145.57375969500018,
              -17.17976022346701
            ],
            [
              145.57389719500026,
              -17.179984223467006
            ],
            [
              145.57403419500025,
              -17.180261723466963
            ],
            [
              145.57413469500028,
              -17.18050572346697
            ],
            [
              145.5741176950002,
              -17.180726723466968
            ],
            [
              145.5739606950003,
              -17.180873723466988
            ],
            [
              145.57371969500016,
              -17.18099772346694
            ],
            [
              145.5733951950003,
              -17.181087723466938
            ],
            [
              145.5731576950003,
              -17.181108223466936
            ],
            [
              145.57287669500033,
              -17.181118223466914
            ],
            [
              145.57268969500024,
              -17.18103422346695
            ],
            [
              145.57258569500027,
              -17.180850223466972
            ],
            [
              145.5725321950003,
              -17.180572723466952
            ],
            [
              145.57253219500032,
              -17.180318723466975
            ],
            [
              145.5725791950003,
              -17.17990072346697
            ],
            [
              145.57254219500027,
              -17.179699723466985
            ],
            [
              145.5722046950003,
              -17.179489223467016
            ],
            [
              145.57200719500028,
              -17.179298223467047
            ],
            [
              145.5718431950002,
              -17.179151223467024
            ],
            [
              145.57163269500026,
              -17.178950723467032
            ],
            [
              145.57144219500023,
              -17.178729723467036
            ],
            [
              145.57128819500028,
              -17.178522723467065
            ],
            [
              145.57117119500023,
              -17.178355223467083
            ],
            [
              145.57088019500026,
              -17.178067723467098
            ],
            [
              145.57072619500025,
              -17.17790722346711
            ],
            [
              145.57054569500028,
              -17.17773322346711
            ],
            [
              145.57033169500022,
              -17.17746572346712
            ],
            [
              145.57014419500015,
              -17.17717772346712
            ],
            [
              145.57004069500027,
              -17.176940223467167
            ],
            [
              145.5700571950003,
              -17.17660272346718
            ],
            [
              145.5702346950002,
              -17.176304723467204
            ],
            [
              145.5703581950002,
              -17.176077723467216
            ],
            [
              145.57051869500017,
              -17.175933723467203
            ],
            [
              145.57075969500028,
              -17.175702723467232
            ],
            [
              145.57097719500018,
              -17.175562223467253
            ],
            [
              145.57147169500013,
              -17.175424723467266
            ],
            [
              145.5715426950002,
              -17.17529672346725
            ],
            [
              145.57174019500022,
              -17.17528372346723
            ],
            [
              145.5718136950002,
              -17.175374223467223
            ],
            [
              145.57197119500017,
              -17.175267223467273
            ],
            [
              145.57178969500023,
              -17.174901223467245
            ],
            [
              145.57162319500017,
              -17.174690223467262
            ],
            [
              145.57166269500024,
              -17.17452572346727
            ],
            [
              145.57159919500023,
              -17.17435822346724
            ],
            [
              145.57148569500023,
              -17.17424772346723
            ],
            [
              145.5712046950003,
              -17.17414072346722
            ],
            [
              145.57073619500025,
              -17.174007223467267
            ],
            [
              145.57037519500028,
              -17.173966723467245
            ],
            [
              145.56994019500027,
              -17.173977223467237
            ],
            [
              145.56963269500028,
              -17.174023723467236
            ],
            [
              145.5693046950002,
              -17.174040723467247
            ],
            [
              145.56907719500032,
              -17.174084223467247
            ],
            [
              145.56881619500027,
              -17.174114223467242
            ],
            [
              145.56862219500024,
              -17.174211223467285
            ],
            [
              145.56838169500026,
              -17.174294723467252
            ],
            [
              145.5683746960003,
              -17.17414772346727
            ],
            [
              145.56857869600023,
              -17.17399022346726
            ],
            [
              145.56870269600026,
              -17.17378972346726
            ],
            [
              145.56865569600026,
              -17.17366572346723
            ],
            [
              145.56852219600034,
              -17.173384723467255
            ],
            [
              145.56861569600028,
              -17.173227723467242
            ],
            [
              145.56888569600028,
              -17.17318122346725
            ],
            [
              145.5693976960002,
              -17.173173223467266
            ],
            [
              145.56991519500022,
              -17.173200723467254
            ],
            [
              145.57037469500023,
              -17.17325672346722
            ],
            [
              145.57081919500018,
              -17.17339822346726
            ],
            [
              145.5711331950002,
              -17.173615723467226
            ],
            [
              145.57154619500028,
              -17.173811223467247
            ],
            [
              145.5719246950003,
              -17.173902723467247
            ],
            [
              145.57234519500014,
              -17.17394522346726
            ],
            [
              145.57268069500017,
              -17.17391022346723
            ],
            [
              145.57288619500014,
              -17.173819223467234
            ],
            [
              145.57315219500015,
              -17.173735723467278
            ],
            [
              145.57356519500013,
              -17.17374172346727
            ],
            [
              145.57379019500013,
              -17.173706723467244
            ],
            [
              145.57399369500015,
              -17.17371622346728
            ],
            [
              145.57407469500015,
              -17.173944723467276
            ],
            [
              145.5741826950002,
              -17.174157223467255
            ],
            [
              145.57427519500015,
              -17.174294223467253
            ],
            [
              145.5743266950002,
              -17.174539723467266
            ],
            [
              145.57453419500013,
              -17.1746422234673
            ],
            [
              145.57450519500014,
              -17.17441772346729
            ],
            [
              145.5744636950002,
              -17.174222223467268
            ],
            [
              145.57445019500014,
              -17.174074723467296
            ],
            [
              145.57445019500014,
              -17.173903223467267
            ],
            [
              145.57455319500014,
              -17.173948223467267
            ],
            [
              145.57463369500022,
              -17.17406472346727
            ],
            [
              145.57480669500023,
              -17.173997723467266
            ],
            [
              145.57501419500022,
              -17.1739857234673
            ],
            [
              145.5751361950001,
              -17.17403872346728
            ],
            [
              145.5751821950001,
              -17.174167723467296
            ],
            [
              145.57537069500015,
              -17.174291223467275
            ],
            [
              145.57530419500014,
              -17.17401322346729
            ],
            [
              145.57555969500012,
              -17.17402022346728
            ],
            [
              145.57579619500015,
              -17.174054223467305
            ],
            [
              145.5758046950002,
              -17.173936223467273
            ],
            [
              145.57574319500017,
              -17.173798723467275
            ],
            [
              145.57551169500016,
              -17.17374722346727
            ],
            [
              145.5749506950002,
              -17.173656723467264
            ],
            [
              145.57484119500023,
              -17.173611723467264
            ],
            [
              145.57475219500023,
              -17.173442223467234
            ],
            [
              145.57463719500018,
              -17.173286223467287
            ],
            [
              145.57447069500017,
              -17.17315072346728
            ],
            [
              145.57431319500017,
              -17.173080223467228
            ],
            [
              145.5740986950002,
              -17.17301172346723
            ],
            [
              145.5738776950002,
              -17.172861223467265
            ],
            [
              145.57373369500024,
              -17.17269472346723
            ],
            [
              145.57315519500017,
              -17.172328723467235
            ],
            [
              145.5729231950002,
              -17.172160723467247
            ],
            [
              145.57273769500026,
              -17.171957223467242
            ],
            [
              145.5725466950002,
              -17.171767723467212
            ],
            [
              145.57221669500026,
              -17.171490223467213
            ],
            [
              145.57203719500032,
              -17.171372723467233
            ],
            [
              145.57180519600018,
              -17.171173723467223
            ],
            [
              145.57140019600018,
              -17.17091222346719
            ],
            [
              145.5711421960003,
              -17.170775223467203
            ],
            [
              145.57093069600035,
              -17.17063072346722
            ],
            [
              145.57068269600026,
              -17.170568723467202
            ],
            [
              145.57037819600032,
              -17.170517223467215
            ],
            [
              145.5701366960003,
              -17.17037022346719
            ],
            [
              145.56997319600032,
              -17.170242723467183
            ],
            [
              145.56980669600034,
              -17.170102223467193
            ],
            [
              145.5696856960003,
              -17.169981723467195
            ],
            [
              145.56955869600029,
              -17.16982822346719
            ],
            [
              145.5693101960003,
              -17.169563223467183
            ],
            [
              145.5692221960003,
              -17.169364223467163
            ],
            [
              145.56959419600028,
              -17.1694362234672
            ],
            [
              145.5700546960003,
              -17.169432723467157
            ],
            [
              145.5703881960003,
              -17.16934472346715
            ],
            [
              145.57064569600027,
              -17.169181223467163
            ],
            [
              145.57077019600024,
              -17.169031223467194
            ],
            [
              145.57087119600035,
              -17.168841723467157
            ],
            [
              145.5709036960003,
              -17.168678223467165
            ],
            [
              145.5708841960003,
              -17.168456223467153
            ],
            [
              145.57080619600026,
              -17.168221223467174
            ],
            [
              145.57053819600029,
              -17.167897723467146
            ],
            [
              145.57032919600036,
              -17.16769872346713
            ],
            [
              145.57019519600036,
              -17.167561723467134
            ],
            [
              145.57003869600038,
              -17.16745372346711
            ],
            [
              145.56980019600033,
              -17.167424223467126
            ],
            [
              145.56955169600036,
              -17.167368723467163
            ],
            [
              145.56944419600032,
              -17.16731322346714
            ],
            [
              145.5692411960004,
              -17.16717872346713
            ],
            [
              145.56915369600034,
              -17.167030223467165
            ],
            [
              145.5692126960003,
              -17.16691622346717
            ],
            [
              145.56940519600028,
              -17.166833723467146
            ],
            [
              145.5703041960003,
              -17.166725223467132
            ],
            [
              145.57055719600035,
              -17.16670322346713
            ],
            [
              145.57075669600033,
              -17.16692972346713
            ],
            [
              145.57107769600034,
              -17.167262723467143
            ],
            [
              145.57136419600033,
              -17.16751922346713
            ],
            [
              145.57170519600027,
              -17.167801723467157
            ],
            [
              145.57196769600034,
              -17.168003723467162
            ],
            [
              145.57228069600032,
              -17.168328723467138
            ],
            [
              145.57224019600025,
              -17.168562723467176
            ],
            [
              145.57214919600028,
              -17.168806723467195
            ],
            [
              145.57192919600027,
              -17.168964223467196
            ],
            [
              145.57179019600025,
              -17.169135723467164
            ],
            [
              145.57174569600033,
              -17.169259223467193
            ],
            [
              145.57175169600032,
              -17.169444723467183
            ],
            [
              145.5717536960003,
              -17.169723223467166
            ],
            [
              145.5718321960003,
              -17.170084723467173
            ],
            [
              145.5719716960003,
              -17.17031072346716
            ],
            [
              145.5723411960002,
              -17.170427723467224
            ],
            [
              145.5725126960003,
              -17.17039722346718
            ],
            [
              145.57263169600023,
              -17.170393223467187
            ],
            [
              145.5727326960003,
              -17.17045572346721
            ],
            [
              145.57279919500021,
              -17.170678223467217
            ],
            [
              145.57299319500027,
              -17.1709102234672
            ],
            [
              145.5732676950002,
              -17.170972723467216
            ],
            [
              145.5736491950002,
              -17.170910223467217
            ],
            [
              145.5740306950002,
              -17.17090622346723
            ],
            [
              145.5743476950002,
              -17.170871723467204
            ],
            [
              145.57460369500023,
              -17.17090022346725
            ],
            [
              145.57492269500023,
              -17.17099072346725
            ],
            [
              145.57509019500017,
              -17.171150223467247
            ],
            [
              145.57521969500024,
              -17.17136422346723
            ],
            [
              145.57538119500023,
              -17.171703223467233
            ],
            [
              145.57549619500017,
              -17.171889223467225
            ],
            [
              145.5756071950002,
              -17.17195972346728
            ],
            [
              145.57577669500017,
              -17.172052723467274
            ],
            [
              145.57588169500016,
              -17.172082723467263
            ],
            [
              145.57602469500023,
              -17.17217672346726
            ],
            [
              145.57624069500014,
              -17.172240223467266
            ],
            [
              145.57638619500014,
              -17.17235122346728
            ],
            [
              145.5764466950002,
              -17.17251672346726
            ],
            [
              145.5764101950002,
              -17.172742723467266
            ],
            [
              145.5764666950001,
              -17.172896223467273
            ],
            [
              145.57645069500018,
              -17.173082223467258
            ],
            [
              145.5765331950001,
              -17.173262223467276
            ],
            [
              145.57672969500013,
              -17.1731852234673
            ],
            [
              145.5768181950002,
              -17.173047723467302
            ],
            [
              145.57693519500012,
              -17.172972723467318
            ],
            [
              145.57717519500022,
              -17.17290822446731
            ],
            [
              145.57745819500016,
              -17.172715224467293
            ],
            [
              145.57756519500012,
              -17.172559224467282
            ],
            [
              145.57769619500013,
              -17.172482224467313
            ],
            [
              145.57787169500017,
              -17.172415724467307
            ],
            [
              145.5780086950002,
              -17.1723767244673
            ],
            [
              145.57814619500016,
              -17.17239472446732
            ],
            [
              145.5782691950002,
              -17.172405724467357
            ],
            [
              145.5783781950001,
              -17.172504724467338
            ],
            [
              145.57844719500017,
              -17.172648224467327
            ],
            [
              145.57861269500015,
              -17.172605724467374
            ],
            [
              145.5786671950002,
              -17.17270872446734
            ],
            [
              145.57865269500013,
              -17.17284772446733
            ],
            [
              145.5785036950002,
              -17.17298122446734
            ],
            [
              145.57853169500012,
              -17.17310222446737
            ],
            [
              145.5786386950002,
              -17.17303372446737
            ],
            [
              145.57873369500015,
              -17.17309422446734
            ],
            [
              145.57881619500012,
              -17.173203224467358
            ],
            [
              145.5788586950002,
              -17.173306224467385
            ],
            [
              145.5789456950001,
              -17.17322322446736
            ],
            [
              145.5789211950001,
              -17.172991224467378
            ],
            [
              145.5789211950001,
              -17.17277522446735
            ],
            [
              145.5788626950002,
              -17.172456224467357
            ],
            [
              145.5789456950001,
              -17.172325224467343
            ],
            [
              145.57898819500016,
              -17.172189724467348
            ],
            [
              145.57901019500008,
              -17.17202222446737
            ],
            [
              145.57909719500012,
              -17.17190422446733
            ],
            [
              145.57909319500013,
              -17.171718724467333
            ],
            [
              145.57902319500022,
              -17.17156122446734
            ],
            [
              145.5789301950002,
              -17.171458224467372
            ],
            [
              145.5787031950002,
              -17.171352224467338
            ],
            [
              145.57858869500024,
              -17.171250224467304
            ],
            [
              145.5784046950001,
              -17.171062224467306
            ],
            [
              145.57824319500014,
              -17.170955724467294
            ],
            [
              145.57812369500016,
              -17.17083272446732
            ],
            [
              145.5779726950002,
              -17.170754724467276
            ],
            [
              145.57784969500017,
              -17.170591224467287
            ],
            [
              145.5777486950002,
              -17.170387224467277
            ],
            [
              145.57772869500013,
              -17.170120724467274
            ],
            [
              145.57779119500015,
              -17.169915224467278
            ],
            [
              145.57791019500021,
              -17.16975772446727
            ],
            [
              145.57803119500022,
              -17.169666724467287
            ],
            [
              145.57825519500022,
              -17.16958172446727
            ],
            [
              145.5784611950002,
              -17.169497224467264
            ],
            [
              145.5789191950001,
              -17.169479224467313
            ],
            [
              145.57914569500022,
              -17.169553724467317
            ],
            [
              145.5792806950002,
              -17.169624224467313
            ],
            [
              145.57945819500017,
              -17.16976172446731
            ],
            [
              145.5796501950002,
              -17.169967724467316
            ],
            [
              145.57976919500015,
              -17.170185724467338
            ],
            [
              145.57984969500023,
              -17.170427724467366
            ],
            [
              145.57986219500012,
              -17.170710224467335
            ],
            [
              145.57991069500017,
              -17.170948724467355
            ],
            [
              145.57996269500015,
              -17.17115822446736
            ],
            [
              145.57996069500018,
              -17.17138022446737
            ],
            [
              145.57991869500015,
              -17.171493724467368
            ],
            [
              145.57989819500014,
              -17.17162472446738
            ],
            [
              145.57995069500015,
              -17.171805224467377
            ],
            [
              145.58009969500017,
              -17.17188222446735
            ],
            [
              145.58030319500014,
              -17.17182572446737
            ],
            [
              145.58045019500008,
              -17.171803724467374
            ],
            [
              145.58067069500018,
              -17.171806224467364
            ],
            [
              145.58110969500012,
              -17.171852724467335
            ],
            [
              145.58138619500016,
              -17.17194572446733
            ],
            [
              145.5815061950002,
              -17.172057724467336
            ],
            [
              145.58152919500012,
              -17.172169724467345
            ],
            [
              145.58169369500004,
              -17.172055724467327
            ],
            [
              145.5817771950002,
              -17.172087724467293
            ],
            [
              145.5816946950001,
              -17.17240772446736
            ],
            [
              145.5816411950002,
              -17.172547224467348
            ],
            [
              145.58155619500016,
              -17.172752224467345
            ],
            [
              145.58160019500016,
              -17.172819724467338
            ],
            [
              145.58168419500024,
              -17.172774224467343
            ],
            [
              145.5818031950001,
              -17.172622224467332
            ],
            [
              145.58184269500018,
              -17.172438724467337
            ],
            [
              145.58195569500015,
              -17.172438724467337
            ],
            [
              145.5819981950002,
              -17.172331724467313
            ],
            [
              145.58208869500015,
              -17.172346224467326
            ],
            [
              145.58211269500018,
              -17.17220072446736
            ],
            [
              145.58207669500018,
              -17.171803224467318
            ],
            [
              145.58210119500018,
              -17.1715192244673
            ],
            [
              145.58204619500023,
              -17.171388224467297
            ],
            [
              145.58190969500018,
              -17.17124822446731
            ],
            [
              145.5818301950002,
              -17.171100724467337
            ],
            [
              145.5818301950002,
              -17.170831724467327
            ],
            [
              145.58185669500017,
              -17.170517224467318
            ],
            [
              145.58182069500015,
              -17.170294224467316
            ],
            [
              145.58181119500026,
              -17.170030724467285
            ],
            [
              145.5819551950002,
              -17.169805724467285
            ],
            [
              145.5820706950002,
              -17.16957822446728
            ],
            [
              145.58204719500023,
              -17.169445724467277
            ],
            [
              145.58193019500015,
              -17.169276224467303
            ],
            [
              145.58180769500018,
              -17.16913522446726
            ],
            [
              145.5817086950002,
              -17.168942724467296
            ],
            [
              145.5816226950002,
              -17.168801724467308
            ],
            [
              145.58159919500017,
              -17.168668724467306
            ],
            [
              145.58169569500026,
              -17.16845022446727
            ],
            [
              145.5818621950002,
              -17.16835872446728
            ],
            [
              145.58208619500024,
              -17.16832522446723
            ],
            [
              145.5823546950002,
              -17.168345724467255
            ],
            [
              145.58267819500023,
              -17.168465724467275
            ],
            [
              145.5828731950002,
              -17.16854922446723
            ],
            [
              145.58308969500015,
              -17.168689724467278
            ],
            [
              145.58325369500017,
              -17.168872224467275
            ],
            [
              145.5833816950002,
              -17.16911972446727
            ],
            [
              145.5834416950002,
              -17.16937272446725
            ],
            [
              145.5835716950002,
              -17.169713724467254
            ],
            [
              145.58366569500018,
              -17.17002422446727
            ],
            [
              145.58370219500028,
              -17.170211724467254
            ],
            [
              145.5836761950002,
              -17.170430724467273
            ],
            [
              145.58363969500024,
              -17.170594724467264
            ],
            [
              145.58359769500026,
              -17.170878724467283
            ],
            [
              145.58358469500016,
              -17.171058724467287
            ],
            [
              145.5836136950002,
              -17.171209724467264
            ],
            [
              145.58366819500023,
              -17.171368724467303
            ],
            [
              145.58379069500023,
              -17.171524724467258
            ],
            [
              145.5839051950002,
              -17.171610724467264
            ],
            [
              145.58400669500023,
              -17.171696724467285
            ],
            [
              145.58420219500027,
              -17.17174622446726
            ],
            [
              145.58439019500025,
              -17.171866224467298
            ],
            [
              145.5844861950002,
              -17.1719317244673
            ],
            [
              145.5848511950002,
              -17.17206172446725
            ],
            [
              145.5851716950003,
              -17.172189224467278
            ],
            [
              145.5856666950003,
              -17.172457724467275
            ],
            [
              145.5858466950003,
              -17.17255172446726
            ],
            [
              145.58608619400022,
              -17.1726062244673
            ],
            [
              145.5863416940003,
              -17.172632224467293
            ],
            [
              145.5866076940002,
              -17.172627224467245
            ],
            [
              145.58676119400022,
              -17.17257522446726
            ],
            [
              145.5870841940003,
              -17.172577724467256
            ],
            [
              145.58728769400034,
              -17.17303122446725
            ],
            [
              145.58731369400027,
              -17.17281472446728
            ],
            [
              145.58738669400032,
              -17.172648224467245
            ],
            [
              145.58751719400024,
              -17.1726507244673
            ],
            [
              145.58766269400027,
              -17.17275222446727
            ],
            [
              145.58778019400026,
              -17.17282022446727
            ],
            [
              145.5879521940003,
              -17.172827724467254
            ],
            [
              145.58809569400034,
              -17.172781224467254
            ],
            [
              145.58821819400032,
              -17.172736724467246
            ],
            [
              145.5883666940003,
              -17.17276272446724
            ],
            [
              145.58857519400033,
              -17.17271572446724
            ],
            [
              145.58877019400032,
              -17.172629724467292
            ],
            [
              145.58887969400033,
              -17.172536224467247
            ],
            [
              145.58909069400036,
              -17.172416224467263
            ],
            [
              145.58935419400035,
              -17.17233522446725
            ],
            [
              145.5895001940003,
              -17.172356224467244
            ],
            [
              145.58964319400027,
              -17.172437224467267
            ],
            [
              145.58981269400036,
              -17.172437224467267
            ],
            [
              145.58999019400034,
              -17.17241622446727
            ],
            [
              145.5901906940003,
              -17.17246822446725
            ],
            [
              145.59030769400042,
              -17.17236922446728
            ],
            [
              145.59047219400037,
              -17.172486724467273
            ],
            [
              145.5905686940003,
              -17.17244722446725
            ],
            [
              145.5905706940004,
              -17.17232072446729
            ],
            [
              145.59037819400032,
              -17.1722467244673
            ],
            [
              145.59024019400042,
              -17.172254724467283
            ],
            [
              145.59006569400032,
              -17.172285724467258
            ],
            [
              145.58982319400027,
              -17.17221572446726
            ],
            [
              145.58972119400033,
              -17.172106724467252
            ],
            [
              145.5896641940003,
              -17.171960224467266
            ],
            [
              145.58944519400032,
              -17.171970724467243
            ],
            [
              145.58924769400028,
              -17.17197522446724
            ],
            [
              145.58917269400024,
              -17.17189322446727
            ],
            [
              145.58914919400024,
              -17.171804224467266
            ],
            [
              145.5892376940003,
              -17.171687224467274
            ],
            [
              145.5894476940003,
              -17.171500224467238
            ],
            [
              145.58951569400028,
              -17.171361224467233
            ],
            [
              145.58942469400031,
              -17.17111572446723
            ],
            [
              145.58936219400027,
              -17.170857724467258
            ],
            [
              145.58929419400036,
              -17.170628724467253
            ],
            [
              145.58923419400028,
              -17.170287224467263
            ],
            [
              145.58929419400033,
              -17.17000322446724
            ],
            [
              145.58935169400024,
              -17.169792224467255
            ],
            [
              145.58934369500025,
              -17.169591224467244
            ],
            [
              145.58930469500027,
              -17.16944572446722
            ],
            [
              145.58920319500032,
              -17.16923172446723
            ],
            [
              145.58910669500025,
              -17.168953224467206
            ],
            [
              145.58901819500034,
              -17.168799224467172
            ],
            [
              145.58893219500033,
              -17.16859872446724
            ],
            [
              145.58877319500024,
              -17.16841872446723
            ],
            [
              145.58858519500026,
              -17.168189724467183
            ],
            [
              145.58843419500033,
              -17.167994224467215
            ],
            [
              145.5881551950002,
              -17.16769722446716
            ],
            [
              145.5879626950003,
              -17.167535224467173
            ],
            [
              145.58778819500026,
              -17.167376224467173
            ],
            [
              145.58756919500019,
              -17.16719422446717
            ],
            [
              145.58739169500024,
              -17.167061224467172
            ],
            [
              145.5871341950003,
              -17.167003724467197
            ],
            [
              145.5869176950002,
              -17.16707922446718
            ],
            [
              145.58668069500027,
              -17.167181224467207
            ],
            [
              145.58637019500026,
              -17.167326724467188
            ],
            [
              145.58611519500022,
              -17.167371224467182
            ],
            [
              145.58582319500024,
              -17.167347724467188
            ],
            [
              145.5856016950002,
              -17.16724072446718
            ],
            [
              145.58533069500018,
              -17.1671652244672
            ],
            [
              145.5850911950002,
              -17.16708722446717
            ],
            [
              145.58491919500028,
              -17.16699872446717
            ],
            [
              145.58483319500024,
              -17.16693322446722
            ],
            [
              145.58458269500025,
              -17.1666262244672
            ],
            [
              145.58439019500025,
              -17.166399224467206
            ],
            [
              145.58429619500023,
              -17.166266224467194
            ],
            [
              145.5843091950002,
              -17.16606572446719
            ],
            [
              145.58441869500024,
              -17.16590922446718
            ],
            [
              145.5845696950002,
              -17.16580772446721
            ],
            [
              145.58490869500025,
              -17.16567722446718
            ],
            [
              145.58515619500028,
              -17.165630724467196
            ],
            [
              145.58547669500015,
              -17.165672224467183
            ],
            [
              145.58581519500018,
              -17.165797224467156
            ],
            [
              145.58618519500027,
              -17.165891224467146
            ],
            [
              145.58696719500023,
              -17.16605522446719
            ],
            [
              145.58725119500022,
              -17.166162224467147
            ],
            [
              145.58737619500022,
              -17.16638872446715
            ],
            [
              145.58743869500026,
              -17.166521724467163
            ],
            [
              145.58765769500025,
              -17.166610224467153
            ],
            [
              145.58781419500028,
              -17.166537224467163
            ],
            [
              145.5879311950002,
              -17.166469724467163
            ],
            [
              145.58807469500024,
              -17.166451224467167
            ],
            [
              145.58822819500026,
              -17.166490724467163
            ],
            [
              145.58843669500024,
              -17.166691224467176
            ],
            [
              145.5887836950003,
              -17.167181224467207
            ],
            [
              145.5889761950003,
              -17.167397224467177
            ],
            [
              145.58919269500024,
              -17.167571724467194
            ],
            [
              145.58951319500034,
              -17.167793224467214
            ],
            [
              145.58982319500032,
              -17.16799672446722
            ],
            [
              145.5901591950003,
              -17.168048724467212
            ],
            [
              145.59052469500037,
              -17.16806172446723
            ],
            [
              145.59083519500032,
              -17.1680982244672
            ],
            [
              145.5910581950003,
              -17.16813022446723
            ],
            [
              145.59123019400036,
              -17.16824472446724
            ],
            [
              145.59129669400036,
              -17.168379224467234
            ],
            [
              145.59129669400036,
              -17.168535224467245
            ],
            [
              145.59123319400035,
              -17.168714224467248
            ],
            [
              145.5911706940003,
              -17.16892272446724
            ],
            [
              145.5910106940003,
              -17.169258724467248
            ],
            [
              145.59097219400033,
              -17.16948472446725
            ],
            [
              145.5909176940003,
              -17.169690224467246
            ],
            [
              145.5910311940003,
              -17.169994224467274
            ],
            [
              145.5911231940003,
              -17.16979322446728
            ],
            [
              145.59121669400034,
              -17.169787224467235
            ],
            [
              145.59127719400036,
              -17.169888724467267
            ],
            [
              145.5912981940003,
              -17.17008922446727
            ],
            [
              145.59130569400037,
              -17.17034972446724
            ],
            [
              145.5913421940003,
              -17.17046972446728
            ],
            [
              145.59148319400032,
              -17.170568724467262
            ],
            [
              145.5915401940004,
              -17.17079022446728
            ],
            [
              145.5916496940003,
              -17.17088122446728
            ],
            [
              145.5918581940004,
              -17.170870725467292
            ],
            [
              145.59181919400038,
              -17.171006225467305
            ],
            [
              145.59189219400034,
              -17.171209725467296
            ],
            [
              145.59202519400034,
              -17.171358225467266
            ],
            [
              145.59220469400037,
              -17.17138172546727
            ],
            [
              145.59231969400034,
              -17.17149372546728
            ],
            [
              145.59233019400034,
              -17.171712725467298
            ],
            [
              145.5924091940004,
              -17.171808725467283
            ],
            [
              145.5925541940004,
              -17.171885725467323
            ],
            [
              145.5926576940004,
              -17.171969225467283
            ],
            [
              145.59276969400034,
              -17.172098725467304
            ],
            [
              145.59286619400044,
              -17.17233572546734
            ],
            [
              145.59297519400036,
              -17.172443225467294
            ],
            [
              145.59303119400042,
              -17.1724422254673
            ],
            [
              145.59317269400037,
              -17.172376725467355
            ],
            [
              145.59308619400042,
              -17.172254725467315
            ],
            [
              145.59291469400043,
              -17.172103225467296
            ],
            [
              145.59286469400035,
              -17.1719417254673
            ],
            [
              145.59277669400032,
              -17.171838225467333
            ],
            [
              145.59254119400043,
              -17.171742725467286
            ],
            [
              145.5924511940004,
              -17.1716242254673
            ],
            [
              145.59244869400035,
              -17.171437225467304
            ],
            [
              145.59244019400043,
              -17.17122772546727
            ],
            [
              145.59231269400038,
              -17.1711647254673
            ],
            [
              145.59228419400037,
              -17.17092972546727
            ],
            [
              145.59216119400037,
              -17.170822225467255
            ],
            [
              145.59195469400032,
              -17.170710225467246
            ],
            [
              145.5918336940004,
              -17.17058472546727
            ],
            [
              145.59175969400036,
              -17.17047072546728
            ],
            [
              145.59158569400034,
              -17.17040672446727
            ],
            [
              145.5915546940003,
              -17.170231224467262
            ],
            [
              145.59157669400037,
              -17.170057724467238
            ],
            [
              145.59162269400036,
              -17.169804724467244
            ],
            [
              145.59168419400038,
              -17.169653224467236
            ],
            [
              145.59182719400036,
              -17.16961172446728
            ],
            [
              145.59197669400038,
              -17.169622725467246
            ],
            [
              145.59228619400037,
              -17.169745725467283
            ],
            [
              145.59244019400037,
              -17.16985972546729
            ],
            [
              145.59255019400035,
              -17.170013725467296
            ],
            [
              145.59273769400036,
              -17.170073725467272
            ],
            [
              145.59255919400033,
              -17.169845225467274
            ],
            [
              145.59250169400028,
              -17.169642725467263
            ],
            [
              145.59227319400037,
              -17.169514725467238
            ],
            [
              145.59222269400033,
              -17.169389725467273
            ],
            [
              145.59224669400035,
              -17.169134725467273
            ],
            [
              145.59229069400035,
              -17.168954725467273
            ],
            [
              145.5923981940004,
              -17.168816225467232
            ],
            [
              145.5925191940003,
              -17.168644725467264
            ],
            [
              145.59258519400035,
              -17.168517225467244
            ],
            [
              145.59266869400034,
              -17.16833072546726
            ],
            [
              145.59269069400037,
              -17.168097725467224
            ],
            [
              145.59262019400035,
              -17.16784272546724
            ],
            [
              145.59255219400032,
              -17.16762772546726
            ],
            [
              145.5924686940004,
              -17.16742972546724
            ],
            [
              145.59235669400027,
              -17.167302225467214
            ],
            [
              145.5921216950003,
              -17.1671967244672
            ],
            [
              145.59190819500031,
              -17.16706722446724
            ],
            [
              145.59166219500028,
              -17.16697522446718
            ],
            [
              145.59130919500032,
              -17.1667602244672
            ],
            [
              145.59100169500027,
              -17.166623724467208
            ],
            [
              145.59082169500027,
              -17.166532224467204
            ],
            [
              145.59073069500025,
              -17.166403724467184
            ],
            [
              145.59075719500024,
              -17.16623472446721
            ],
            [
              145.5907791950003,
              -17.166054224467203
            ],
            [
              145.5907801950003,
              -17.165871224467157
            ],
            [
              145.59049019500023,
              -17.165618724467162
            ],
            [
              145.59024469500022,
              -17.165384224467182
            ],
            [
              145.59006669500022,
              -17.165100224467153
            ],
            [
              145.58977969500023,
              -17.165008224467144
            ],
            [
              145.58968069500023,
              -17.164861224467185
            ],
            [
              145.58956419500026,
              -17.164665724467156
            ],
            [
              145.5896476950002,
              -17.16450972446715
            ],
            [
              145.58993119500022,
              -17.16439322446715
            ],
            [
              145.5902366950002,
              -17.164305724467155
            ],
            [
              145.59067369500025,
              -17.164285724467156
            ],
            [
              145.59100519500024,
              -17.164287724467147
            ],
            [
              145.59142519500026,
              -17.164395724467177
            ],
            [
              145.59173469500016,
              -17.164516224467157
            ],
            [
              145.5921061950002,
              -17.164608724467154
            ],
            [
              145.5925036950003,
              -17.164668225467178
            ],
            [
              145.59320919500027,
              -17.164793225467218
            ],
            [
              145.59350769500026,
              -17.16493172546722
            ],
            [
              145.59374969500024,
              -17.165118225467214
            ],
            [
              145.59398669500018,
              -17.16537122546721
            ],
            [
              145.59405719500032,
              -17.165551225467215
            ],
            [
              145.59413419400025,
              -17.16590922546722
            ],
            [
              145.5941976940003,
              -17.166124725467256
            ],
            [
              145.59424169400032,
              -17.166322225467283
            ],
            [
              145.59434269400026,
              -17.16644322546726
            ],
            [
              145.59436269400032,
              -17.166570725467288
            ],
            [
              145.59433819400036,
              -17.166717725467258
            ],
            [
              145.5943426940003,
              -17.166873725467266
            ],
            [
              145.5943736940003,
              -17.166983725467265
            ],
            [
              145.59451719400036,
              -17.167118725467276
            ],
            [
              145.59470319400035,
              -17.16701472546726
            ],
            [
              145.59475819400032,
              -17.166810225467266
            ],
            [
              145.59483519400032,
              -17.166500225467292
            ],
            [
              145.59480619400028,
              -17.166291725467257
            ],
            [
              145.59483719400032,
              -17.16603672546727
            ],
            [
              145.59489869400034,
              -17.165799725467238
            ],
            [
              145.5949841940003,
              -17.16526772546727
            ],
            [
              145.5949886950003,
              -17.16473172546725
            ],
            [
              145.5950371950002,
              -17.16453622546723
            ],
            [
              145.5951006950002,
              -17.164228725467254
            ],
            [
              145.5950481950003,
              -17.16403972546723
            ],
            [
              145.59496469500021,
              -17.16377822546726
            ],
            [
              145.59494719500017,
              -17.163415725467253
            ],
            [
              145.59502169500016,
              -17.16315222546724
            ],
            [
              145.5951491950002,
              -17.162870725467197
            ],
            [
              145.5952766950002,
              -17.16269722546723
            ],
            [
              145.59540169500022,
              -17.162506225467183
            ],
            [
              145.59546119500024,
              -17.16238072546721
            ],
            [
              145.59545469500017,
              -17.16221822546717
            ],
            [
              145.59531619500015,
              -17.16213472546722
            ],
            [
              145.5950526950002,
              -17.162101725467195
            ],
            [
              145.59478869500012,
              -17.162040225467173
            ],
            [
              145.59447469500017,
              -17.161994225467165
            ],
            [
              145.5941866950002,
              -17.161985225467184
            ],
            [
              145.59379119500025,
              -17.161937225467174
            ],
            [
              145.5934286950002,
              -17.161844725467176
            ],
            [
              145.59318519500016,
              -17.16165822546712
            ],
            [
              145.59311919500018,
              -17.16149522546713
            ],
            [
              145.59313419500015,
              -17.16136372546712
            ],
            [
              145.59320919500018,
              -17.16120322546713
            ],
            [
              145.5933606950002,
              -17.160990225467163
            ],
            [
              145.5936596950001,
              -17.160689225467124
            ],
            [
              145.59394069500007,
              -17.16054422546715
            ],
            [
              145.5942461950002,
              -17.16043222546715
            ],
            [
              145.59450319500007,
              -17.160410225467164
            ],
            [
              145.59464819500016,
              -17.160429725467168
            ],
            [
              145.59485269500016,
              -17.16053972546719
            ],
            [
              145.5950416950002,
              -17.160770225467182
            ],
            [
              145.5955026950001,
              -17.161220725467174
            ],
            [
              145.59576669500018,
              -17.16144472546717
            ],
            [
              145.59604269500014,
              -17.16166222546718
            ],
            [
              145.5963091950002,
              -17.161757225467156
            ],
            [
              145.5967026950002,
              -17.16179222546711
            ],
            [
              145.59733969500016,
              -17.161812225467102
            ],
            [
              145.5976681950002,
              -17.16186672546713
            ],
            [
              145.59793219500023,
              -17.16181922546713
            ],
            [
              145.5980846950001,
              -17.161835725467085
            ],
            [
              145.5981746950001,
              -17.1618952254671
            ],
            [
              145.59818219500016,
              -17.162120725467098
            ],
            [
              145.59812419500017,
              -17.162220225467085
            ],
            [
              145.5981171940002,
              -17.16233922546712
            ],
            [
              145.5981261940002,
              -17.16247322546712
            ],
            [
              145.59807769400015,
              -17.16260272546709
            ],
            [
              145.59809769400024,
              -17.162706225467115
            ],
            [
              145.59812369400015,
              -17.16279472546712
            ],
            [
              145.59811669400017,
              -17.1630482254671
            ],
            [
              145.59822269400013,
              -17.163137725467113
            ],
            [
              145.59811319400026,
              -17.16338722546711
            ],
            [
              145.59815719400012,
              -17.163490725467145
            ],
            [
              145.59828669400017,
              -17.163448725467124
            ],
            [
              145.5983826940002,
              -17.163299225467092
            ],
            [
              145.59841319400022,
              -17.163167225467085
            ],
            [
              145.59835669400016,
              -17.163033225467135
            ],
            [
              145.5983591940002,
              -17.16286222546712
            ],
            [
              145.59835469400014,
              -17.16266672546709
            ],
            [
              145.59834169400017,
              -17.162512725467078
            ],
            [
              145.59837219400012,
              -17.162328225467093
            ],
            [
              145.5984426940001,
              -17.162220225467077
            ],
            [
              145.59851969400015,
              -17.16201822546707
            ],
            [
              145.5986386940002,
              -17.16185722546707
            ],
            [
              145.59875919400017,
              -17.161983225467093
            ],
            [
              145.59901969400016,
              -17.162130725467062
            ],
            [
              145.59925969400012,
              -17.16218522546708
            ],
            [
              145.5994596940002,
              -17.162290725467095
            ],
            [
              145.59982669400017,
              -17.16266672546706
            ],
            [
              145.5999606940002,
              -17.16279372546708
            ],
            [
              145.60014469400016,
              -17.16295372546707
            ],
            [
              145.6004541940003,
              -17.163020725467074
            ],
            [
              145.60049019400017,
              -17.163198225467074
            ],
            [
              145.60058719400013,
              -17.163376225467076
            ],
            [
              145.60070319400023,
              -17.163497225467058
            ],
            [
              145.60090119400016,
              -17.16358272546708
            ],
            [
              145.60104819400024,
              -17.163663725467103
            ],
            [
              145.6011866940002,
              -17.16378722546707
            ],
            [
              145.6012921940002,
              -17.163872725467087
            ],
            [
              145.60141319400017,
              -17.163934225467102
            ],
            [
              145.60155069400017,
              -17.163925725467056
            ],
            [
              145.60173069400017,
              -17.16398722546707
            ],
            [
              145.60181069400016,
              -17.164046225467096
            ],
            [
              145.60195369400017,
              -17.16416722546707
            ],
            [
              145.60202169400023,
              -17.164342725467094
            ],
            [
              145.60201719400024,
              -17.16448122546708
            ],
            [
              145.60196969400027,
              -17.164629225467053
            ],
            [
              145.6024106940002,
              -17.164760225467063
            ],
            [
              145.60253519400027,
              -17.164837225467092
            ],
            [
              145.60253719400026,
              -17.164954725467076
            ],
            [
              145.6027581940003,
              -17.164943725467058
            ],
            [
              145.6028266940003,
              -17.164783725467057
            ],
            [
              145.60277419400023,
              -17.16458622546704
            ],
            [
              145.60259569400029,
              -17.164543225467096
            ],
            [
              145.60247919400018,
              -17.164469725467054
            ],
            [
              145.6025051940002,
              -17.164370225467067
            ],
            [
              145.6026071940002,
              -17.16424522546704
            ],
            [
              145.6027351940002,
              -17.164070725467077
            ],
            [
              145.60280169400022,
              -17.163937725467076
            ],
            [
              145.60289119400022,
              -17.16388372546704
            ],
            [
              145.60298919400026,
              -17.164070725467077
            ],
            [
              145.60317119400025,
              -17.16411822546708
            ],
            [
              145.6032371940002,
              -17.163995225467033
            ],
            [
              145.60327019400026,
              -17.163864725467025
            ],
            [
              145.60304969400022,
              -17.16381122546705
            ],
            [
              145.60297219400013,
              -17.163702225467038
            ],
            [
              145.60277019400021,
              -17.163648225467067
            ],
            [
              145.6025871940002,
              -17.163675225467042
            ],
            [
              145.60231569400014,
              -17.16370172546704
            ],
            [
              145.60226669400015,
              -17.163808725467057
            ],
            [
              145.60208119400025,
              -17.163821225467093
            ],
            [
              145.6018936940002,
              -17.16377322546704
            ],
            [
              145.60152119400018,
              -17.163639725467043
            ],
            [
              145.6013941940002,
              -17.163548225467036
            ],
            [
              145.6013001940002,
              -17.16349422546706
            ],
            [
              145.6011161940002,
              -17.16333622546707
            ],
            [
              145.60115869400022,
              -17.16325472546705
            ],
            [
              145.60133769400022,
              -17.163319225467042
            ],
            [
              145.60152319400018,
              -17.16330572546708
            ],
            [
              145.60141469400014,
              -17.16321722546708
            ],
            [
              145.60127719400023,
              -17.163080725467072
            ],
            [
              145.60117119400016,
              -17.162929725467063
            ],
            [
              145.6011066940001,
              -17.162703225467066
            ],
            [
              145.6010961940002,
              -17.16253022546704
            ],
            [
              145.60094419400014,
              -17.16247822546705
            ],
            [
              145.60090469400015,
              -17.162336725467075
            ],
            [
              145.60093369400022,
              -17.162184725467053
            ],
            [
              145.60091319400019,
              -17.162003225467053
            ],
            [
              145.60079219400015,
              -17.161899225467035
            ],
            [
              145.6006506940001,
              -17.16172422546702
            ],
            [
              145.60048819400015,
              -17.16161822546706
            ],
            [
              145.6003876940002,
              -17.161457725467073
            ],
            [
              145.6002311940002,
              -17.161318225467028
            ],
            [
              145.60008419400012,
              -17.16116022546702
            ],
            [
              145.60009669400011,
              -17.16093322546703
            ],
            [
              145.60019469400012,
              -17.160839225467033
            ],
            [
              145.60041119400017,
              -17.160806225467056
            ],
            [
              145.60050919400015,
              -17.16084572546701
            ],
            [
              145.6006651940001,
              -17.160981225467005
            ],
            [
              145.60078419400017,
              -17.161016225467037
            ],
            [
              145.60094869400012,
              -17.161124725467037
            ],
            [
              145.60106119400015,
              -17.16113072546702
            ],
            [
              145.6007756940001,
              -17.160922725467046
            ],
            [
              145.6007276940001,
              -17.160824725467002
            ],
            [
              145.60094019400006,
              -17.16081222546703
            ],
            [
              145.60109819400014,
              -17.16074372546702
            ],
            [
              145.60107969400016,
              -17.160652725467028
            ],
            [
              145.60103019400006,
              -17.16062422546704
            ],
            [
              145.6008941940001,
              -17.16067922546702
            ],
            [
              145.6007306940001,
              -17.160617725467013
            ],
            [
              145.60064719400015,
              -17.160540225467035
            ],
            [
              145.60053719400008,
              -17.160469725467046
            ],
            [
              145.60023619400013,
              -17.16050022546703
            ],
            [
              145.5999381950001,
              -17.160507225467022
            ],
            [
              145.59940219500007,
              -17.160114725467047
            ],
            [
              145.59917719500007,
              -17.15993572546705
            ],
            [
              145.59894119500012,
              -17.159808725467034
            ],
            [
              145.59884969500004,
              -17.159710725467065
            ],
            [
              145.59868919500005,
              -17.159692225467055
            ],
            [
              145.59858519500008,
              -17.15975072546708
            ],
            [
              145.59837269500014,
              -17.159846225467067
            ],
            [
              145.5981001950001,
              -17.159854725467056
            ],
            [
              145.59792719500007,
              -17.159835725467055
            ],
            [
              145.5976606950001,
              -17.15982772546709
            ],
            [
              145.59736319500016,
              -17.159740225467093
            ],
            [
              145.59717769500008,
              -17.159658725467136
            ],
            [
              145.59708619500014,
              -17.15952772546712
            ],
            [
              145.5970591950001,
              -17.159321725467144
            ],
            [
              145.59686319500014,
              -17.159196725467137
            ],
            [
              145.5967611950002,
              -17.159019725467136
            ],
            [
              145.59671569500014,
              -17.15873222546714
            ],
            [
              145.59671969500016,
              -17.158578225467206
            ],
            [
              145.59677569500013,
              -17.15840122546721
            ],
            [
              145.59688019500013,
              -17.158297225467177
            ],
            [
              145.5971506950002,
              -17.158184725467176
            ],
            [
              145.5974006950001,
              -17.158155725467186
            ],
            [
              145.59762769500014,
              -17.1581472254672
            ],
            [
              145.59804369500023,
              -17.158218225467177
            ],
            [
              145.5983186950002,
              -17.158276225467137
            ],
            [
              145.59864769500018,
              -17.158320225467126
            ],
            [
              145.5988851950002,
              -17.158326225467103
            ],
            [
              145.59904969500016,
              -17.158315725467137
            ],
            [
              145.59927469500016,
              -17.158230725467124
            ],
            [
              145.5994556950002,
              -17.158103725467154
            ],
            [
              145.59969069500013,
              -17.157980725467127
            ],
            [
              145.6001811950002,
              -17.15789772546711
            ],
            [
              145.60038819500014,
              -17.157858725467147
            ],
            [
              145.60030219500013,
              -17.157662225467146
            ],
            [
              145.60010269500012,
              -17.15756222546717
            ],
            [
              145.59982769500016,
              -17.157465725467155
            ],
            [
              145.59961669500012,
              -17.15747722546717
            ],
            [
              145.59942519500024,
              -17.157496225467174
            ],
            [
              145.59927419500013,
              -17.157548225467174
            ],
            [
              145.59898519500018,
              -17.157608725467185
            ],
            [
              145.5987426950002,
              -17.157581725467146
            ],
            [
              145.59839719500022,
              -17.157435725467195
            ],
            [
              145.59796269500023,
              -17.157233225467223
            ],
            [
              145.59747319500013,
              -17.157068725467255
            ],
            [
              145.59720769500024,
              -17.156991225467245
            ],
            [
              145.59704569500016,
              -17.156883225467244
            ],
            [
              145.59697319500017,
              -17.15672072546726
            ],
            [
              145.5969936950002,
              -17.156570225467256
            ],
            [
              145.5970671950002,
              -17.15647522546727
            ],
            [
              145.59725269500024,
              -17.156308725467294
            ],
            [
              145.5975131950002,
              -17.156144225467308
            ],
            [
              145.5977501950003,
              -17.155919225467315
            ],
            [
              145.59793169500023,
              -17.155734225467274
            ],
            [
              145.59812319500028,
              -17.155513225467324
            ],
            [
              145.59828769500024,
              -17.155361225467317
            ],
            [
              145.59869569500026,
              -17.15500122546732
            ],
            [
              145.59907269500022,
              -17.154797225467327
            ],
            [
              145.59936419500022,
              -17.154657725467338
            ],
            [
              145.59968069500027,
              -17.154580725467305
            ],
            [
              145.60008419500025,
              -17.15459072546733
            ],
            [
              145.60031119500022,
              -17.154730225467297
            ],
            [
              145.6004486950003,
              -17.154901225467256
            ],
            [
              145.6007046950003,
              -17.155098725467255
            ],
            [
              145.60084119500024,
              -17.155355725467263
            ],
            [
              145.6010176950003,
              -17.15552722546723
            ],
            [
              145.60112119500022,
              -17.155671725467247
            ],
            [
              145.60126069500024,
              -17.15584222546721
            ],
            [
              145.60140219500025,
              -17.155983725467177
            ],
            [
              145.60165419500018,
              -17.156182225467187
            ],
            [
              145.6018036950002,
              -17.156074725467175
            ],
            [
              145.60182019500024,
              -17.155992225467216
            ],
            [
              145.6015916950002,
              -17.1558237254672
            ],
            [
              145.60151019500023,
              -17.155684225467215
            ],
            [
              145.60149569500018,
              -17.155360725467254
            ],
            [
              145.60139219500022,
              -17.155192725467238
            ],
            [
              145.60127919500027,
              -17.155019725467273
            ],
            [
              145.60114369500022,
              -17.154798725467288
            ],
            [
              145.6008281950003,
              -17.154408225467275
            ],
            [
              145.60067719500032,
              -17.1542447254673
            ],
            [
              145.60047719500028,
              -17.154075725467337
            ],
            [
              145.6002696950003,
              -17.153937225467363
            ],
            [
              145.60010519500034,
              -17.153812225467348
            ],
            [
              145.59993669500037,
              -17.153751725467327
            ],
            [
              145.59959519500038,
              -17.153731225467332
            ],
            [
              145.59935069500037,
              -17.15374572546736
            ],
            [
              145.59908219500028,
              -17.15380422546738
            ],
            [
              145.5986811950003,
              -17.153970225467365
            ],
            [
              145.59816669500026,
              -17.154254225467383
            ],
            [
              145.59772969500034,
              -17.15463472546733
            ],
            [
              145.59747119500022,
              -17.154882225467315
            ],
            [
              145.59727369500024,
              -17.15505322546733
            ],
            [
              145.59707969500025,
              -17.155176225467375
            ],
            [
              145.59684269500025,
              -17.155300725467338
            ],
            [
              145.59660319500026,
              -17.15543222546735
            ],
            [
              145.5962721950003,
              -17.155592225467352
            ],
            [
              145.5960431950003,
              -17.155721725467362
            ],
            [
              145.59577219500028,
              -17.155927725467354
            ],
            [
              145.59553919500019,
              -17.156125225467363
            ],
            [
              145.59531419500019,
              -17.15624572546735
            ],
            [
              145.59509569500023,
              -17.156439225467363
            ],
            [
              145.59493969500028,
              -17.156525225467316
            ],
            [
              145.59464819500025,
              -17.15661022546732
            ],
            [
              145.5944041950002,
              -17.15670022546731
            ],
            [
              145.5941691950002,
              -17.15675472546734
            ],
            [
              145.59395069500027,
              -17.156842725467328
            ],
            [
              145.59379619500027,
              -17.15688522546727
            ],
            [
              145.59373869500024,
              -17.156802225467313
            ],
            [
              145.59357369500017,
              -17.15677522546732
            ],
            [
              145.59345319500017,
              -17.156790725467285
            ],
            [
              145.59340919500022,
              -17.156981225467295
            ],
            [
              145.59325269500022,
              -17.157162224467296
            ],
            [
              145.59305319500018,
              -17.15737672446726
            ],
            [
              145.59283219500017,
              -17.15755372446724
            ],
            [
              145.59258669500016,
              -17.157766224467206
            ],
            [
              145.5923866950002,
              -17.157868224467215
            ],
            [
              145.59216619500023,
              -17.15801622446718
            ],
            [
              145.5918701950002,
              -17.158311724467204
            ],
            [
              145.5916691950001,
              -17.158446724467193
            ],
            [
              145.5914776950002,
              -17.158465724467145
            ],
            [
              145.59118669500015,
              -17.158453224467177
            ],
            [
              145.59095369500017,
              -17.15838872446717
            ],
            [
              145.59081669500011,
              -17.15833022446714
            ],
            [
              145.59046719500023,
              -17.158295224467164
            ],
            [
              145.59013369500016,
              -17.158301224467152
            ],
            [
              145.58973419500023,
              -17.15822522446717
            ],
            [
              145.58954619500014,
              -17.15824922446717
            ],
            [
              145.58933919500024,
              -17.158209224467157
            ],
            [
              145.5889706950002,
              -17.158230224467147
            ],
            [
              145.58872619500016,
              -17.15827622446715
            ],
            [
              145.58844919500018,
              -17.15838872446715
            ],
            [
              145.5881556950002,
              -17.158605224467156
            ],
            [
              145.58797469500018,
              -17.158796724467116
            ],
            [
              145.58776869500016,
              -17.158992724467122
            ],
            [
              145.58758119500024,
              -17.15918622446707
            ],
            [
              145.58717319500022,
              -17.159704724467048
            ],
            [
              145.58685219500023,
              -17.160069224467087
            ],
            [
              145.58631319500023,
              -17.16052722446707
            ],
            [
              145.5861491950002,
              -17.160634224467092
            ],
            [
              145.58595769500016,
              -17.160781724467057
            ],
            [
              145.5858076950002,
              -17.160877724467113
            ],
            [
              145.5855111950002,
              -17.160893724467066
            ],
            [
              145.58526519500018,
              -17.160814724467105
            ],
            [
              145.58509219500016,
              -17.160831724467112
            ],
            [
              145.58485569500024,
              -17.16096672446712
            ],
            [
              145.5845526950002,
              -17.161272224467098
            ],
            [
              145.58432369500022,
              -17.16142422446712
            ],
            [
              145.58405819500013,
              -17.161470224467124
            ],
            [
              145.5838396950002,
              -17.161495224467124
            ],
            [
              145.58359369500027,
              -17.16152872446716
            ],
            [
              145.5833291950002,
              -17.161622224467163
            ],
            [
              145.58299819600023,
              -17.161705724467115
            ],
            [
              145.58277319600018,
              -17.16176772446714
            ],
            [
              145.58248819600027,
              -17.161767724467133
            ],
            [
              145.5823426960002,
              -17.161755724467177
            ],
            [
              145.58228019600023,
              -17.161622224467177
            ],
            [
              145.58229419600016,
              -17.161357224467153
            ],
            [
              145.58238369600022,
              -17.16095522446714
            ],
            [
              145.58243169600024,
              -17.16066872446712
            ],
            [
              145.5825836960002,
              -17.16032922446711
            ],
            [
              145.58258819600022,
              -17.16016472446713
            ],
            [
              145.58260869600022,
              -17.15986922446714
            ],
            [
              145.5825881960002,
              -17.15956522446713
            ],
            [
              145.58261519600026,
              -17.15926572446717
            ],
            [
              145.58268219600023,
              -17.159007224467192
            ],
            [
              145.58277369600026,
              -17.15870922446718
            ],
            [
              145.58292569600027,
              -17.158475724467195
            ],
            [
              145.58281719600018,
              -17.158378224467224
            ],
            [
              145.58269019600021,
              -17.15835122446718
            ],
            [
              145.58240919600024,
              -17.158449224467226
            ],
            [
              145.58210919600018,
              -17.158630224467217
            ],
            [
              145.5819236960003,
              -17.158746724467203
            ],
            [
              145.5818111960003,
              -17.158836224467198
            ],
            [
              145.58170919600016,
              -17.158944724467204
            ],
            [
              145.5816386960002,
              -17.159088224467176
            ],
            [
              145.5814761960002,
              -17.159390224467206
            ],
            [
              145.58125569600026,
              -17.159738224467176
            ],
            [
              145.58110369600018,
              -17.159962724467164
            ],
            [
              145.58097019600024,
              -17.160100224467154
            ],
            [
              145.5808951960002,
              -17.16025872446716
            ],
            [
              145.5807181960002,
              -17.16060222446715
            ],
            [
              145.58049969600026,
              -17.160779224467177
            ],
            [
              145.58027469600023,
              -17.16089972446722
            ],
            [
              145.58005819600027,
              -17.16096672446723
            ],
            [
              145.57980019600026,
              -17.160865724467204
            ],
            [
              145.57969819600027,
              -17.160690724467177
            ],
            [
              145.57957319600024,
              -17.160425224467154
            ],
            [
              145.57953569600028,
              -17.16021472446717
            ],
            [
              145.5795166960002,
              -17.159923224467157
            ],
            [
              145.57961069600023,
              -17.15954222446719
            ],
            [
              145.57978319600028,
              -17.159213224467244
            ],
            [
              145.57992719600026,
              -17.158965724467265
            ],
            [
              145.58015819600027,
              -17.158603224467285
            ],
            [
              145.58047269600021,
              -17.15842622446727
            ],
            [
              145.58075569600027,
              -17.158278224467253
            ],
            [
              145.58102019600022,
              -17.158084724467276
            ],
            [
              145.58150319600028,
              -17.15772022446725
            ],
            [
              145.58186369600017,
              -17.15751622446725
            ],
            [
              145.58229669600024,
              -17.15728722446727
            ],
            [
              145.58257369600022,
              -17.15718122446724
            ],
            [
              145.5829816960002,
              -17.15704772446724
            ],
            [
              145.58349819600022,
              -17.15689772446727
            ],
            [
              145.58381669600024,
              -17.156777224467245
            ],
            [
              145.5840891960002,
              -17.156552224467234
            ],
            [
              145.58441819600029,
              -17.1563732244673
            ],
            [
              145.5847181960002,
              -17.15623172446726
            ],
            [
              145.58496369600022,
              -17.156071224467276
            ],
            [
              145.58518869600022,
              -17.155938224467285
            ],
            [
              145.58543219600023,
              -17.15588822446729
            ],
            [
              145.58564469600023,
              -17.15589222446728
            ],
            [
              145.5859921960003,
              -17.155985724467254
            ],
            [
              145.58647769600026,
              -17.15605072446726
            ],
            [
              145.5869211960002,
              -17.15605272446725
            ],
            [
              145.58770369600026,
              -17.156019224467283
            ],
            [
              145.5879746960003,
              -17.155954724467275
            ],
            [
              145.58817219600027,
              -17.155863224467282
            ],
            [
              145.5883241960002,
              -17.15573822446727
            ],
            [
              145.58850569600028,
              -17.15564222446728
            ],
            [
              145.5886471960002,
              -17.155596724467287
            ],
            [
              145.58891769600024,
              -17.155525724467307
            ],
            [
              145.58990869600026,
              -17.155427724467348
            ],
            [
              145.59023769600023,
              -17.155421724467306
            ],
            [
              145.59053969600026,
              -17.155421724467306
            ],
            [
              145.59075219500025,
              -17.1553802244673
            ],
            [
              145.5911331950003,
              -17.15527572446735
            ],
            [
              145.5912996950003,
              -17.155130224467317
            ],
            [
              145.5914706950003,
              -17.15480522446736
            ],
            [
              145.59162469600028,
              -17.15452622446735
            ],
            [
              145.5917306960002,
              -17.154286724467408
            ],
            [
              145.59194519600032,
              -17.154153724467406
            ],
            [
              145.59213469600024,
              -17.154062224467417
            ],
            [
              145.5922656950003,
              -17.15403922446742
            ],
            [
              145.59253869500026,
              -17.154120224467395
            ],
            [
              145.59292819500024,
              -17.154299224467387
            ],
            [
              145.59312569500025,
              -17.154359724467405
            ],
            [
              145.59326969500034,
              -17.15442222446742
            ],
            [
              145.59334869500023,
              -17.15458072446741
            ],
            [
              145.59341119500027,
              -17.15466772446742
            ],
            [
              145.5935591950002,
              -17.154811724467393
            ],
            [
              145.59378369500027,
              -17.155051225467385
            ],
            [
              145.5939566950003,
              -17.155311225467404
            ],
            [
              145.5941001950002,
              -17.155473725467388
            ],
            [
              145.59429619500023,
              -17.155582225467406
            ],
            [
              145.59473769500025,
              -17.155694225467403
            ],
            [
              145.59492669500023,
              -17.15575922546736
            ],
            [
              145.5951391950003,
              -17.155767225467393
            ],
            [
              145.59536419500031,
              -17.155659225467378
            ],
            [
              145.59549719500032,
              -17.155609225467387
            ],
            [
              145.59561419500025,
              -17.15552572546737
            ],
            [
              145.59576819500032,
              -17.1553802254674
            ],
            [
              145.59597419500028,
              -17.15527822546737
            ],
            [
              145.5960451950003,
              -17.155163725467386
            ],
            [
              145.59619719500026,
              -17.154963725467383
            ],
            [
              145.59627819500028,
              -17.15485122546739
            ],
            [
              145.59638019500028,
              -17.154672225467383
            ],
            [
              145.59658619500033,
              -17.154572225467412
            ],
            [
              145.59679269500035,
              -17.154197225467396
            ],
            [
              145.59682769500034,
              -17.153989225467416
            ],
            [
              145.59683819500032,
              -17.153826725467454
            ],
            [
              145.59689469500032,
              -17.153666225467404
            ],
            [
              145.5970446950003,
              -17.153508225467405
            ],
            [
              145.59725869500033,
              -17.153343725467423
            ],
            [
              145.59746919500031,
              -17.15308572546746
            ],
            [
              145.59757119500037,
              -17.15285222546743
            ],
            [
              145.59772719500035,
              -17.152550225467465
            ],
            [
              145.59793369500036,
              -17.152229725467492
            ],
            [
              145.5981061950003,
              -17.151990225467475
            ],
            [
              145.59823319500038,
              -17.15180522546749
            ],
            [
              145.59839169500032,
              -17.151657225467474
            ],
            [
              145.59849169500043,
              -17.151609225467478
            ],
            [
              145.59860819500042,
              -17.15161322546747
            ],
            [
              145.59905169500036,
              -17.151898725467458
            ],
            [
              145.5991701950003,
              -17.152006725467462
            ],
            [
              145.5994761950004,
              -17.152225725467403
            ],
            [
              145.59963669500033,
              -17.152261225467424
            ],
            [
              145.5997761950004,
              -17.15207772546744
            ],
            [
              145.59979519500033,
              -17.15182772546746
            ],
            [
              145.59981769500035,
              -17.151675725467452
            ],
            [
              145.59987819500034,
              -17.15152372546745
            ],
            [
              145.60000119500046,
              -17.15145522546745
            ],
            [
              145.6002361950004,
              -17.151409225467447
            ],
            [
              145.6004551950004,
              -17.151401225467456
            ],
            [
              145.60058819500037,
              -17.151409225467447
            ],
            [
              145.60085769500037,
              -17.151513225467458
            ],
            [
              145.6009796950004,
              -17.15148222546742
            ],
            [
              145.60132519500038,
              -17.15151772546744
            ],
            [
              145.6016896950004,
              -17.1515487254674
            ],
            [
              145.60188969500035,
              -17.151603225467433
            ],
            [
              145.60207519500042,
              -17.151638225467398
            ],
            [
              145.60228119500033,
              -17.151688225467435
            ],
            [
              145.6024311950003,
              -17.151775725467434
            ],
            [
              145.60255569500038,
              -17.151900725467396
            ],
            [
              145.60261219500038,
              -17.1520317254674
            ],
            [
              145.6026056950003,
              -17.152225725467357
            ],
            [
              145.60253919500033,
              -17.15242572546736
            ],
            [
              145.60251419500028,
              -17.15265222546734
            ],
            [
              145.60258919500032,
              -17.152821225467356
            ],
            [
              145.6026871950003,
              -17.15291672546734
            ],
            [
              145.60278919500024,
              -17.15290622546737
            ],
            [
              145.60297869500033,
              -17.15274622546737
            ],
            [
              145.60312419500033,
              -17.152673225467332
            ],
            [
              145.6034081950003,
              -17.15258772546738
            ],
            [
              145.60355119500028,
              -17.15259672546736
            ],
            [
              145.60366819500032,
              -17.15265522546738
            ],
            [
              145.60374319500036,
              -17.15279122546738
            ],
            [
              145.60378319500035,
              -17.153185225467322
            ],
            [
              145.60384169500026,
              -17.153353225467352
            ],
            [
              145.60387719500036,
              -17.153523725467306
            ],
            [
              145.60388869500022,
              -17.153616725467295
            ],
            [
              145.60384769500024,
              -17.153826725467326
            ],
            [
              145.60402169500028,
              -17.15382672546732
            ],
            [
              145.6042571950003,
              -17.153878725467305
            ],
            [
              145.6044631950003,
              -17.153980725467264
            ],
            [
              145.60465119500032,
              -17.15408972546727
            ],
            [
              145.60473169500025,
              -17.154243225467262
            ],
            [
              145.60480719500023,
              -17.154485725467268
            ],
            [
              145.60491719500033,
              -17.154470225467254
            ],
            [
              145.6049876950003,
              -17.15423472546729
            ],
            [
              145.6049026950003,
              -17.15402472546726
            ],
            [
              145.6048106950003,
              -17.153901725467296
            ],
            [
              145.60471919500029,
              -17.153768725467295
            ],
            [
              145.60464519500036,
              -17.15362722546733
            ],
            [
              145.60459369500026,
              -17.153448225467333
            ],
            [
              145.60456869500024,
              -17.153277225467317
            ],
            [
              145.60461869500034,
              -17.15305972546736
            ],
            [
              145.60474869500024,
              -17.152929225467354
            ],
            [
              145.60486519500037,
              -17.152879225467366
            ],
            [
              145.60499219500025,
              -17.152866725467348
            ],
            [
              145.6051346950003,
              -17.15286922546734
            ],
            [
              145.60531919500036,
              -17.152943725467324
            ],
            [
              145.60569419500032,
              -17.153031225467327
            ],
            [
              145.6059436950003,
              -17.153198725467355
            ],
            [
              145.6060081950003,
              -17.15334722546731
            ],
            [
              145.60604719500034,
              -17.15344972546732
            ],
            [
              145.60614219500033,
              -17.15333072546735
            ],
            [
              145.6061541950003,
              -17.153045225467345
            ],
            [
              145.60631769500029,
              -17.152798725467363
            ],
            [
              145.60636219500034,
              -17.152626225467348
            ],
            [
              145.60643069500034,
              -17.15251872546739
            ],
            [
              145.60640719500034,
              -17.152295725467408
            ],
            [
              145.60644319500037,
              -17.152073725467403
            ],
            [
              145.6063326950004,
              -17.1520757254674
            ],
            [
              145.60623469500027,
              -17.15222422546736
            ],
            [
              145.6060201950003,
              -17.15239972546736
            ],
            [
              145.60583569500037,
              -17.15241772546737
            ],
            [
              145.60561569500035,
              -17.152283725467385
            ],
            [
              145.60542319500036,
              -17.15216122546741
            ],
            [
              145.60533169500027,
              -17.15204672546741
            ],
            [
              145.6052836950003,
              -17.151892225467417
            ],
            [
              145.6052836950003,
              -17.151755225467422
            ],
            [
              145.60532519500038,
              -17.15161572546738
            ],
            [
              145.60538969500035,
              -17.151364725467406
            ],
            [
              145.60536469500033,
              -17.151184725467424
            ],
            [
              145.6052211950003,
              -17.151215725467452
            ],
            [
              145.60505869500034,
              -17.15136372546742
            ],
            [
              145.60484819500036,
              -17.151455225467412
            ],
            [
              145.6046256950004,
              -17.151469725467425
            ],
            [
              145.60443219500036,
              -17.151388725467406
            ],
            [
              145.6042146950004,
              -17.151311225467435
            ],
            [
              145.6040541950004,
              -17.151222225467436
            ],
            [
              145.60385719500036,
              -17.151032725467463
            ],
            [
              145.60370069500033,
              -17.15080972546747
            ],
            [
              145.60351869500036,
              -17.150657225467473
            ],
            [
              145.60335519500038,
              -17.150500725467474
            ],
            [
              145.60314319500034,
              -17.150361225467492
            ],
            [
              145.60294269500037,
              -17.150238725467474
            ],
            [
              145.60275769500038,
              -17.15015322546746
            ],
            [
              145.60253869500033,
              -17.150001725467515
            ],
            [
              145.60254719500043,
              -17.149855725467496
            ],
            [
              145.60298669500037,
              -17.14970522546753
            ],
            [
              145.60324919500047,
              -17.1495877254675
            ],
            [
              145.60368669500042,
              -17.149473225467517
            ],
            [
              145.60409319500036,
              -17.14931322546752
            ],
            [
              145.6044511950004,
              -17.14929472546751
            ],
            [
              145.6048676950004,
              -17.14923972546754
            ],
            [
              145.6051131950004,
              -17.149259225467542
            ],
            [
              145.60525019500042,
              -17.14931872546751
            ],
            [
              145.60538369500043,
              -17.14926222546754
            ],
            [
              145.60580619500035,
              -17.14921172546756
            ],
            [
              145.6057196950004,
              -17.149122225467554
            ],
            [
              145.60553119500037,
              -17.149064725467536
            ],
            [
              145.6053566950004,
              -17.148996225467545
            ],
            [
              145.60519619500042,
              -17.148914725467527
            ],
            [
              145.60493919500036,
              -17.148710725467538
            ],
            [
              145.60477669500042,
              -17.148508725467536
            ],
            [
              145.60469019500047,
              -17.14836722546758
            ],
            [
              145.60468619500048,
              -17.148100725467565
            ],
            [
              145.60474619500042,
              -17.147882225467633
            ],
            [
              145.60481319500042,
              -17.14760922546758
            ],
            [
              145.60488569500052,
              -17.147376225467628
            ],
            [
              145.6050316950005,
              -17.147147225467634
            ],
            [
              145.60518569500044,
              -17.146809725467655
            ],
            [
              145.60522719500054,
              -17.14659322546765
            ],
            [
              145.60527319500054,
              -17.146385225467665
            ],
            [
              145.6053106950005,
              -17.146256225467656
            ],
            [
              145.60537519500048,
              -17.146170725467712
            ],
            [
              145.60549569500049,
              -17.146143725467667
            ],
            [
              145.60573769500044,
              -17.146212225467664
            ],
            [
              145.60633719500046,
              -17.146341225467676
            ],
            [
              145.60650169500045,
              -17.14642872546768
            ],
            [
              145.60666819500054,
              -17.146564225467674
            ],
            [
              145.6068786950005,
              -17.146789225467668
            ],
            [
              145.60703269500044,
              -17.146999225467642
            ],
            [
              145.6071531950004,
              -17.147172225467642
            ],
            [
              145.60720969500048,
              -17.14729322546761
            ],
            [
              145.60717819500047,
              -17.147474225467604
            ],
            [
              145.60732419500044,
              -17.147634225467648
            ],
            [
              145.60741369500047,
              -17.14774672546765
            ],
            [
              145.6076196950004,
              -17.147769725467658
            ],
            [
              145.60779269500046,
              -17.14773222546763
            ],
            [
              145.60787369500048,
              -17.14764272546763
            ],
            [
              145.6079341950005,
              -17.147436725467653
            ],
            [
              145.60800069500053,
              -17.147305225467655
            ],
            [
              145.6081151950005,
              -17.14724322546764
            ],
            [
              145.6082276950005,
              -17.147245225467636
            ],
            [
              145.6083381950005,
              -17.147332725467646
            ],
            [
              145.60837119500042,
              -17.14745722546766
            ],
            [
              145.6083651950004,
              -17.14756572546767
            ],
            [
              145.6084671950005,
              -17.147794725467655
            ],
            [
              145.60849619500038,
              -17.147980225467627
            ],
            [
              145.60853369500052,
              -17.1481237254676
            ],
            [
              145.60852569500037,
              -17.14829672546761
            ],
            [
              145.60844019500044,
              -17.148423725467634
            ],
            [
              145.6083711950004,
              -17.14863822546757
            ],
            [
              145.6083756950004,
              -17.14881272546759
            ],
            [
              145.60845469500043,
              -17.14901922546757
            ],
            [
              145.6084796950004,
              -17.149173225467568
            ],
            [
              145.60851519500045,
              -17.14944572546755
            ],
            [
              145.60855669500037,
              -17.149685225467554
            ],
            [
              145.60854219500035,
              -17.149842225467555
            ],
            [
              145.60819219500033,
              -17.150051725467513
            ],
            [
              145.6078491950004,
              -17.150190225467497
            ],
            [
              145.60761219500043,
              -17.1502532254675
            ],
            [
              145.60753669500028,
              -17.150454725467497
            ],
            [
              145.60765469500038,
              -17.150436725467497
            ],
            [
              145.60790869500042,
              -17.150329725467483
            ],
            [
              145.60837519500043,
              -17.150148225467508
            ],
            [
              145.60874719500043,
              -17.150127726467492
            ],
            [
              145.60896419500042,
              -17.150273226467515
            ],
            [
              145.60910069500036,
              -17.1504792264675
            ],
            [
              145.60917019500033,
              -17.150669726467527
            ],
            [
              145.60922869500038,
              -17.151038726467483
            ],
            [
              145.60923519500042,
              -17.15131872646744
            ],
            [
              145.60918369500033,
              -17.151569726467475
            ],
            [
              145.6090536950003,
              -17.15185622646742
            ],
            [
              145.6089641950004,
              -17.152071226467438
            ],
            [
              145.6088481950003,
              -17.15227272646743
            ],
            [
              145.60866869500038,
              -17.152718226467414
            ],
            [
              145.60862169500024,
              -17.15294622646738
            ],
            [
              145.60854819500028,
              -17.15318122646736
            ],
            [
              145.60845169500033,
              -17.15334722646732
            ],
            [
              145.60841569500033,
              -17.15345022646734
            ],
            [
              145.60837769400027,
              -17.15360222646735
            ],
            [
              145.60828369400028,
              -17.153718726467336
            ],
            [
              145.60815169400027,
              -17.15385072646733
            ],
            [
              145.60810469400028,
              -17.154038726467302
            ],
            [
              145.60814719400025,
              -17.154197726467284
            ],
            [
              145.60827019400026,
              -17.154363226467325
            ],
            [
              145.60826369400021,
              -17.154484226467282
            ],
            [
              145.6081541940003,
              -17.154632226467307
            ],
            [
              145.6080621940002,
              -17.154786726467243
            ],
            [
              145.60804869400027,
              -17.15502172646727
            ],
            [
              145.60814069400027,
              -17.155263226467277
            ],
            [
              145.60820569400022,
              -17.155404226467244
            ],
            [
              145.60826569400018,
              -17.155720226467235
            ],
            [
              145.60833319400018,
              -17.15595972646725
            ],
            [
              145.60834219400024,
              -17.15613622646718
            ],
            [
              145.60814119400018,
              -17.156307726467194
            ],
            [
              145.6081821940002,
              -17.156505726467206
            ],
            [
              145.60797419400026,
              -17.15660472646717
            ],
            [
              145.60798319400024,
              -17.156741226467155
            ],
            [
              145.60815719400023,
              -17.156753226467185
            ],
            [
              145.60828869400018,
              -17.1567942264672
            ],
            [
              145.60859319400018,
              -17.156596726467203
            ],
            [
              145.60856719400022,
              -17.156315726467184
            ],
            [
              145.60860469400023,
              -17.156012726467228
            ],
            [
              145.60857419400023,
              -17.15577572646722
            ],
            [
              145.6086276940003,
              -17.15564372646721
            ],
            [
              145.60862019400025,
              -17.155472226467253
            ],
            [
              145.6085456940002,
              -17.15526472646727
            ],
            [
              145.60849719400022,
              -17.155065226467283
            ],
            [
              145.6085251940003,
              -17.154949726467294
            ],
            [
              145.6086481940002,
              -17.15483222646725
            ],
            [
              145.60875569400022,
              -17.154693726467276
            ],
            [
              145.60879169400025,
              -17.15455072646731
            ],
            [
              145.60871319400027,
              -17.154284726467306
            ],
            [
              145.60876469400034,
              -17.15402922646733
            ],
            [
              145.6088316940003,
              -17.153752226467308
            ],
            [
              145.60889169400025,
              -17.153419726467373
            ],
            [
              145.60894769400034,
              -17.153295726467352
            ],
            [
              145.6091466940003,
              -17.15313772646737
            ],
            [
              145.60936719400024,
              -17.152991726467405
            ],
            [
              145.6094716940003,
              -17.1529497264674
            ],
            [
              145.60963269400034,
              -17.152967726467423
            ],
            [
              145.60976269400035,
              -17.153080226467413
            ],
            [
              145.60984719400028,
              -17.15317972646738
            ],
            [
              145.60991369400028,
              -17.153334226467383
            ],
            [
              145.60992119400032,
              -17.153446726467376
            ],
            [
              145.60995919400037,
              -17.153577726467393
            ],
            [
              145.60996919400034,
              -17.153807726467356
            ],
            [
              145.61004369400027,
              -17.15399972646732
            ],
            [
              145.61011519400023,
              -17.15413572646737
            ],
            [
              145.61010769400016,
              -17.15432272646734
            ],
            [
              145.6102251940002,
              -17.15443522646734
            ],
            [
              145.6104226940002,
              -17.15459422646733
            ],
            [
              145.61056569400031,
              -17.1546677264673
            ],
            [
              145.61067819400031,
              -17.15465972646733
            ],
            [
              145.61078719400027,
              -17.154582726467304
            ],
            [
              145.6105521940003,
              -17.154336226467315
            ],
            [
              145.6106056940002,
              -17.154204726467366
            ],
            [
              145.61040019400022,
              -17.15410972646732
            ],
            [
              145.61039519400023,
              -17.154016726467336
            ],
            [
              145.6104466940003,
              -17.153881226467345
            ],
            [
              145.6105581940003,
              -17.153692726467376
            ],
            [
              145.61058219400027,
              -17.15357022646735
            ],
            [
              145.6105031940003,
              -17.15342172646739
            ],
            [
              145.61045669400028,
              -17.153285226467396
            ],
            [
              145.6104671940003,
              -17.15309322646738
            ],
            [
              145.61050469400027,
              -17.153028726467376
            ],
            [
              145.61090369400029,
              -17.152965226467426
            ],
            [
              145.61097119400029,
              -17.152790226467413
            ],
            [
              145.6110926940003,
              -17.1526402264674
            ],
            [
              145.61112669400035,
              -17.152520226467423
            ],
            [
              145.61125319400028,
              -17.15241572646741
            ],
            [
              145.61141019400034,
              -17.152344226467427
            ],
            [
              145.61118919400036,
              -17.152251226467442
            ],
            [
              145.61089269400034,
              -17.15227622646743
            ],
            [
              145.61074669400037,
              -17.152412226467426
            ],
            [
              145.6107141940003,
              -17.152615226467425
            ],
            [
              145.61067619400035,
              -17.15275572646739
            ],
            [
              145.6104636940003,
              -17.152765726467425
            ],
            [
              145.61034069400037,
              -17.15270672646741
            ],
            [
              145.6102456940003,
              -17.152502226467433
            ],
            [
              145.61019219400038,
              -17.152276726467438
            ],
            [
              145.6101611950003,
              -17.15204622646747
            ],
            [
              145.61018469500033,
              -17.151713226467468
            ],
            [
              145.6102536950004,
              -17.15115522646748
            ],
            [
              145.61034319500033,
              -17.150986226467516
            ],
            [
              145.61052519500032,
              -17.150811226467507
            ],
            [
              145.61071569500035,
              -17.15076772646751
            ],
            [
              145.61109069500034,
              -17.150883726467473
            ],
            [
              145.61128819500036,
              -17.150896726467504
            ],
            [
              145.61145169500034,
              -17.150835226467493
            ],
            [
              145.6116131950003,
              -17.15073272646747
            ],
            [
              145.61171819500038,
              -17.15064572646746
            ],
            [
              145.61181569500033,
              -17.1505867264675
            ],
            [
              145.61193569500037,
              -17.150566226467493
            ],
            [
              145.61208419400043,
              -17.150591726467475
            ],
            [
              145.61223019400038,
              -17.1506942264675
            ],
            [
              145.61233519400028,
              -17.1507377264675
            ],
            [
              145.61244269400035,
              -17.15074322646748
            ],
            [
              145.61258369400034,
              -17.15078122646751
            ],
            [
              145.61272719400037,
              -17.15079672646746
            ],
            [
              145.61300619400032,
              -17.15085322646748
            ],
            [
              145.61310319400036,
              -17.15093772646744
            ],
            [
              145.61314969400036,
              -17.151037726467464
            ],
            [
              145.61329269400034,
              -17.15107072646744
            ],
            [
              145.61360769400036,
              -17.15121672646746
            ],
            [
              145.6137126940003,
              -17.151298726467477
            ],
            [
              145.61374969400035,
              -17.15135772646744
            ],
            [
              145.61386569400037,
              -17.15135472646745
            ],
            [
              145.61395019400038,
              -17.15118422646743
            ],
            [
              145.61405919400042,
              -17.151068726467443
            ],
            [
              145.6142271940003,
              -17.151106726467454
            ],
            [
              145.61434319400038,
              -17.151241226467455
            ],
            [
              145.61448419400037,
              -17.15137972646744
            ],
            [
              145.6145911940003,
              -17.151525226467463
            ],
            [
              145.6147116940004,
              -17.151643726467444
            ],
            [
              145.61494269400038,
              -17.15183972646746
            ],
            [
              145.61519819400033,
              -17.15194672646741
            ],
            [
              145.6153856940004,
              -17.152113226467446
            ],
            [
              145.61565969400036,
              -17.152229226467444
            ],
            [
              145.61577819400034,
              -17.15235722646746
            ],
            [
              145.61612569400032,
              -17.152555226467417
            ],
            [
              145.61649419400038,
              -17.152686726467426
            ],
            [
              145.61668419400033,
              -17.15265522646745
            ],
            [
              145.61691569400037,
              -17.152750226467447
            ],
            [
              145.61674169400035,
              -17.15300322646742
            ],
            [
              145.6166736940003,
              -17.153186726467403
            ],
            [
              145.61652519400027,
              -17.153294226467416
            ],
            [
              145.61653969400024,
              -17.153427726467413
            ],
            [
              145.61671519400034,
              -17.153594226467384
            ],
            [
              145.61699469400025,
              -17.153636226467405
            ],
            [
              145.61716219400034,
              -17.153421226467447
            ],
            [
              145.6171401940003,
              -17.153343226467413
            ],
            [
              145.61693619400035,
              -17.153303226467454
            ],
            [
              145.61684919400037,
              -17.15324272646744
            ],
            [
              145.61684669400032,
              -17.153117226467412
            ],
            [
              145.61691169400027,
              -17.152985726467403
            ],
            [
              145.61707269400029,
              -17.15288722646744
            ],
            [
              145.61724469400036,
              -17.152803226467423
            ],
            [
              145.6171881940003,
              -17.152541726467458
            ],
            [
              145.61697419400028,
              -17.15252972646743
            ],
            [
              145.61665469400037,
              -17.15241322646744
            ],
            [
              145.61650119400036,
              -17.152276726467438
            ],
            [
              145.6164506940003,
              -17.152104226467426
            ],
            [
              145.6165786940003,
              -17.151961726467444
            ],
            [
              145.61644119400043,
              -17.151515726467444
            ],
            [
              145.6163071940004,
              -17.151473226467438
            ],
            [
              145.6162111940003,
              -17.151418226467456
            ],
            [
              145.61616669400036,
              -17.15128872646745
            ],
            [
              145.61621219400033,
              -17.15116072646744
            ],
            [
              145.61625119400034,
              -17.15103322646748
            ],
            [
              145.61617619400042,
              -17.150981226467444
            ],
            [
              145.61596569400032,
              -17.151014726467466
            ],
            [
              145.6157291940004,
              -17.15115472646745
            ],
            [
              145.61565519400034,
              -17.151239726467452
            ],
            [
              145.61557219400035,
              -17.151301726467473
            ],
            [
              145.6152671940003,
              -17.151172726467458
            ],
            [
              145.6151056940003,
              -17.15120372646744
            ],
            [
              145.61505119400036,
              -17.15130872646745
            ],
            [
              145.61494519400034,
              -17.151276726467476
            ],
            [
              145.6147731940003,
              -17.151216226467454
            ],
            [
              145.61472969400037,
              -17.151146726467466
            ],
            [
              145.6147626940004,
              -17.15096572646748
            ],
            [
              145.61461919400034,
              -17.150584726467482
            ],
            [
              145.61447319400042,
              -17.150315226467487
            ],
            [
              145.61431419400037,
              -17.149979726467492
            ],
            [
              145.61419319400045,
              -17.149821726467504
            ],
            [
              145.6141201940004,
              -17.149676226467474
            ],
            [
              145.61410769400038,
              -17.14953122646751
            ],
            [
              145.61415919400042,
              -17.14943072646754
            ],
            [
              145.61406569400037,
              -17.149279226467524
            ],
            [
              145.61393719400044,
              -17.14922172646751
            ],
            [
              145.61387019400036,
              -17.1494912264675
            ],
            [
              145.61384219400043,
              -17.14969622646749
            ],
            [
              145.61381919400037,
              -17.149829226467485
            ],
            [
              145.6137491940004,
              -17.14994322646747
            ],
            [
              145.61358119400037,
              -17.1499992264675
            ],
            [
              145.61341369400037,
              -17.149966726467472
            ],
            [
              145.61328319400033,
              -17.149957226467507
            ],
            [
              145.61310619400032,
              -17.149962226467494
            ],
            [
              145.6129081940003,
              -17.149938726467504
            ],
            [
              145.6127496950004,
              -17.14981972646752
            ],
            [
              145.6125656950004,
              -17.149701226467535
            ],
            [
              145.6124166950004,
              -17.149552226467524
            ],
            [
              145.6123396950004,
              -17.149333226467537
            ],
            [
              145.61229519500048,
              -17.149193226467546
            ],
            [
              145.61222319500044,
              -17.149114226467525
            ],
            [
              145.61205769500043,
              -17.148983726467563
            ],
            [
              145.6119111950004,
              -17.148934726467587
            ],
            [
              145.6117481950004,
              -17.14890222646757
            ],
            [
              145.6116196950004,
              -17.148890226467593
            ],
            [
              145.61149169500038,
              -17.148918226467583
            ],
            [
              145.6113031950005,
              -17.14901622646756
            ],
            [
              145.6110981950004,
              -17.149176726467548
            ],
            [
              145.6109886950004,
              -17.149237726467558
            ],
            [
              145.61084169500046,
              -17.149235226467578
            ],
            [
              145.61062519500038,
              -17.149195726467575
            ],
            [
              145.61049469500043,
              -17.149153726467567
            ],
            [
              145.6103571950005,
              -17.14906072646758
            ],
            [
              145.61024669500043,
              -17.148926726467586
            ],
            [
              145.61020119500043,
              -17.14876672646761
            ],
            [
              145.61020319500042,
              -17.148582726467627
            ],
            [
              145.6102101950004,
              -17.14842222646764
            ],
            [
              145.61030119500037,
              -17.148235726467597
            ],
            [
              145.6103806950005,
              -17.14802822646763
            ],
            [
              145.61041519500046,
              -17.147830226467626
            ],
            [
              145.6104071950005,
              -17.147565226467677
            ],
            [
              145.6104486950004,
              -17.147253226467683
            ],
            [
              145.61050269500043,
              -17.146966226467676
            ],
            [
              145.61056119500049,
              -17.146709726467712
            ],
            [
              145.61065419500045,
              -17.146501726467683
            ],
            [
              145.61086369500046,
              -17.146086226467713
            ],
            [
              145.61096619500046,
              -17.145997726467712
            ],
            [
              145.6110716950005,
              -17.14596522646774
            ],
            [
              145.6112241950005,
              -17.146024726467694
            ],
            [
              145.61143969500048,
              -17.146232726467662
            ],
            [
              145.61161019500042,
              -17.146368226467708
            ],
            [
              145.6118806950005,
              -17.14650772646768
            ],
            [
              145.61210919500044,
              -17.14661422646762
            ],
            [
              145.6124136950005,
              -17.146824226467647
            ],
            [
              145.61261119500048,
              -17.146867226467645
            ],
            [
              145.61278719500038,
              -17.14693472646764
            ],
            [
              145.61283169500047,
              -17.146801726467633
            ],
            [
              145.6126896950005,
              -17.14656222646762
            ],
            [
              145.61269119500042,
              -17.146185726467632
            ],
            [
              145.6128076950004,
              -17.14594122646768
            ],
            [
              145.61314819500055,
              -17.145475226467667
            ],
            [
              145.61330169500044,
              -17.145335226467676
            ],
            [
              145.61350819500043,
              -17.145356226467683
            ],
            [
              145.61346969500048,
              -17.14513972646767
            ],
            [
              145.61346019500044,
              -17.144923226467657
            ],
            [
              145.61349519500047,
              -17.144722726467656
            ],
            [
              145.6135321950005,
              -17.144585226467665
            ],
            [
              145.61361169500046,
              -17.14449672646767
            ],
            [
              145.61377469500053,
              -17.14439772646769
            ],
            [
              145.61395019500043,
              -17.14440672646766
            ],
            [
              145.61415269500046,
              -17.14433522646766
            ],
            [
              145.6143311950005,
              -17.144451226467638
            ],
            [
              145.61452969500053,
              -17.144452726467637
            ],
            [
              145.6146596950006,
              -17.14442672646765
            ],
            [
              145.61477719500053,
              -17.14438022646764
            ],
            [
              145.61489069500053,
              -17.144424726467644
            ],
            [
              145.61504419500054,
              -17.144515226467632
            ],
            [
              145.61518769500046,
              -17.14490672646765
            ],
            [
              145.61527719500054,
              -17.145058226467587
            ],
            [
              145.6153496950005,
              -17.145284226467588
            ],
            [
              145.61545919500054,
              -17.145663726467575
            ],
            [
              145.61558919500052,
              -17.14589422646755
            ],
            [
              145.6157351950005,
              -17.145772226467585
            ],
            [
              145.61575019500046,
              -17.145610226467596
            ],
            [
              145.61556869500055,
              -17.14530522646758
            ],
            [
              145.6155426950005,
              -17.14507472646761
            ],
            [
              145.61547069500054,
              -17.144827726467607
            ],
            [
              145.6154046950005,
              -17.144546726467656
            ],
            [
              145.61543819500048,
              -17.14441272646766
            ],
            [
              145.61552969500048,
              -17.144222226467633
            ],
            [
              145.61547319500048,
              -17.144088726467636
            ],
            [
              145.61554769500046,
              -17.14357122646766
            ],
            [
              145.61539019500046,
              -17.143455226467676
            ],
            [
              145.6149466950005,
              -17.142607226467717
            ],
            [
              145.61492269500042,
              -17.142407726467777
            ],
            [
              145.61511769500052,
              -17.14232072646777
            ],
            [
              145.6153306950004,
              -17.14226522646773
            ],
            [
              145.61598769500046,
              -17.142437726467726
            ],
            [
              145.61659769500048,
              -17.142375226467703
            ],
            [
              145.61700819500047,
              -17.142610226467717
            ],
            [
              145.61729369500046,
              -17.142711226467686
            ],
            [
              145.61784669500042,
              -17.143181226467657
            ],
            [
              145.61800569500045,
              -17.143589226467626
            ],
            [
              145.61805269500053,
              -17.143987226467612
            ],
            [
              145.61811019500055,
              -17.144134226467582
            ],
            [
              145.61843969500057,
              -17.144604726467573
            ],
            [
              145.61881319400047,
              -17.144945726467537
            ],
            [
              145.61912819400052,
              -17.14533822646756
            ],
            [
              145.61939669400056,
              -17.145362226467554
            ],
            [
              145.6195271940005,
              -17.14535922646756
            ],
            [
              145.61948769400055,
              -17.145068726467546
            ],
            [
              145.62029419400048,
              -17.144657226467576
            ],
            [
              145.6203646940005,
              -17.144232226467594
            ],
            [
              145.62051469400058,
              -17.14405372646761
            ],
            [
              145.62054619400053,
              -17.143708726467583
            ],
            [
              145.62067669400048,
              -17.143817226467583
            ],
            [
              145.6210051940005,
              -17.143715726467615
            ],
            [
              145.62119319400048,
              -17.14369072646762
            ],
            [
              145.62171369400053,
              -17.144134226467568
            ],
            [
              145.62245069400046,
              -17.14471572646756
            ],
            [
              145.6228721940005,
              -17.144861726467568
            ],
            [
              145.62291469400057,
              -17.144798226467557
            ],
            [
              145.6229276940005,
              -17.144761726467536
            ],
            [
              145.6222506940005,
              -17.144305226467576
            ],
            [
              145.62204719400052,
              -17.143941226467604
            ],
            [
              145.6219886940005,
              -17.1435027264676
            ],
            [
              145.62152969400051,
              -17.143077226467604
            ],
            [
              145.62135119400054,
              -17.142970226467657
            ],
            [
              145.62124069400056,
              -17.143191726467602
            ],
            [
              145.62093719400048,
              -17.143277226467603
            ],
            [
              145.62053219500044,
              -17.143061726467653
            ],
            [
              145.62018119500055,
              -17.143000226467645
            ],
            [
              145.61975869500048,
              -17.14281222646768
            ],
            [
              145.61919469500043,
              -17.142237726467684
            ],
            [
              145.61886569500047,
              -17.14193772646772
            ],
            [
              145.6184611950004,
              -17.141377726467738
            ],
            [
              145.61801069500044,
              -17.140653726467793
            ],
            [
              145.61769669500043,
              -17.140436226467795
            ],
            [
              145.61754669500047,
              -17.140257226467792
            ],
            [
              145.61751919500048,
              -17.139904226467795
            ],
            [
              145.61766669500037,
              -17.139210726467866
            ],
            [
              145.61792469500043,
              -17.138908726467857
            ],
            [
              145.61835569500045,
              -17.138747226467856
            ],
            [
              145.61866569500046,
              -17.138619226467853
            ],
            [
              145.6190896950004,
              -17.13841372646786
            ],
            [
              145.61944919500039,
              -17.138465726467896
            ],
            [
              145.6201036950004,
              -17.138856226467848
            ],
            [
              145.62059819500044,
              -17.13920122646781
            ],
            [
              145.62089719500048,
              -17.139190726467834
            ],
            [
              145.62098369500043,
              -17.139119226467855
            ],
            [
              145.6207481950004,
              -17.138976226467822
            ],
            [
              145.62050569500036,
              -17.13863372646785
            ],
            [
              145.62019119500042,
              -17.138605226467874
            ],
            [
              145.61992019500042,
              -17.138230226467872
            ],
            [
              145.61961669500042,
              -17.137873226467878
            ],
            [
              145.6190561950004,
              -17.137787726467884
            ],
            [
              145.61843869500032,
              -17.13788072646793
            ],
            [
              145.61764269500043,
              -17.137770726467945
            ],
            [
              145.61702169500037,
              -17.137313226467935
            ],
            [
              145.6166916950004,
              -17.13726922646794
            ],
            [
              145.61642769500037,
              -17.136860226467977
            ],
            [
              145.61640219500038,
              -17.136455226468
            ],
            [
              145.61650819500034,
              -17.13614722646804
            ],
            [
              145.61677819500034,
              -17.135870726468013
            ],
            [
              145.6173406950003,
              -17.135714226468014
            ],
            [
              145.61858719500032,
              -17.135650226467984
            ],
            [
              145.6187671950003,
              -17.135435726468025
            ],
            [
              145.61861719500033,
              -17.13459322646809
            ],
            [
              145.61865319500032,
              -17.134175726468083
            ],
            [
              145.6190526950003,
              -17.133704726468103
            ],
            [
              145.61929169500021,
              -17.13329972646812
            ],
            [
              145.6194056950003,
              -17.13329972646811
            ],
            [
              145.61979169500034,
              -17.13344072646808
            ],
            [
              145.61994519500024,
              -17.133508226468084
            ],
            [
              145.61994469500033,
              -17.1337252264681
            ],
            [
              145.61973919500034,
              -17.13394922646809
            ],
            [
              145.6197041950003,
              -17.13415572646807
            ],
            [
              145.6197236950003,
              -17.13447222646806
            ],
            [
              145.61985819500038,
              -17.13457872646806
            ],
            [
              145.61994469500036,
              -17.134687226468067
            ],
            [
              145.61990719500037,
              -17.134801226468063
            ],
            [
              145.61984719500032,
              -17.135077726468023
            ],
            [
              145.6198881950003,
              -17.135164226468035
            ],
            [
              145.62003969500034,
              -17.134871726468056
            ],
            [
              145.6201291950004,
              -17.134825726468055
            ],
            [
              145.62038669500035,
              -17.13481472646802
            ],
            [
              145.62065769500035,
              -17.13489072646805
            ],
            [
              145.62077969500027,
              -17.135034226468004
            ],
            [
              145.62099919500034,
              -17.135031726468032
            ],
            [
              145.6212136950003,
              -17.134980226468045
            ],
            [
              145.6213921950004,
              -17.134974726468002
            ],
            [
              145.62166069500032,
              -17.13508322646801
            ],
            [
              145.62186119500035,
              -17.135243226468
            ],
            [
              145.62217569500027,
              -17.135329726468004
            ],
            [
              145.6224496950004,
              -17.135459726468007
            ],
            [
              145.62256069500035,
              -17.135733726467986
            ],
            [
              145.62262019500037,
              -17.135939726467974
            ],
            [
              145.62269919500042,
              -17.136281226467943
            ],
            [
              145.62276419500037,
              -17.136454726467946
            ],
            [
              145.6229646950004,
              -17.136590226467938
            ],
            [
              145.62326819500038,
              -17.13684222646792
            ],
            [
              145.62355019500043,
              -17.136659726467947
            ],
            [
              145.62381419500036,
              -17.136792226467943
            ],
            [
              145.62412819500034,
              -17.136756226467977
            ],
            [
              145.6242481950004,
              -17.136568726467946
            ],
            [
              145.6241246950004,
              -17.136402726467985
            ],
            [
              145.62388369500033,
              -17.136514226467973
            ],
            [
              145.62369669500035,
              -17.13638172646797
            ],
            [
              145.62347169500038,
              -17.136275726467964
            ],
            [
              145.62315719500037,
              -17.13569822646802
            ],
            [
              145.62307569500027,
              -17.135573726468007
            ],
            [
              145.62278569500035,
              -17.135525226468012
            ],
            [
              145.62270719500034,
              -17.135416726468
            ],
            [
              145.62279519500038,
              -17.135153726468005
            ],
            [
              145.62267019500032,
              -17.13469322646804
            ],
            [
              145.6227341950003,
              -17.134557226468065
            ],
            [
              145.62291569500036,
              -17.134584226468046
            ],
            [
              145.62310919500035,
              -17.13444372646807
            ],
            [
              145.62314919500034,
              -17.134074726468047
            ],
            [
              145.62337119500037,
              -17.133974226468084
            ],
            [
              145.62372369500034,
              -17.134012226468098
            ],
            [
              145.6244771950003,
              -17.134036726468107
            ],
            [
              145.62461169500037,
              -17.13389722646813
            ],
            [
              145.62460819500035,
              -17.133629726468133
            ],
            [
              145.62477019500034,
              -17.1334892264681
            ],
            [
              145.62523519500033,
              -17.13298772746813
            ],
            [
              145.62518719500028,
              -17.13282772746814
            ],
            [
              145.62501119500027,
              -17.132670727468152
            ],
            [
              145.62494819500037,
              -17.132535226468164
            ],
            [
              145.62478369500025,
              -17.13255122646818
            ],
            [
              145.6244916950003,
              -17.132853726468138
            ],
            [
              145.62428719500033,
              -17.132873226468146
            ],
            [
              145.6241316950003,
              -17.132699226468134
            ],
            [
              145.6238606950003,
              -17.132931226468155
            ],
            [
              145.62335469500033,
              -17.132941726468122
            ],
            [
              145.62288819500031,
              -17.13312972646815
            ],
            [
              145.6227291950003,
              -17.133361226468132
            ],
            [
              145.6223856950003,
              -17.133423726468127
            ],
            [
              145.6217856950003,
              -17.13325772646811
            ],
            [
              145.6214191950003,
              -17.133591226468095
            ],
            [
              145.6211781950003,
              -17.133603226468125
            ],
            [
              145.62111019500023,
              -17.133400726468132
            ],
            [
              145.62130569500027,
              -17.13299622646816
            ],
            [
              145.62120219500022,
              -17.13278922646812
            ],
            [
              145.62126619500032,
              -17.132625226468132
            ],
            [
              145.6210841950003,
              -17.132343226468187
            ],
            [
              145.62072719500028,
              -17.13234672646817
            ],
            [
              145.62052769500028,
              -17.131968226468185
            ],
            [
              145.62014919500027,
              -17.132075226468196
            ],
            [
              145.6198956950003,
              -17.132125226468176
            ],
            [
              145.6196671950002,
              -17.131829226468206
            ]
          ],
          [
            [
              145.6274251880003,
              -17.22421972746575
            ],
            [
              145.62723068800028,
              -17.22407372746573
            ],
            [
              145.62699268800029,
              -17.22397072746571
            ],
            [
              145.62716568800036,
              -17.223879227465705
            ],
            [
              145.62749018800025,
              -17.224100727465707
            ],
            [
              145.6276846880003,
              -17.224144227465704
            ],
            [
              145.62790668800028,
              -17.22422522746572
            ],
            [
              145.62812268800027,
              -17.22410072846567
            ],
            [
              145.62822568800024,
              -17.224089728465685
            ],
            [
              145.6283336880003,
              -17.224257728465663
            ],
            [
              145.62853918800033,
              -17.22431722846568
            ],
            [
              145.62861518800023,
              -17.22426822846569
            ],
            [
              145.6287721880003,
              -17.224306228465696
            ],
            [
              145.62889618800034,
              -17.224436228465645
            ],
            [
              145.62908568800023,
              -17.22458772846567
            ],
            [
              145.62898268800024,
              -17.224738728465688
            ],
            [
              145.62899368800026,
              -17.224890228465704
            ],
            [
              145.62914518800028,
              -17.224944728465676
            ],
            [
              145.62927518800026,
              -17.22510672846567
            ],
            [
              145.62956718800024,
              -17.225225728465638
            ],
            [
              145.62943168800032,
              -17.225355728465665
            ],
            [
              145.62928018800028,
              -17.22544722846566
            ],
            [
              145.62917218800033,
              -17.225355728465672
            ],
            [
              145.62905868800033,
              -17.22520422846565
            ],
            [
              145.6289776880003,
              -17.22506872846565
            ],
            [
              145.62880968800025,
              -17.22499872846567
            ],
            [
              145.6286206880003,
              -17.225068728465665
            ],
            [
              145.62854468800026,
              -17.225301228465717
            ],
            [
              145.62835568800025,
              -17.2251502284657
            ],
            [
              145.62825818800022,
              -17.225155228465702
            ],
            [
              145.62799318800035,
              -17.225387728465744
            ],
            [
              145.62794468800027,
              -17.225387728465744
            ],
            [
              145.6279336880003,
              -17.225144727465743
            ],
            [
              145.62782568800023,
              -17.225009227465744
            ],
            [
              145.62789568800028,
              -17.224847227465688
            ],
            [
              145.62799868800028,
              -17.224695727465726
            ],
            [
              145.62798768800027,
              -17.224560227465727
            ],
            [
              145.6278901880002,
              -17.22436022746572
            ],
            [
              145.6277336880003,
              -17.2242792274657
            ],
            [
              145.62747918800028,
              -17.224295227465728
            ],
            [
              145.6274251880003,
              -17.22421972746575
            ]
          ],
          [
            [
              145.60878218600038,
              -17.27035522746448
            ],
            [
              145.6088641860004,
              -17.270274227464455
            ],
            [
              145.60894368600037,
              -17.27037222746445
            ],
            [
              145.60887518600038,
              -17.270427227464474
            ],
            [
              145.6087901860004,
              -17.27043222746446
            ],
            [
              145.60878218600038,
              -17.27035522746448
            ]
          ]
        ]
      },
      "properties": {
        "name": "Lake Tinaroo",
        "feature_type": "Reservoir",
        "constructed_date": -378691200000,
        "full_supply_level_m": null,
        "volume_ml": 438000,
        "id": "lake-tinaroo-reservoir",
        "label": "Lake Tinaroo reservoir outline",
        "source": "Queensland Government WaterCoursesAndBodies, Reservoir layer 28"
      }
    },
    {
      "type": "Feature",
      "geometry": {
        "type": "Polygon",
        "coordinates": [
          [
            [
              145.5462005004944,
              -17.166480499180132
            ],
            [
              145.5462035004907,
              -17.166428499180377
            ],
            [
              145.5463105003818,
              -17.164894999186043
            ],
            [
              145.54640450029382,
              -17.16364899919012
            ],
            [
              145.54647107523476,
              -17.16280937219266
            ],
            [
              145.5465230001887,
              -17.16215449919466
            ],
            [
              145.54652500018318,
              -17.162079999195168
            ],
            [
              145.54644350017688,
              -17.162065499200956
            ],
            [
              145.54638350021435,
              -17.162612499200446
            ],
            [
              145.54623350023456,
              -17.16300849920754
            ],
            [
              145.54616071625352,
              -17.163320910209915
            ],
            [
              145.54610721824966,
              -17.163316136213695
            ],
            [
              145.54606233829887,
              -17.16400676721092
            ],
            [
              145.5460536753394,
              -17.16455042820687
            ],
            [
              145.54606717535074,
              -17.164690428204725
            ],
            [
              145.54609647036327,
              -17.164830064201517
            ],
            [
              145.5460779923847,
              -17.16513017020022
            ],
            [
              145.54608699243457,
              -17.165783704193995
            ],
            [
              145.54606206345377,
              -17.16605979719339
            ],
            [
              145.54607799247663,
              -17.166349071189813
            ],
            [
              145.54614012148173,
              -17.166364252185335
            ],
            [
              145.5461410724903,
              -17.1664777791843
            ],
            [
              145.5462005004944,
              -17.166480499180132
            ]
          ]
        ]
      },
      "properties": {
        "name": "Tinaroo Falls Dam",
        "feature_type": "Dam Wall Major",
        "dam_type": "Dam",
        "dam_owner": "Sunwater",
        "ass_watercourse": "Barron River",
        "reportable_dam_id": 370,
        "full_supply_level": 670.42,
        "id": "tinaroo-falls-dam-wall",
        "label": "Tinaroo Falls Dam wall",
        "source": "Queensland Government PhysicalInfrastructure, Dam walls major layer 210"
      }
    }
  ]
}
